2025-01-27 18:30:58,549 - __main__ - INFO - Request came to fetch all districts from kerala, india.
2025-01-27 18:30:58,915 - __main__ - INFO - response: ['Alleppey District', 'Ernakulam', 'Idukki', 'Kannur district', 'Kasargod District', 'Kollam', 'Kottayam', 'Kozhikode', 'Malappuram', 'Palakkad', 'Pathanamthitta', 'Thiruvananthapuram', 'Thrissur', 'Wayanad']
2025-01-27 18:30:58,916 - __main__ - INFO - Response time for the request: 0.37 seconds
2025-01-27 18:30:58,916 - __main__ - INFO - ----------------------------------------------------------------------------------------------------
2025-01-27 18:54:00,261 - __main__ - INFO - Received request: {'latitude': '51.5074', 'longitude': '-0.1278', 'customerId': ''}
2025-01-27 18:54:00,499 - __main__ - INFO - response: (<Response 62 bytes [200 OK]>, 404)
2025-01-27 18:54:00,503 - __main__ - INFO - Response time for the request: 0.24 seconds
2025-01-27 18:54:00,504 - __main__ - INFO - ----------------------------------------------------------------------------------------------------
2025-01-27 18:55:34,671 - __main__ - INFO - Received request: {'latitude': '51.5074', 'longitude': '-0.1278', 'customerId': ''}
2025-01-27 18:55:34,857 - __main__ - INFO - response: (<Response 62 bytes [200 OK]>, 404)
2025-01-27 18:55:34,857 - __main__ - INFO - Response time for the request: 0.19 seconds
2025-01-27 18:55:34,857 - __main__ - INFO - ----------------------------------------------------------------------------------------------------
2025-01-27 18:56:40,934 - __main__ - INFO - Received request: {'latitude': '51.5074', 'longitude': '-0.1278', 'customerId': ''}
2025-01-27 18:56:41,179 - __main__ - INFO - response: <Response 218 bytes [200 OK]>
2025-01-27 18:56:41,180 - __main__ - INFO - Response time for the request: 0.25 seconds
2025-01-27 18:56:41,180 - __main__ - INFO - ----------------------------------------------------------------------------------------------------
2025-01-27 18:56:57,402 - __main__ - INFO - Received request: {'latitude': '51.5074', 'longitude': '-0.1278', 'customerId': ''}
2025-01-27 18:56:57,580 - __main__ - INFO - response: <Response 184 bytes [200 OK]>
2025-01-27 18:56:57,580 - __main__ - INFO - Response time for the request: 0.18 seconds
2025-01-27 18:56:57,581 - __main__ - INFO - ----------------------------------------------------------------------------------------------------
2025-01-27 19:03:24,089 - __main__ - INFO - Received request: {'latitude': '51.5074', 'longitude': '-0.1278', 'customerId': ''}
2025-01-27 19:03:24,342 - __main__ - INFO - response: <Response 171 bytes [200 OK]>
2025-01-27 19:03:24,342 - __main__ - INFO - Response time for the request: 0.25 seconds
2025-01-27 19:03:24,343 - __main__ - INFO - ----------------------------------------------------------------------------------------------------
2025-01-27 19:03:26,631 - __main__ - INFO - Received request: {'latitude': '51.5074', 'longitude': '-0.1278', 'customerId': ''}
2025-01-27 19:03:26,824 - __main__ - INFO - response: <Response 171 bytes [200 OK]>
2025-01-27 19:03:26,825 - __main__ - INFO - Response time for the request: 0.19 seconds
2025-01-27 19:03:26,825 - __main__ - INFO - ----------------------------------------------------------------------------------------------------
2025-01-27 19:03:43,811 - __main__ - INFO - Received request: {'latitude': '13.092958', 'longitude': '80.198554', 'customerId': ''}
2025-01-27 19:03:43,943 - __main__ - INFO - response: <Response 147 bytes [200 OK]>
2025-01-27 19:03:43,943 - __main__ - INFO - Response time for the request: 0.13 seconds
2025-01-27 19:03:43,943 - __main__ - INFO - ----------------------------------------------------------------------------------------------------
2025-01-27 19:04:46,681 - __main__ - INFO - Received request: {'latitude': '13.092958', 'longitude': '80.198554', 'customerId': ''}
2025-01-27 19:04:46,934 - __main__ - INFO - response: <Response 147 bytes [200 OK]>
2025-01-27 19:04:46,935 - __main__ - INFO - Response time for the request: 0.25 seconds
2025-01-27 19:04:46,935 - __main__ - INFO - ----------------------------------------------------------------------------------------------------
2025-01-27 19:08:23,798 - __main__ - INFO - Received request: {'latitude': '13.092958', 'longitude': '80.198554', 'customerId': ''}
2025-01-27 19:08:24,081 - __main__ - INFO - response: <Response 176 bytes [200 OK]>
2025-01-27 19:08:24,082 - __main__ - INFO - Response time for the request: 0.28 seconds
2025-01-27 19:08:24,082 - __main__ - INFO - ----------------------------------------------------------------------------------------------------
2025-01-27 19:10:15,947 - __main__ - INFO - Received request: {'latitude': '25.2744', 'longitude': '133.7751', 'customerId': ''}
2025-01-27 19:10:16,652 - __main__ - INFO - response: (<Response 62 bytes [200 OK]>, 404)
2025-01-27 19:10:16,660 - __main__ - INFO - Response time for the request: 0.71 seconds
2025-01-27 19:10:16,661 - __main__ - INFO - ----------------------------------------------------------------------------------------------------
2025-01-27 19:10:54,024 - __main__ - INFO - Received request: {'latitude': '13.092958', 'longitude': '80.198554', 'customerId': ''}
2025-01-27 19:10:54,184 - __main__ - INFO - response: <Response 176 bytes [200 OK]>
2025-01-27 19:10:54,185 - __main__ - INFO - Response time for the request: 0.16 seconds
2025-01-27 19:10:54,185 - __main__ - INFO - ----------------------------------------------------------------------------------------------------
2025-01-27 19:12:49,736 - __main__ - INFO - Received request: {'latitude': '11.2300', 'longitude': '78.879997', 'customerId': ''}
2025-01-27 19:12:50,012 - __main__ - INFO - response: <Response 181 bytes [200 OK]>
2025-01-27 19:12:50,013 - __main__ - INFO - Response time for the request: 0.28 seconds
2025-01-27 19:12:50,013 - __main__ - INFO - ----------------------------------------------------------------------------------------------------
2025-01-27 19:12:54,944 - __main__ - INFO - Received request: {'latitude': '11.2300', 'longitude': '78.879997', 'customerId': ''}
2025-01-27 19:12:55,089 - __main__ - INFO - response: <Response 181 bytes [200 OK]>
2025-01-27 19:12:55,090 - __main__ - INFO - Response time for the request: 0.15 seconds
2025-01-27 19:12:55,090 - __main__ - INFO - ----------------------------------------------------------------------------------------------------
2025-01-27 19:13:26,670 - __main__ - INFO - Received request: {'latitude': '11.398194', 'longitude': '79.695358', 'customerId': ''}
2025-01-27 19:13:26,806 - __main__ - INFO - response: <Response 180 bytes [200 OK]>
2025-01-27 19:13:26,806 - __main__ - INFO - Response time for the request: 0.14 seconds
2025-01-27 19:13:26,806 - __main__ - INFO - ----------------------------------------------------------------------------------------------------
2025-01-27 19:14:20,778 - __main__ - INFO - Received request: {'latitude': '11.13722', 'longitude': '79.07778', 'customerId': ''}
2025-01-27 19:14:21,033 - __main__ - INFO - response: <Response 186 bytes [200 OK]>
2025-01-27 19:14:21,034 - __main__ - INFO - Response time for the request: 0.26 seconds
2025-01-27 19:14:21,034 - __main__ - INFO - ----------------------------------------------------------------------------------------------------
2025-01-27 19:15:48,310 - __main__ - INFO - Received request: {'latitude': '13.092958', 'longitude': '80.198554', 'customerId': ''}
2025-01-27 19:15:48,439 - __main__ - INFO - response: <Response 176 bytes [200 OK]>
2025-01-27 19:15:48,439 - __main__ - INFO - Response time for the request: 0.13 seconds
2025-01-27 19:15:48,443 - __main__ - INFO - ----------------------------------------------------------------------------------------------------
2025-01-27 19:18:52,609 - __main__ - INFO - Received request: {'latitude': '11.2300', 'longitude': '133.7751', 'customerId': ''}
2025-01-27 19:18:52,848 - __main__ - INFO - response: (<Response 62 bytes [200 OK]>, 404)
2025-01-27 19:18:52,848 - __main__ - INFO - Response time for the request: 0.24 seconds
2025-01-27 19:18:52,849 - __main__ - INFO - ----------------------------------------------------------------------------------------------------
2025-01-27 19:18:56,044 - __main__ - INFO - Received request: {'latitude': '11.2300', 'longitude': '78.879997', 'customerId': ''}
2025-01-27 19:18:56,189 - __main__ - INFO - response: <Response 181 bytes [200 OK]>
2025-01-27 19:18:56,189 - __main__ - INFO - Response time for the request: 0.15 seconds
2025-01-27 19:18:56,190 - __main__ - INFO - ----------------------------------------------------------------------------------------------------
2025-01-27 19:19:00,007 - __main__ - INFO - Received request: {'latitude': '11.398194', 'longitude': '79.695358', 'customerId': ''}
2025-01-27 19:19:00,172 - __main__ - INFO - response: <Response 180 bytes [200 OK]>
2025-01-27 19:19:00,172 - __main__ - INFO - Response time for the request: 0.17 seconds
2025-01-27 19:19:00,173 - __main__ - INFO - ----------------------------------------------------------------------------------------------------
2025-01-27 19:19:43,498 - __main__ - INFO - Received request: {'latitude': '11.2300', 'longitude': '78.879997', 'customerId': ''}
2025-01-27 19:19:43,643 - __main__ - INFO - response: <Response 181 bytes [200 OK]>
2025-01-27 19:19:43,643 - __main__ - INFO - Response time for the request: 0.15 seconds
2025-01-27 19:19:43,643 - __main__ - INFO - ----------------------------------------------------------------------------------------------------
2025-01-28 10:48:12,979 - __main__ - INFO - Request came to fetch all countries.
2025-01-28 10:48:13,132 - __main__ - INFO - response: ['Andorra', 'United Arab Emirates', 'Afghanistan', 'Antigua and Barbuda', 'Anguilla', 'Albania', 'Armenia', 'Angola', 'Antarctica', 'Argentina', 'American Samoa', 'Austria', 'Australia', 'Aruba', 'Åland', 'Azerbaijan', 'Bosnia and Herzegovina', 'Barbados', 'Bangladesh', 'Belgium', 'Burkina Faso', 'Bulgaria', 'Bahrain', 'Burundi', 'Benin', 'Saint Barthélemy', 'Bermuda', 'Brunei', 'Bolivia', 'Bonaire, Sint Eustatius, and Saba', 'Brazil', 'Bahamas', 'Bhutan', 'Bouvet Island', 'Botswana', 'Belarus', 'Belize', 'Canada', 'Cocos (Keeling) Islands', 'DR Congo', 'Central African Republic', 'Congo Republic', 'Switzerland', 'Ivory Coast', 'Cook Islands', 'Chile', 'Cameroon', 'China', 'Colombia', 'Costa Rica', 'Cuba', 'Cabo Verde', 'Curaçao', 'Christmas Island', 'Cyprus', 'Czechia', 'Germany', 'Djibouti', 'Denmark', 'Dominica', 'Dominican Republic', 'Algeria', 'Ecuador', 'Estonia', 'Egypt', 'Western Sahara', 'Eritrea', 'Spain', 'Ethiopia', 'Finland', 'Fiji', 'Falkland Islands', 'Micronesia', 'Faroe Islands', 'France', 'Gabon', 'United Kingdom', 'Grenada', 'Georgia', 'French Guiana', 'Guernsey', 'Ghana', 'Gibraltar', 'Greenland', 'The Gambia', 'Guinea', 'Guadeloupe', 'Equatorial Guinea', 'Greece', 'South Georgia and South Sandwich Islands', 'Guatemala', 'Guam', 'Guinea-Bissau', 'Guyana', 'Hong Kong', 'Heard and McDonald Islands', 'Honduras', 'Croatia', 'Haiti', 'Hungary', 'Indonesia', 'Ireland', 'Israel', 'Isle of Man', 'India', 'British Indian Ocean Territory', 'Iraq', 'Iran', 'Iceland', 'Italy', 'Jersey', 'Jamaica', 'Jordan', 'Japan', 'Kenya', 'Kyrgyzstan', 'Cambodia', 'Kiribati', 'Comoros', 'St Kitts and Nevis', 'North Korea', 'South Korea', 'Kuwait', 'Cayman Islands', 'Kazakhstan', 'Laos', 'Lebanon', 'Saint Lucia', 'Liechtenstein', 'Sri Lanka', 'Liberia', 'Lesotho', 'Lithuania', 'Luxembourg', 'Latvia', 'Libya', 'Morocco', 'Monaco', 'Moldova', 'Montenegro', 'Saint Martin', 'Madagascar', 'Marshall Islands', 'North Macedonia', 'Mali', 'Myanmar', 'Mongolia', 'Macao', 'Northern Mariana Islands', 'Martinique', 'Mauritania', 'Montserrat', 'Malta', 'Mauritius', 'Maldives', 'Malawi', 'Mexico', 'Malaysia', 'Mozambique', 'Namibia', 'New Caledonia', 'Niger', 'Norfolk Island', 'Nigeria', 'Nicaragua', 'The Netherlands', 'Norway', 'Nepal', 'Nauru', 'Niue', 'New Zealand', 'Oman', 'Panama', 'Peru', 'French Polynesia', 'Papua New Guinea', 'Philippines', 'Pakistan', 'Poland', 'Saint Pierre and Miquelon', 'Pitcairn Islands', 'Puerto Rico', 'Palestine', 'Portugal', 'Palau', 'Paraguay', 'Qatar', 'Réunion', 'Romania', 'Serbia', 'Russia', 'Rwanda', 'Saudi Arabia', 'Solomon Islands', 'Seychelles', 'Sudan', 'Sweden', 'Singapore', 'Saint Helena', 'Slovenia', 'Svalbard and Jan Mayen', 'Slovakia', 'Sierra Leone', 'San Marino', 'Senegal', 'Somalia', 'Suriname', 'South Sudan', 'São Tomé and Príncipe', 'El Salvador', 'Sint Maarten', 'Syria', 'Eswatini', 'Turks and Caicos Islands', 'Chad', 'French Southern Territories', 'Togo', 'Thailand', 'Tajikistan', 'Tokelau', 'Timor-Leste', 'Turkmenistan', 'Tunisia', 'Tonga', 'Türkiye', 'Trinidad and Tobago', 'Tuvalu', 'Taiwan', 'Tanzania', 'Ukraine', 'Uganda', 'U.S. Outlying Islands', 'United States', 'Uruguay', 'Uzbekistan', 'Vatican City', 'St Vincent and Grenadines', 'Venezuela', 'British Virgin Islands', 'U.S. Virgin Islands', 'Vietnam', 'Vanuatu', 'Wallis and Futuna', 'Samoa', 'Kosovo', 'Yemen', 'Mayotte', 'South Africa', 'Zambia', 'Zimbabwe']
2025-01-28 10:48:13,136 - __main__ - INFO - Response time for the request: 0.16 seconds
2025-01-28 10:48:13,137 - __main__ - INFO - ----------------------------------------------------------------------------------------------------
2025-01-28 10:48:19,369 - __main__ - INFO - Request came to fetch all states from India.
2025-01-28 10:48:19,564 - __main__ - INFO - response: ['Andaman and Nicobar', 'Andhra Pradesh', 'Arunachal Pradesh', 'Assam', 'Bihar', 'Chandigarh', 'Chhattisgarh', 'Dadra and Nagar Haveli and Daman and Diu', 'Delhi', 'Goa', 'Gujarat', 'Haryana', 'Himachal Pradesh', 'Jammu and Kashmir', 'Jharkhand', 'Karnataka', 'Kerala', 'Ladakh', 'Lakshadweep', 'Madhya Pradesh', 'Maharashtra', 'Manipur', 'Meghalaya', 'Mizoram', 'Nagaland', 'Odisha', 'Puducherry', 'Punjab', 'Rajasthan', 'Sikkim', 'Tamil Nadu', 'Telangana', 'Tripura', 'Uttar Pradesh', 'Uttarakhand', 'West Bengal']
2025-01-28 10:48:19,565 - __main__ - INFO - Response time for the request: 0.20 seconds
2025-01-28 10:48:19,566 - __main__ - INFO - ----------------------------------------------------------------------------------------------------
2025-01-28 10:48:25,673 - __main__ - INFO - Request came to fetch all districts from kerala, india.
2025-01-28 10:48:26,015 - __main__ - INFO - response: ['Alleppey District', 'Ernakulam', 'Idukki', 'Kannur district', 'Kasargod District', 'Kollam', 'Kottayam', 'Kozhikode', 'Malappuram', 'Palakkad', 'Pathanamthitta', 'Thiruvananthapuram', 'Thrissur', 'Wayanad']
2025-01-28 10:48:26,016 - __main__ - INFO - Response time for the request: 0.34 seconds
2025-01-28 10:48:26,017 - __main__ - INFO - ----------------------------------------------------------------------------------------------------
2025-01-28 10:48:36,042 - __main__ - INFO - Received request: {'latitude': '11.2300', 'longitude': '78.879997', 'customerId': ''}
2025-01-28 10:48:36,189 - __main__ - INFO - response: <Response 181 bytes [200 OK]>
2025-01-28 10:48:36,190 - __main__ - INFO - Response time for the request: 0.15 seconds
2025-01-28 10:48:36,190 - __main__ - INFO - ----------------------------------------------------------------------------------------------------
2025-01-28 11:04:03,218 - __main__ - INFO - Request came to fetch all states from United Kingdom.
2025-01-28 11:04:03,349 - __main__ - INFO - response: ['England', 'Northern Ireland', 'Scotland', 'Wales']
2025-01-28 11:04:03,349 - __main__ - INFO - Response time for the request: 0.13 seconds
2025-01-28 11:04:03,350 - __main__ - INFO - ----------------------------------------------------------------------------------------------------
2025-01-28 11:04:29,809 - __main__ - INFO - Request came to fetch all districts from England, United Kingdom.
2025-01-28 11:04:30,024 - __main__ - INFO - response: ['Barnsley', 'Bath and North East Somerset', 'Bedford', 'Birmingham', 'Blackburn with Darwen', 'Blackpool', 'Bolton', 'Borough of Bury', 'Bournemouth, Christchurch and Poole Council', 'Bracknell Forest', 'Bradford', 'Brighton and Hove', 'Bristol', 'Buckinghamshire', 'Calderdale', 'Cambridgeshire', 'Central Bedfordshire', 'Cheshire', 'Cheshire East', 'Cornwall', 'Coventry', 'Cumbria', 'Darlington', 'Derby', 'Derbyshire', 'Devon', 'Doncaster', 'Dorset', 'Dudley', 'Durham', 'East Sussex', 'East Yorkshire', 'Essex', 'Gateshead', 'Gloucestershire', 'Greater London', 'Halton', 'Hampshire', 'Hartlepool', 'Herefordshire', 'Hertfordshire', 'Isle of Wight', 'Isles of Scilly', 'Kent', 'Kingston upon Hull', 'Kirklees', 'Knowsley', 'Lancashire', 'Leeds', 'Leicester', 'Leicestershire', 'Lincolnshire', 'Liverpool', 'Luton', 'Manchester', 'Medway', 'Middlesbrough', 'Milton Keynes', 'Newcastle upon Tyne', 'Norfolk', 'North East Lincolnshire', 'North Lincolnshire', 'North Somerset', 'North Tyneside', 'North Yorkshire', 'Northamptonshire', 'Northumberland', 'Nottingham', 'Nottinghamshire', 'Oldham', 'Oxfordshire', 'Peterborough', 'Plymouth', 'Portsmouth', 'Reading', 'Redcar and Cleveland', 'Rochdale', 'Rotherham', 'Rutland', 'Salford', 'Sandwell', 'Sefton', 'Sheffield', 'Shropshire', 'Slough', 'Solihull', 'Somerset', 'South Gloucestershire', 'South Tyneside', 'Southampton', 'Southend-on-Sea', 'St. Helens', 'Staffordshire', 'Stockport', 'Stockton-on-Tees', 'Stoke-on-Trent', 'Suffolk', 'Sunderland', 'Surrey', 'Swindon', 'Tameside', 'Telford and Wrekin', 'Thurrock', 'Torbay', 'Trafford', 'Wakefield', 'Walsall', 'Warrington', 'Warwickshire', 'West Berkshire', 'West Sussex', 'Wigan', 'Wiltshire', 'Windsor and Maidenhead', 'Wirral', 'Wokingham', 'Wolverhampton', 'Worcestershire', 'York']
2025-01-28 11:04:30,027 - __main__ - INFO - Response time for the request: 0.22 seconds
2025-01-28 11:04:30,027 - __main__ - INFO - ----------------------------------------------------------------------------------------------------
2025-01-28 17:11:29,140 - __main__ - INFO - Request came to fetch all countries.
2025-01-28 17:11:31,228 - __main__ - INFO - response: ['Andorra', 'United Arab Emirates', 'Afghanistan', 'Antigua and Barbuda', 'Anguilla', 'Albania', 'Armenia', 'Angola', 'Antarctica', 'Argentina', 'American Samoa', 'Austria', 'Australia', 'Aruba', 'Åland', 'Azerbaijan', 'Bosnia and Herzegovina', 'Barbados', 'Bangladesh', 'Belgium', 'Burkina Faso', 'Bulgaria', 'Bahrain', 'Burundi', 'Benin', 'Saint Barthélemy', 'Bermuda', 'Brunei', 'Bolivia', 'Bonaire, Sint Eustatius, and Saba', 'Brazil', 'Bahamas', 'Bhutan', 'Bouvet Island', 'Botswana', 'Belarus', 'Belize', 'Canada', 'Cocos (Keeling) Islands', 'DR Congo', 'Central African Republic', 'Congo Republic', 'Switzerland', 'Ivory Coast', 'Cook Islands', 'Chile', 'Cameroon', 'China', 'Colombia', 'Costa Rica', 'Cuba', 'Cabo Verde', 'Curaçao', 'Christmas Island', 'Cyprus', 'Czechia', 'Germany', 'Djibouti', 'Denmark', 'Dominica', 'Dominican Republic', 'Algeria', 'Ecuador', 'Estonia', 'Egypt', 'Western Sahara', 'Eritrea', 'Spain', 'Ethiopia', 'Finland', 'Fiji', 'Falkland Islands', 'Micronesia', 'Faroe Islands', 'France', 'Gabon', 'United Kingdom', 'Grenada', 'Georgia', 'French Guiana', 'Guernsey', 'Ghana', 'Gibraltar', 'Greenland', 'The Gambia', 'Guinea', 'Guadeloupe', 'Equatorial Guinea', 'Greece', 'South Georgia and South Sandwich Islands', 'Guatemala', 'Guam', 'Guinea-Bissau', 'Guyana', 'Hong Kong', 'Heard and McDonald Islands', 'Honduras', 'Croatia', 'Haiti', 'Hungary', 'Indonesia', 'Ireland', 'Israel', 'Isle of Man', 'India', 'British Indian Ocean Territory', 'Iraq', 'Iran', 'Iceland', 'Italy', 'Jersey', 'Jamaica', 'Jordan', 'Japan', 'Kenya', 'Kyrgyzstan', 'Cambodia', 'Kiribati', 'Comoros', 'St Kitts and Nevis', 'North Korea', 'South Korea', 'Kuwait', 'Cayman Islands', 'Kazakhstan', 'Laos', 'Lebanon', 'Saint Lucia', 'Liechtenstein', 'Sri Lanka', 'Liberia', 'Lesotho', 'Lithuania', 'Luxembourg', 'Latvia', 'Libya', 'Morocco', 'Monaco', 'Moldova', 'Montenegro', 'Saint Martin', 'Madagascar', 'Marshall Islands', 'North Macedonia', 'Mali', 'Myanmar', 'Mongolia', 'Macao', 'Northern Mariana Islands', 'Martinique', 'Mauritania', 'Montserrat', 'Malta', 'Mauritius', 'Maldives', 'Malawi', 'Mexico', 'Malaysia', 'Mozambique', 'Namibia', 'New Caledonia', 'Niger', 'Norfolk Island', 'Nigeria', 'Nicaragua', 'The Netherlands', 'Norway', 'Nepal', 'Nauru', 'Niue', 'New Zealand', 'Oman', 'Panama', 'Peru', 'French Polynesia', 'Papua New Guinea', 'Philippines', 'Pakistan', 'Poland', 'Saint Pierre and Miquelon', 'Pitcairn Islands', 'Puerto Rico', 'Palestine', 'Portugal', 'Palau', 'Paraguay', 'Qatar', 'Réunion', 'Romania', 'Serbia', 'Russia', 'Rwanda', 'Saudi Arabia', 'Solomon Islands', 'Seychelles', 'Sudan', 'Sweden', 'Singapore', 'Saint Helena', 'Slovenia', 'Svalbard and Jan Mayen', 'Slovakia', 'Sierra Leone', 'San Marino', 'Senegal', 'Somalia', 'Suriname', 'South Sudan', 'São Tomé and Príncipe', 'El Salvador', 'Sint Maarten', 'Syria', 'Eswatini', 'Turks and Caicos Islands', 'Chad', 'French Southern Territories', 'Togo', 'Thailand', 'Tajikistan', 'Tokelau', 'Timor-Leste', 'Turkmenistan', 'Tunisia', 'Tonga', 'Türkiye', 'Trinidad and Tobago', 'Tuvalu', 'Taiwan', 'Tanzania', 'Ukraine', 'Uganda', 'U.S. Outlying Islands', 'United States', 'Uruguay', 'Uzbekistan', 'Vatican City', 'St Vincent and Grenadines', 'Venezuela', 'British Virgin Islands', 'U.S. Virgin Islands', 'Vietnam', 'Vanuatu', 'Wallis and Futuna', 'Samoa', 'Kosovo', 'Yemen', 'Mayotte', 'South Africa', 'Zambia', 'Zimbabwe']
2025-01-28 17:11:31,246 - __main__ - INFO - Response time for the request: 2.11 seconds
2025-01-28 17:11:31,247 - __main__ - INFO - ----------------------------------------------------------------------------------------------------
2025-01-28 17:11:52,989 - __main__ - INFO - Received request: {'latitude': '11.2300', 'longitude': '78.879997'}
2025-01-28 17:11:55,239 - __main__ - INFO - response: <Response 181 bytes [200 OK]>
2025-01-28 17:11:55,592 - __main__ - INFO - Response time for the request: 2.67 seconds
2025-01-28 17:11:55,611 - __main__ - INFO - ----------------------------------------------------------------------------------------------------
2025-01-28 17:51:43,864 - __main__ - INFO - Request came to fetch all districts from Northern Ireland, United Kingdom.
2025-01-28 17:51:47,108 - __main__ - INFO - response: ['Antrim and Newtownabbey', 'Ards and North Down', 'Armagh City Banbridge and Craigavon', 'Belfast', 'Causeway Coast and Glens', 'Derry City and Strabane', 'Fermanagh and Omagh', 'Lisburn and Castlereagh', 'Mid Ulster', 'Mid and East Antrim', 'Newry Mourne and Down']
2025-01-28 17:51:47,119 - __main__ - INFO - Response time for the request: 3.27 seconds
2025-01-28 17:51:47,120 - __main__ - INFO - ----------------------------------------------------------------------------------------------------
2025-01-28 17:58:20,344 - __main__ - INFO - Received request: {'latitude': '11.2300', 'longitude': '78.879997'}
2025-01-28 17:58:22,879 - __main__ - INFO - response: <Response 194 bytes [200 OK]>
2025-01-28 17:58:22,880 - __main__ - INFO - Response time for the request: 2.54 seconds
2025-01-28 17:58:22,880 - __main__ - INFO - ----------------------------------------------------------------------------------------------------
2025-01-28 18:00:36,643 - __main__ - INFO - Received request: {'latitude': '11.2300', 'longitude': '78.879997'}
2025-01-28 18:00:39,219 - __main__ - INFO - response: <Response 218 bytes [200 OK]>
2025-01-28 18:00:39,220 - __main__ - INFO - Response time for the request: 2.58 seconds
2025-01-28 18:00:39,252 - __main__ - INFO - ----------------------------------------------------------------------------------------------------
2025-01-28 18:02:54,505 - __main__ - INFO - Received request: {'latitude': '11.398194', 'longitude': '79.695358'}
2025-01-28 18:02:57,199 - __main__ - INFO - response: <Response 220 bytes [200 OK]>
2025-01-28 18:02:57,200 - __main__ - INFO - Response time for the request: 2.69 seconds
2025-01-28 18:02:57,201 - __main__ - INFO - ----------------------------------------------------------------------------------------------------
2025-01-28 18:05:36,580 - __main__ - INFO - Received request: {'latitude': '11.398194', 'longitude': '79.695358'}
2025-01-28 18:05:37,019 - __main__ - INFO - response: (<Response 192 bytes [200 OK]>, 500)
2025-01-28 18:05:37,020 - __main__ - INFO - Response time for the request: 0.44 seconds
2025-01-28 18:05:37,020 - __main__ - INFO - ----------------------------------------------------------------------------------------------------
2025-01-28 18:12:23,800 - __main__ - INFO - Received request: {'latitude': '11.398194', 'longitude': '79.695358'}
2025-01-28 18:12:26,372 - __main__ - INFO - response: <Response 220 bytes [200 OK]>
2025-01-28 18:12:26,435 - __main__ - INFO - Response time for the request: 2.64 seconds
2025-01-28 18:12:26,436 - __main__ - INFO - ----------------------------------------------------------------------------------------------------
2025-01-28 18:15:45,318 - __main__ - INFO - Received request: {'latitude': '11.398194', 'longitude': '79.695358'}
2025-01-28 18:15:45,590 - __main__ - INFO - response: (<Response 42 bytes [200 OK]>, 500)
2025-01-28 18:15:45,591 - __main__ - INFO - Response time for the request: 0.27 seconds
2025-01-28 18:15:45,591 - __main__ - INFO - ----------------------------------------------------------------------------------------------------
2025-01-28 18:16:42,124 - __main__ - INFO - Received request: {'latitude': '11.398194', 'longitude': '79.695358'}
2025-01-28 18:16:42,931 - __main__ - INFO - response: <Response 211 bytes [200 OK]>
2025-01-28 18:16:42,931 - __main__ - INFO - Response time for the request: 0.81 seconds
2025-01-28 18:16:42,932 - __main__ - INFO - ----------------------------------------------------------------------------------------------------
2025-01-28 18:23:54,905 - __main__ - INFO - Received request: {'latitude': '11.398194', 'longitude': '79.695358'}
2025-01-28 18:23:55,551 - __main__ - INFO - response: <Response 212 bytes [200 OK]>
2025-01-28 18:23:55,551 - __main__ - INFO - Response time for the request: 0.65 seconds
2025-01-28 18:23:55,552 - __main__ - INFO - ----------------------------------------------------------------------------------------------------
2025-01-28 19:20:19,233 - __main__ - INFO - Received request: {'latitude': '11.398194', 'longitude': '79.695358'}
2025-01-28 19:20:28,277 - __main__ - INFO - response: <Response 212 bytes [200 OK]>
2025-01-28 19:20:28,277 - __main__ - INFO - Response time for the request: 9.04 seconds
2025-01-28 19:20:28,278 - __main__ - INFO - ----------------------------------------------------------------------------------------------------
2025-01-28 19:29:45,299 - __main__ - INFO - Received request: {'latitude': '11.398194', 'longitude': '79.695358'}
2025-01-28 19:29:45,763 - __main__ - INFO - response: <Response 212 bytes [200 OK]>
2025-01-28 19:29:45,764 - __main__ - INFO - Response time for the request: 0.46 seconds
2025-01-28 19:29:45,764 - __main__ - INFO - ----------------------------------------------------------------------------------------------------
2025-01-28 19:30:17,448 - __main__ - INFO - Received request: {'latitude': '11.398194', 'longitude': '79.695358'}
2025-01-28 19:30:17,912 - __main__ - INFO - response: <Response 212 bytes [200 OK]>
2025-01-28 19:30:17,913 - __main__ - INFO - Response time for the request: 0.46 seconds
2025-01-28 19:30:17,913 - __main__ - INFO - ----------------------------------------------------------------------------------------------------
2025-01-30 10:54:51,340 - __main__ - INFO - Received request: {'latitude': '11.398194', 'longitude': '79.695358'}
2025-01-30 10:54:52,028 - __main__ - INFO - response: <Response 212 bytes [200 OK]>
2025-01-30 10:54:52,029 - __main__ - INFO - Response time for the request: 0.69 seconds
2025-01-30 10:54:52,029 - __main__ - INFO - ----------------------------------------------------------------------------------------------------
2025-01-30 10:55:46,515 - __main__ - INFO - Received request: {'latitude': '11.4070', 'longitude': '79.6912'}
2025-01-30 10:55:47,061 - __main__ - INFO - response: <Response 212 bytes [200 OK]>
2025-01-30 10:55:47,061 - __main__ - INFO - Response time for the request: 0.55 seconds
2025-01-30 10:55:47,062 - __main__ - INFO - ----------------------------------------------------------------------------------------------------
2025-01-30 11:01:13,039 - __main__ - INFO - Received request: {'latitude': '11.243230', 'longitude': '79.088309'}
2025-01-30 11:01:13,564 - __main__ - INFO - response: <Response 210 bytes [200 OK]>
2025-01-30 11:01:13,565 - __main__ - INFO - Response time for the request: 0.53 seconds
2025-01-30 11:01:13,565 - __main__ - INFO - ----------------------------------------------------------------------------------------------------
2025-01-30 11:04:44,675 - __main__ - INFO - Received request: {'latitude': '11.2391320', 'longitude': '79.0872150'}
2025-01-30 11:04:45,169 - __main__ - INFO - response: <Response 210 bytes [200 OK]>
2025-01-30 11:04:45,169 - __main__ - INFO - Response time for the request: 0.49 seconds
2025-01-30 11:04:45,170 - __main__ - INFO - ----------------------------------------------------------------------------------------------------
2025-01-30 12:10:18,198 - __main__ - INFO - Received request: {'latitude': 13.093847, 'longitude': 80.198624}
2025-01-30 12:10:21,018 - __main__ - INFO - response: <Response 213 bytes [200 OK]>
2025-01-30 12:10:21,018 - __main__ - INFO - Response time for the request: 2.82 seconds
2025-01-30 12:10:21,019 - __main__ - INFO - ----------------------------------------------------------------------------------------------------
2025-01-30 12:14:24,168 - __main__ - INFO - Request came to fetch all countries.
2025-01-30 12:14:24,260 - __main__ - INFO - response: ['Andorra', 'United Arab Emirates', 'Afghanistan', 'Antigua and Barbuda', 'Anguilla', 'Albania', 'Armenia', 'Angola', 'Antarctica', 'Argentina', 'American Samoa', 'Austria', 'Australia', 'Aruba', 'Åland', 'Azerbaijan', 'Bosnia and Herzegovina', 'Barbados', 'Bangladesh', 'Belgium', 'Burkina Faso', 'Bulgaria', 'Bahrain', 'Burundi', 'Benin', 'Saint Barthélemy', 'Bermuda', 'Brunei', 'Bolivia', 'Bonaire, Sint Eustatius, and Saba', 'Brazil', 'Bahamas', 'Bhutan', 'Bouvet Island', 'Botswana', 'Belarus', 'Belize', 'Canada', 'Cocos (Keeling) Islands', 'DR Congo', 'Central African Republic', 'Congo Republic', 'Switzerland', 'Ivory Coast', 'Cook Islands', 'Chile', 'Cameroon', 'China', 'Colombia', 'Costa Rica', 'Cuba', 'Cabo Verde', 'Curaçao', 'Christmas Island', 'Cyprus', 'Czechia', 'Germany', 'Djibouti', 'Denmark', 'Dominica', 'Dominican Republic', 'Algeria', 'Ecuador', 'Estonia', 'Egypt', 'Western Sahara', 'Eritrea', 'Spain', 'Ethiopia', 'Finland', 'Fiji', 'Falkland Islands', 'Micronesia', 'Faroe Islands', 'France', 'Gabon', 'United Kingdom', 'Grenada', 'Georgia', 'French Guiana', 'Guernsey', 'Ghana', 'Gibraltar', 'Greenland', 'The Gambia', 'Guinea', 'Guadeloupe', 'Equatorial Guinea', 'Greece', 'South Georgia and South Sandwich Islands', 'Guatemala', 'Guam', 'Guinea-Bissau', 'Guyana', 'Hong Kong', 'Heard and McDonald Islands', 'Honduras', 'Croatia', 'Haiti', 'Hungary', 'Indonesia', 'Ireland', 'Israel', 'Isle of Man', 'India', 'British Indian Ocean Territory', 'Iraq', 'Iran', 'Iceland', 'Italy', 'Jersey', 'Jamaica', 'Jordan', 'Japan', 'Kenya', 'Kyrgyzstan', 'Cambodia', 'Kiribati', 'Comoros', 'St Kitts and Nevis', 'North Korea', 'South Korea', 'Kuwait', 'Cayman Islands', 'Kazakhstan', 'Laos', 'Lebanon', 'Saint Lucia', 'Liechtenstein', 'Sri Lanka', 'Liberia', 'Lesotho', 'Lithuania', 'Luxembourg', 'Latvia', 'Libya', 'Morocco', 'Monaco', 'Moldova', 'Montenegro', 'Saint Martin', 'Madagascar', 'Marshall Islands', 'North Macedonia', 'Mali', 'Myanmar', 'Mongolia', 'Macao', 'Northern Mariana Islands', 'Martinique', 'Mauritania', 'Montserrat', 'Malta', 'Mauritius', 'Maldives', 'Malawi', 'Mexico', 'Malaysia', 'Mozambique', 'Namibia', 'New Caledonia', 'Niger', 'Norfolk Island', 'Nigeria', 'Nicaragua', 'The Netherlands', 'Norway', 'Nepal', 'Nauru', 'Niue', 'New Zealand', 'Oman', 'Panama', 'Peru', 'French Polynesia', 'Papua New Guinea', 'Philippines', 'Pakistan', 'Poland', 'Saint Pierre and Miquelon', 'Pitcairn Islands', 'Puerto Rico', 'Palestine', 'Portugal', 'Palau', 'Paraguay', 'Qatar', 'Réunion', 'Romania', 'Serbia', 'Russia', 'Rwanda', 'Saudi Arabia', 'Solomon Islands', 'Seychelles', 'Sudan', 'Sweden', 'Singapore', 'Saint Helena', 'Slovenia', 'Svalbard and Jan Mayen', 'Slovakia', 'Sierra Leone', 'San Marino', 'Senegal', 'Somalia', 'Suriname', 'South Sudan', 'São Tomé and Príncipe', 'El Salvador', 'Sint Maarten', 'Syria', 'Eswatini', 'Turks and Caicos Islands', 'Chad', 'French Southern Territories', 'Togo', 'Thailand', 'Tajikistan', 'Tokelau', 'Timor-Leste', 'Turkmenistan', 'Tunisia', 'Tonga', 'Türkiye', 'Trinidad and Tobago', 'Tuvalu', 'Taiwan', 'Tanzania', 'Ukraine', 'Uganda', 'U.S. Outlying Islands', 'United States', 'Uruguay', 'Uzbekistan', 'Vatican City', 'St Vincent and Grenadines', 'Venezuela', 'British Virgin Islands', 'U.S. Virgin Islands', 'Vietnam', 'Vanuatu', 'Wallis and Futuna', 'Samoa', 'Kosovo', 'Yemen', 'Mayotte', 'South Africa', 'Zambia', 'Zimbabwe']
2025-01-30 12:14:24,267 - __main__ - INFO - Response time for the request: 0.10 seconds
2025-01-30 12:14:24,267 - __main__ - INFO - ----------------------------------------------------------------------------------------------------
2025-01-30 12:18:35,481 - __main__ - INFO - Received request: {'latitude': 13.092958, 'longitude': 80.198554}
2025-01-30 12:18:39,508 - __main__ - INFO - response: <Response 213 bytes [200 OK]>
2025-01-30 12:18:39,508 - __main__ - INFO - Response time for the request: 4.03 seconds
2025-01-30 12:18:39,508 - __main__ - INFO - ----------------------------------------------------------------------------------------------------
2025-01-30 12:23:17,605 - __main__ - INFO - Received request: {'latitude': 13.092958, 'longitude': 80.198554}
2025-01-30 12:23:20,599 - __main__ - INFO - response: <Response 213 bytes [200 OK]>
2025-01-30 12:23:20,600 - __main__ - INFO - Response time for the request: 3.00 seconds
2025-01-30 12:23:20,600 - __main__ - INFO - ----------------------------------------------------------------------------------------------------
2025-01-30 12:23:49,284 - __main__ - INFO - Received request: {'latitude': 13.092958, 'longitude': 80.198554}
2025-01-30 12:23:49,295 - __main__ - INFO - Received request: {'latitude': 13.092958, 'longitude': 80.198554}
2025-01-30 12:23:49,334 - __main__ - INFO - Received request: {'latitude': 13.092958, 'longitude': 80.198554}
2025-01-30 12:23:49,382 - __main__ - INFO - Received request: {'latitude': 13.092958, 'longitude': 80.198554}
2025-01-30 12:23:53,223 - __main__ - INFO - response: <Response 213 bytes [200 OK]>
2025-01-30 12:23:53,227 - __main__ - INFO - response: <Response 213 bytes [200 OK]>
2025-01-30 12:23:53,229 - __main__ - INFO - Response time for the request: 3.94 seconds
2025-01-30 12:23:53,228 - __main__ - INFO - Response time for the request: 3.89 seconds
2025-01-30 12:23:53,229 - __main__ - INFO - ----------------------------------------------------------------------------------------------------
2025-01-30 12:23:53,230 - __main__ - INFO - ----------------------------------------------------------------------------------------------------
2025-01-30 12:23:53,441 - __main__ - INFO - response: <Response 213 bytes [200 OK]>
2025-01-30 12:23:53,442 - __main__ - INFO - Response time for the request: 4.15 seconds
2025-01-30 12:23:53,442 - __main__ - INFO - ----------------------------------------------------------------------------------------------------
2025-01-30 12:23:53,777 - __main__ - INFO - response: <Response 213 bytes [200 OK]>
2025-01-30 12:23:53,778 - __main__ - INFO - Response time for the request: 4.40 seconds
2025-01-30 12:23:53,778 - __main__ - INFO - ----------------------------------------------------------------------------------------------------
2025-01-30 12:23:57,775 - __main__ - INFO - Received request: {'latitude': 13.092958, 'longitude': 80.198554}
2025-01-30 12:23:59,064 - __main__ - INFO - response: <Response 213 bytes [200 OK]>
2025-01-30 12:23:59,065 - __main__ - INFO - Response time for the request: 1.29 seconds
2025-01-30 12:23:59,065 - __main__ - INFO - ----------------------------------------------------------------------------------------------------
2025-01-30 12:24:13,988 - __main__ - INFO - Received request: {'latitude': 13.092958, 'longitude': 80.198554}
2025-01-30 12:24:15,904 - __main__ - INFO - response: <Response 213 bytes [200 OK]>
2025-01-30 12:24:15,907 - __main__ - INFO - Response time for the request: 1.92 seconds
2025-01-30 12:24:15,909 - __main__ - INFO - ----------------------------------------------------------------------------------------------------
2025-01-30 12:24:20,392 - __main__ - INFO - Received request: {'latitude': 13.092958, 'longitude': 80.198554}
2025-01-30 12:24:23,614 - __main__ - INFO - response: <Response 213 bytes [200 OK]>
2025-01-30 12:24:23,614 - __main__ - INFO - Response time for the request: 3.22 seconds
2025-01-30 12:24:23,615 - __main__ - INFO - ----------------------------------------------------------------------------------------------------
2025-01-30 12:24:23,690 - __main__ - INFO - Received request: {'latitude': 13.092958, 'longitude': 80.198554}
2025-01-30 12:24:26,913 - __main__ - INFO - response: <Response 213 bytes [200 OK]>
2025-01-30 12:24:26,913 - __main__ - INFO - Response time for the request: 3.22 seconds
2025-01-30 12:24:26,914 - __main__ - INFO - ----------------------------------------------------------------------------------------------------
2025-01-30 12:24:31,984 - __main__ - INFO - Received request: {'latitude': 13.092958, 'longitude': 80.198554}
2025-01-30 12:24:33,226 - __main__ - INFO - response: <Response 213 bytes [200 OK]>
2025-01-30 12:24:33,227 - __main__ - INFO - Response time for the request: 1.24 seconds
2025-01-30 12:24:33,227 - __main__ - INFO - ----------------------------------------------------------------------------------------------------
2025-01-30 12:24:40,568 - __main__ - INFO - Received request: {'latitude': 13.092958, 'longitude': 80.198554}
2025-01-30 12:24:42,409 - __main__ - INFO - response: <Response 213 bytes [200 OK]>
2025-01-30 12:24:42,410 - __main__ - INFO - Response time for the request: 1.84 seconds
2025-01-30 12:24:42,410 - __main__ - INFO - ----------------------------------------------------------------------------------------------------
2025-01-30 12:24:54,062 - __main__ - INFO - Received request: {'latitude': 13.092958, 'longitude': 80.198554}
2025-01-30 12:24:55,807 - __main__ - INFO - response: <Response 213 bytes [200 OK]>
2025-01-30 12:24:55,807 - __main__ - INFO - Response time for the request: 1.75 seconds
2025-01-30 12:24:55,808 - __main__ - INFO - ----------------------------------------------------------------------------------------------------
2025-01-30 12:25:08,408 - __main__ - INFO - Received request: {'latitude': 13.092958, 'longitude': 80.198554}
2025-01-30 12:25:13,654 - __main__ - INFO - response: <Response 213 bytes [200 OK]>
2025-01-30 12:25:13,655 - __main__ - INFO - Response time for the request: 5.25 seconds
2025-01-30 12:25:13,655 - __main__ - INFO - ----------------------------------------------------------------------------------------------------
2025-01-30 12:25:13,824 - __main__ - INFO - Received request: {'latitude': 13.092958, 'longitude': 80.198554}
2025-01-30 12:25:16,274 - __main__ - INFO - Received request: {'latitude': 13.092958, 'longitude': 80.198554}
2025-01-30 12:25:16,976 - __main__ - INFO - response: <Response 213 bytes [200 OK]>
2025-01-30 12:25:16,976 - __main__ - INFO - Response time for the request: 3.15 seconds
2025-01-30 12:25:16,976 - __main__ - INFO - ----------------------------------------------------------------------------------------------------
2025-01-30 12:25:17,909 - __main__ - INFO - response: <Response 213 bytes [200 OK]>
2025-01-30 12:25:17,910 - __main__ - INFO - Response time for the request: 1.64 seconds
2025-01-30 12:25:17,910 - __main__ - INFO - ----------------------------------------------------------------------------------------------------
2025-01-30 12:25:24,226 - __main__ - INFO - Received request: {'latitude': 13.092958, 'longitude': 80.198554}
2025-01-30 12:25:25,316 - __main__ - INFO - response: <Response 213 bytes [200 OK]>
2025-01-30 12:25:25,318 - __main__ - INFO - Response time for the request: 1.09 seconds
2025-01-30 12:25:25,318 - __main__ - INFO - ----------------------------------------------------------------------------------------------------
2025-01-30 12:25:32,075 - __main__ - INFO - Received request: {'latitude': 13.092958, 'longitude': 80.198554}
2025-01-30 12:25:33,421 - __main__ - INFO - response: <Response 213 bytes [200 OK]>
2025-01-30 12:25:33,423 - __main__ - INFO - Response time for the request: 1.35 seconds
2025-01-30 12:25:33,424 - __main__ - INFO - ----------------------------------------------------------------------------------------------------
2025-01-30 12:25:41,572 - __main__ - INFO - Received request: {'latitude': 13.092958, 'longitude': 80.198554}
2025-01-30 12:25:42,388 - __main__ - INFO - response: <Response 213 bytes [200 OK]>
2025-01-30 12:25:42,388 - __main__ - INFO - Response time for the request: 0.82 seconds
2025-01-30 12:25:42,388 - __main__ - INFO - ----------------------------------------------------------------------------------------------------
2025-01-30 12:25:56,215 - __main__ - INFO - Received request: {'latitude': 13.092958, 'longitude': 80.198554}
2025-01-30 12:25:59,255 - __main__ - INFO - response: <Response 213 bytes [200 OK]>
2025-01-30 12:25:59,255 - __main__ - INFO - Response time for the request: 3.04 seconds
2025-01-30 12:25:59,255 - __main__ - INFO - ----------------------------------------------------------------------------------------------------
2025-01-30 12:26:21,911 - __main__ - INFO - Received request: {'latitude': 13.092958, 'longitude': 80.198554}
2025-01-30 12:26:21,918 - __main__ - INFO - Received request: {'latitude': 13.092958, 'longitude': 80.198554}
2025-01-30 12:26:21,933 - __main__ - INFO - Received request: {'latitude': 13.092958, 'longitude': 80.198554}
2025-01-30 12:26:21,955 - __main__ - INFO - Received request: {'latitude': 13.092958, 'longitude': 80.198554}
2025-01-30 12:26:24,487 - __main__ - INFO - Received request: {'latitude': 13.092958, 'longitude': 80.198554}
2025-01-30 12:26:24,872 - __main__ - INFO - response: <Response 213 bytes [200 OK]>
2025-01-30 12:26:24,879 - __main__ - INFO - Response time for the request: 2.95 seconds
2025-01-30 12:26:24,879 - __main__ - INFO - ----------------------------------------------------------------------------------------------------
2025-01-30 12:26:25,073 - __main__ - INFO - response: <Response 213 bytes [200 OK]>
2025-01-30 12:26:25,078 - __main__ - INFO - Response time for the request: 3.12 seconds
2025-01-30 12:26:25,078 - __main__ - INFO - ----------------------------------------------------------------------------------------------------
2025-01-30 12:26:25,187 - __main__ - INFO - response: <Response 213 bytes [200 OK]>
2025-01-30 12:26:25,188 - __main__ - INFO - Response time for the request: 3.27 seconds
2025-01-30 12:26:25,188 - __main__ - INFO - ----------------------------------------------------------------------------------------------------
2025-01-30 12:26:26,206 - __main__ - INFO - response: <Response 213 bytes [200 OK]>
2025-01-30 12:26:26,207 - __main__ - INFO - Response time for the request: 1.72 seconds
2025-01-30 12:26:26,207 - __main__ - INFO - ----------------------------------------------------------------------------------------------------
2025-01-30 12:26:26,359 - __main__ - INFO - response: <Response 213 bytes [200 OK]>
2025-01-30 12:26:26,359 - __main__ - INFO - Response time for the request: 4.45 seconds
2025-01-30 12:26:26,360 - __main__ - INFO - ----------------------------------------------------------------------------------------------------
2025-01-30 12:26:46,823 - __main__ - INFO - Received request: {'latitude': 13.092958, 'longitude': 80.198554}
2025-01-30 12:26:47,598 - __main__ - INFO - Received request: {'latitude': 13.092958, 'longitude': 80.198554}
2025-01-30 12:26:48,492 - __main__ - INFO - response: <Response 213 bytes [200 OK]>
2025-01-30 12:26:48,493 - __main__ - INFO - Response time for the request: 1.67 seconds
2025-01-30 12:26:48,493 - __main__ - INFO - ----------------------------------------------------------------------------------------------------
2025-01-30 12:26:49,610 - __main__ - INFO - response: <Response 213 bytes [200 OK]>
2025-01-30 12:26:49,610 - __main__ - INFO - Response time for the request: 2.01 seconds
2025-01-30 12:26:49,611 - __main__ - INFO - ----------------------------------------------------------------------------------------------------
2025-01-30 12:26:57,626 - __main__ - INFO - Received request: {'latitude': 13.092958, 'longitude': 80.198554}
2025-01-30 12:27:00,183 - __main__ - INFO - response: <Response 213 bytes [200 OK]>
2025-01-30 12:27:00,183 - __main__ - INFO - Response time for the request: 2.56 seconds
2025-01-30 12:27:00,184 - __main__ - INFO - ----------------------------------------------------------------------------------------------------
2025-01-30 12:29:11,566 - __main__ - INFO - Received request: {'latitude': 13.092958, 'longitude': 80.198554}
2025-01-30 12:29:11,573 - __main__ - INFO - Received request: {'latitude': 13.092958, 'longitude': 80.198554}
2025-01-30 12:29:11,581 - __main__ - INFO - Received request: {'latitude': 13.092958, 'longitude': 80.198554}
2025-01-30 12:29:14,871 - __main__ - INFO - Received request: {'latitude': 13.092958, 'longitude': 80.198554}
2025-01-30 12:29:15,049 - __main__ - INFO - response: <Response 213 bytes [200 OK]>
2025-01-30 12:29:15,106 - __main__ - INFO - Response time for the request: 3.53 seconds
2025-01-30 12:29:15,131 - __main__ - INFO - ----------------------------------------------------------------------------------------------------
2025-01-30 12:29:15,643 - __main__ - INFO - response: <Response 213 bytes [200 OK]>
2025-01-30 12:29:15,647 - __main__ - INFO - Response time for the request: 4.07 seconds
2025-01-30 12:29:15,650 - __main__ - INFO - ----------------------------------------------------------------------------------------------------
2025-01-30 12:29:16,891 - __main__ - INFO - response: <Response 213 bytes [200 OK]>
2025-01-30 12:29:16,891 - __main__ - INFO - Response time for the request: 5.32 seconds
2025-01-30 12:29:16,892 - __main__ - INFO - ----------------------------------------------------------------------------------------------------
2025-01-30 12:29:17,639 - __main__ - INFO - response: <Response 213 bytes [200 OK]>
2025-01-30 12:29:17,640 - __main__ - INFO - Response time for the request: 2.77 seconds
2025-01-30 12:29:17,640 - __main__ - INFO - ----------------------------------------------------------------------------------------------------
2025-01-30 12:29:37,654 - __main__ - INFO - Received request: {'latitude': 13.092958, 'longitude': 80.198554}
2025-01-30 12:29:39,491 - __main__ - INFO - response: <Response 213 bytes [200 OK]>
2025-01-30 12:29:39,491 - __main__ - INFO - Response time for the request: 1.84 seconds
2025-01-30 12:29:39,492 - __main__ - INFO - ----------------------------------------------------------------------------------------------------
2025-01-30 12:30:24,818 - __main__ - INFO - Received request: {'latitude': 13.092958, 'longitude': 80.198554}
2025-01-30 12:30:24,820 - __main__ - INFO - Received request: {'latitude': 13.092958, 'longitude': 80.198554}
2025-01-30 12:30:24,823 - __main__ - INFO - Received request: {'latitude': 13.092958, 'longitude': 80.198554}
2025-01-30 12:30:27,899 - __main__ - INFO - response: <Response 213 bytes [200 OK]>
2025-01-30 12:30:27,900 - __main__ - INFO - response: <Response 213 bytes [200 OK]>
2025-01-30 12:30:27,900 - __main__ - INFO - Response time for the request: 3.08 seconds
2025-01-30 12:30:27,901 - __main__ - INFO - ----------------------------------------------------------------------------------------------------
2025-01-30 12:30:27,900 - __main__ - INFO - Response time for the request: 3.08 seconds
2025-01-30 12:30:27,902 - __main__ - INFO - ----------------------------------------------------------------------------------------------------
2025-01-30 12:30:28,188 - __main__ - INFO - response: <Response 213 bytes [200 OK]>
2025-01-30 12:30:28,188 - __main__ - INFO - Response time for the request: 3.37 seconds
2025-01-30 12:30:28,189 - __main__ - INFO - ----------------------------------------------------------------------------------------------------
2025-01-30 12:30:51,701 - __main__ - INFO - Received request: {'latitude': 13.092958, 'longitude': 80.198554}
2025-01-30 12:30:53,308 - __main__ - INFO - response: <Response 213 bytes [200 OK]>
2025-01-30 12:30:53,310 - __main__ - INFO - Response time for the request: 1.61 seconds
2025-01-30 12:30:53,311 - __main__ - INFO - ----------------------------------------------------------------------------------------------------
2025-01-30 12:31:43,850 - __main__ - INFO - Received request: {'latitude': 13.092958, 'longitude': 80.198554}
2025-01-30 12:31:43,853 - __main__ - INFO - Received request: {'latitude': 13.092958, 'longitude': 80.198554}
2025-01-30 12:31:48,052 - __main__ - INFO - response: <Response 213 bytes [200 OK]>
2025-01-30 12:31:48,055 - __main__ - INFO - Response time for the request: 4.20 seconds
2025-01-30 12:31:48,057 - __main__ - INFO - ----------------------------------------------------------------------------------------------------
2025-01-30 12:31:49,071 - __main__ - INFO - Received request: {'latitude': 13.092958, 'longitude': 80.198554}
2025-01-30 12:31:49,565 - __main__ - INFO - response: <Response 213 bytes [200 OK]>
2025-01-30 12:31:49,566 - __main__ - INFO - Response time for the request: 5.72 seconds
2025-01-30 12:31:49,566 - __main__ - INFO - ----------------------------------------------------------------------------------------------------
2025-01-30 12:31:50,595 - __main__ - INFO - response: <Response 213 bytes [200 OK]>
2025-01-30 12:31:50,595 - __main__ - INFO - Response time for the request: 1.53 seconds
2025-01-30 12:31:50,595 - __main__ - INFO - ----------------------------------------------------------------------------------------------------
2025-01-30 12:32:03,750 - __main__ - INFO - Received request: {'latitude': 13.092958, 'longitude': 80.198554}
2025-01-30 12:32:06,049 - __main__ - INFO - response: <Response 213 bytes [200 OK]>
2025-01-30 12:32:06,049 - __main__ - INFO - Response time for the request: 2.30 seconds
2025-01-30 12:32:06,050 - __main__ - INFO - ----------------------------------------------------------------------------------------------------
2025-01-30 12:32:32,107 - __main__ - INFO - Received request: {'latitude': 13.092958, 'longitude': 80.198554}
2025-01-30 12:32:33,695 - __main__ - INFO - response: <Response 213 bytes [200 OK]>
2025-01-30 12:32:33,696 - __main__ - INFO - Response time for the request: 1.59 seconds
2025-01-30 12:32:33,696 - __main__ - INFO - ----------------------------------------------------------------------------------------------------
2025-01-30 12:33:02,839 - __main__ - INFO - Received request: {'latitude': 13.092958, 'longitude': 80.198554}
2025-01-30 12:33:05,670 - __main__ - INFO - response: <Response 213 bytes [200 OK]>
2025-01-30 12:33:05,671 - __main__ - INFO - Response time for the request: 2.83 seconds
2025-01-30 12:33:05,671 - __main__ - INFO - ----------------------------------------------------------------------------------------------------
2025-01-30 12:33:22,854 - __main__ - INFO - Received request: {'latitude': 13.092958, 'longitude': 80.198554}
2025-01-30 12:33:25,423 - __main__ - INFO - response: <Response 213 bytes [200 OK]>
2025-01-30 12:33:25,423 - __main__ - INFO - Response time for the request: 2.57 seconds
2025-01-30 12:33:25,424 - __main__ - INFO - ----------------------------------------------------------------------------------------------------
2025-01-30 12:33:26,958 - __main__ - INFO - Received request: {'latitude': 13.092958, 'longitude': 80.198554}
2025-01-30 12:33:28,730 - __main__ - INFO - response: <Response 213 bytes [200 OK]>
2025-01-30 12:33:28,731 - __main__ - INFO - Response time for the request: 1.77 seconds
2025-01-30 12:33:28,732 - __main__ - INFO - ----------------------------------------------------------------------------------------------------
2025-01-30 12:33:29,513 - __main__ - INFO - Received request: {'latitude': 13.092958, 'longitude': 80.198554}
2025-01-30 12:33:31,980 - __main__ - INFO - response: <Response 213 bytes [200 OK]>
2025-01-30 12:33:31,980 - __main__ - INFO - Response time for the request: 2.47 seconds
2025-01-30 12:33:31,981 - __main__ - INFO - ----------------------------------------------------------------------------------------------------
2025-01-30 12:33:41,678 - __main__ - INFO - Received request: {'latitude': 13.092958, 'longitude': 80.198554}
2025-01-30 12:33:43,335 - __main__ - INFO - response: <Response 213 bytes [200 OK]>
2025-01-30 12:33:43,336 - __main__ - INFO - Response time for the request: 1.66 seconds
2025-01-30 12:33:43,337 - __main__ - INFO - ----------------------------------------------------------------------------------------------------
2025-01-30 12:33:54,292 - __main__ - INFO - Received request: {'latitude': 13.092958, 'longitude': 80.198554}
2025-01-30 12:33:55,983 - __main__ - INFO - response: <Response 213 bytes [200 OK]>
2025-01-30 12:33:55,984 - __main__ - INFO - Response time for the request: 1.69 seconds
2025-01-30 12:33:55,984 - __main__ - INFO - ----------------------------------------------------------------------------------------------------
2025-01-30 12:34:11,186 - __main__ - INFO - Received request: {'latitude': 13.092958, 'longitude': 80.198554}
2025-01-30 12:34:13,188 - __main__ - INFO - response: <Response 213 bytes [200 OK]>
2025-01-30 12:34:13,191 - __main__ - INFO - Response time for the request: 2.00 seconds
2025-01-30 12:34:13,192 - __main__ - INFO - ----------------------------------------------------------------------------------------------------
2025-01-30 12:34:14,239 - __main__ - INFO - Received request: {'latitude': 13.092958, 'longitude': 80.198554}
2025-01-30 12:34:16,859 - __main__ - INFO - response: <Response 213 bytes [200 OK]>
2025-01-30 12:34:16,859 - __main__ - INFO - Response time for the request: 2.62 seconds
2025-01-30 12:34:16,860 - __main__ - INFO - ----------------------------------------------------------------------------------------------------
2025-01-30 12:36:00,653 - __main__ - INFO - Received request: {'latitude': 13.092958, 'longitude': 80.198554}
2025-01-30 12:36:02,264 - __main__ - INFO - response: <Response 213 bytes [200 OK]>
2025-01-30 12:36:02,264 - __main__ - INFO - Response time for the request: 1.61 seconds
2025-01-30 12:36:02,265 - __main__ - INFO - ----------------------------------------------------------------------------------------------------
2025-01-30 12:36:48,236 - __main__ - INFO - Received request: {'latitude': 13.092958, 'longitude': 80.198554}
2025-01-30 12:36:48,237 - __main__ - INFO - Received request: {'latitude': 13.092958, 'longitude': 80.198554}
2025-01-30 12:36:48,240 - __main__ - INFO - Received request: {'latitude': 13.092958, 'longitude': 80.198554}
2025-01-30 12:36:48,243 - __main__ - INFO - Received request: {'latitude': 13.092958, 'longitude': 80.198554}
2025-01-30 12:36:51,514 - __main__ - INFO - response: <Response 213 bytes [200 OK]>
2025-01-30 12:36:51,515 - __main__ - INFO - Response time for the request: 3.28 seconds
2025-01-30 12:36:51,515 - __main__ - INFO - ----------------------------------------------------------------------------------------------------
2025-01-30 12:36:51,537 - __main__ - INFO - response: <Response 213 bytes [200 OK]>
2025-01-30 12:36:51,537 - __main__ - INFO - Response time for the request: 3.29 seconds
2025-01-30 12:36:51,538 - __main__ - INFO - ----------------------------------------------------------------------------------------------------
2025-01-30 12:36:51,964 - __main__ - INFO - response: <Response 213 bytes [200 OK]>
2025-01-30 12:36:51,964 - __main__ - INFO - Response time for the request: 3.73 seconds
2025-01-30 12:36:51,964 - __main__ - INFO - ----------------------------------------------------------------------------------------------------
2025-01-30 12:36:52,226 - __main__ - INFO - response: <Response 213 bytes [200 OK]>
2025-01-30 12:36:52,226 - __main__ - INFO - Response time for the request: 3.99 seconds
2025-01-30 12:36:52,226 - __main__ - INFO - ----------------------------------------------------------------------------------------------------
2025-01-30 12:36:54,237 - __main__ - INFO - Received request: {'latitude': 13.092958, 'longitude': 80.198554}
2025-01-30 12:36:55,677 - __main__ - INFO - response: <Response 213 bytes [200 OK]>
2025-01-30 12:36:55,677 - __main__ - INFO - Response time for the request: 1.44 seconds
2025-01-30 12:36:55,678 - __main__ - INFO - ----------------------------------------------------------------------------------------------------
2025-01-30 12:53:06,803 - __main__ - INFO - Received request: {'latitude': 13.092958, 'longitude': 80.198554}
2025-01-30 12:53:09,985 - __main__ - INFO - response: <Response 213 bytes [200 OK]>
2025-01-30 12:53:09,986 - __main__ - INFO - Response time for the request: 3.18 seconds
2025-01-30 12:53:09,987 - __main__ - INFO - ----------------------------------------------------------------------------------------------------
2025-01-30 12:53:52,293 - __main__ - INFO - Received request: {'latitude': 13.092958, 'longitude': 80.198554}
2025-01-30 12:53:55,670 - __main__ - INFO - response: <Response 213 bytes [200 OK]>
2025-01-30 12:53:55,671 - __main__ - INFO - Response time for the request: 3.38 seconds
2025-01-30 12:53:55,671 - __main__ - INFO - ----------------------------------------------------------------------------------------------------
2025-01-30 12:58:29,699 - __main__ - INFO - Received request: {'latitude': 13.092958, 'longitude': 80.198554}
2025-01-30 12:58:30,938 - __main__ - INFO - response: <Response 213 bytes [200 OK]>
2025-01-30 12:58:30,939 - __main__ - INFO - Response time for the request: 1.24 seconds
2025-01-30 12:58:30,939 - __main__ - INFO - ----------------------------------------------------------------------------------------------------
2025-01-30 12:59:13,158 - __main__ - INFO - Received request: {'latitude': 13.092958, 'longitude': 80.198554}
2025-01-30 12:59:13,171 - __main__ - INFO - Received request: {'latitude': 13.092958, 'longitude': 80.198554}
2025-01-30 12:59:18,198 - __main__ - INFO - response: <Response 213 bytes [200 OK]>
2025-01-30 12:59:18,199 - __main__ - INFO - Response time for the request: 5.04 seconds
2025-01-30 12:59:18,200 - __main__ - INFO - ----------------------------------------------------------------------------------------------------
2025-01-30 12:59:18,337 - __main__ - INFO - response: <Response 213 bytes [200 OK]>
2025-01-30 12:59:18,338 - __main__ - INFO - Response time for the request: 5.17 seconds
2025-01-30 12:59:18,338 - __main__ - INFO - ----------------------------------------------------------------------------------------------------
2025-01-30 12:59:42,311 - __main__ - INFO - Received request: {'latitude': 13.092958, 'longitude': 80.198554}
2025-01-30 12:59:44,304 - __main__ - INFO - response: <Response 213 bytes [200 OK]>
2025-01-30 12:59:44,304 - __main__ - INFO - Response time for the request: 1.99 seconds
2025-01-30 12:59:44,305 - __main__ - INFO - ----------------------------------------------------------------------------------------------------
2025-01-30 13:00:57,225 - __main__ - INFO - Received request: {'latitude': 13.092958, 'longitude': 80.198554}
2025-01-30 13:00:59,342 - __main__ - INFO - Received request: {'latitude': 13.092958, 'longitude': 80.198554}
2025-01-30 13:01:00,372 - __main__ - INFO - response: <Response 213 bytes [200 OK]>
2025-01-30 13:01:00,372 - __main__ - INFO - Response time for the request: 3.15 seconds
2025-01-30 13:01:00,373 - __main__ - INFO - ----------------------------------------------------------------------------------------------------
2025-01-30 13:01:01,810 - __main__ - INFO - response: <Response 213 bytes [200 OK]>
2025-01-30 13:01:01,817 - __main__ - INFO - Response time for the request: 2.47 seconds
2025-01-30 13:01:01,817 - __main__ - INFO - ----------------------------------------------------------------------------------------------------
2025-01-30 13:02:12,052 - __main__ - INFO - Received request: {'latitude': 13.092958, 'longitude': 80.198554}
2025-01-30 13:02:14,868 - __main__ - INFO - Received request: {'latitude': 13.092958, 'longitude': 80.198554}
2025-01-30 13:02:16,399 - __main__ - INFO - response: <Response 213 bytes [200 OK]>
2025-01-30 13:02:16,400 - __main__ - INFO - Response time for the request: 4.35 seconds
2025-01-30 13:02:16,400 - __main__ - INFO - ----------------------------------------------------------------------------------------------------
2025-01-30 13:02:17,134 - __main__ - INFO - response: <Response 213 bytes [200 OK]>
2025-01-30 13:02:17,134 - __main__ - INFO - Response time for the request: 2.27 seconds
2025-01-30 13:02:17,134 - __main__ - INFO - ----------------------------------------------------------------------------------------------------
2025-01-30 13:02:35,743 - __main__ - INFO - Received request: {'latitude': 13.092958, 'longitude': 80.198554}
2025-01-30 13:02:37,581 - __main__ - INFO - response: <Response 213 bytes [200 OK]>
2025-01-30 13:02:37,582 - __main__ - INFO - Response time for the request: 1.85 seconds
2025-01-30 13:02:37,582 - __main__ - INFO - ----------------------------------------------------------------------------------------------------
2025-01-30 13:05:37,808 - __main__ - INFO - Received request: {'latitude': 13.092958, 'longitude': 80.198554}
2025-01-30 13:05:40,268 - __main__ - INFO - response: <Response 213 bytes [200 OK]>
2025-01-30 13:05:40,269 - __main__ - INFO - Response time for the request: 2.46 seconds
2025-01-30 13:05:40,269 - __main__ - INFO - ----------------------------------------------------------------------------------------------------
2025-01-30 13:09:26,264 - __main__ - INFO - Received request: {'latitude': 13.092958, 'longitude': 80.198554}
2025-01-30 13:09:29,291 - __main__ - INFO - response: <Response 213 bytes [200 OK]>
2025-01-30 13:09:29,291 - __main__ - INFO - Response time for the request: 3.03 seconds
2025-01-30 13:09:29,291 - __main__ - INFO - ----------------------------------------------------------------------------------------------------
2025-01-30 13:09:49,098 - __main__ - INFO - Received request: {'latitude': 13.092958, 'longitude': 80.198554}
2025-01-30 13:09:52,178 - __main__ - INFO - response: <Response 213 bytes [200 OK]>
2025-01-30 13:09:52,178 - __main__ - INFO - Response time for the request: 3.08 seconds
2025-01-30 13:09:52,179 - __main__ - INFO - ----------------------------------------------------------------------------------------------------
2025-01-30 13:10:38,540 - __main__ - INFO - Received request: {'latitude': 13.092958, 'longitude': 80.198554}
2025-01-30 13:10:41,814 - __main__ - INFO - response: <Response 213 bytes [200 OK]>
2025-01-30 13:10:41,815 - __main__ - INFO - Response time for the request: 3.27 seconds
2025-01-30 13:10:41,815 - __main__ - INFO - ----------------------------------------------------------------------------------------------------
2025-01-30 13:12:03,525 - __main__ - INFO - Received request: {'latitude': 13.092958, 'longitude': 80.198554}
2025-01-30 13:12:03,632 - __main__ - INFO - Received request: {'latitude': 13.092958, 'longitude': 80.198554}
2025-01-30 13:12:05,519 - __main__ - INFO - response: <Response 213 bytes [200 OK]>
2025-01-30 13:12:05,520 - __main__ - INFO - Response time for the request: 1.89 seconds
2025-01-30 13:12:05,520 - __main__ - INFO - ----------------------------------------------------------------------------------------------------
2025-01-30 13:12:05,537 - __main__ - INFO - response: <Response 213 bytes [200 OK]>
2025-01-30 13:12:05,537 - __main__ - INFO - Response time for the request: 2.01 seconds
2025-01-30 13:12:05,538 - __main__ - INFO - ----------------------------------------------------------------------------------------------------
2025-01-30 13:24:07,393 - __main__ - INFO - Received request: {'latitude': 13.092958, 'longitude': 80.198554}
2025-01-30 13:24:07,876 - __main__ - INFO - Received request: {'latitude': 13.092958, 'longitude': 80.198554}
2025-01-30 13:24:11,871 - __main__ - INFO - response: <Response 213 bytes [200 OK]>
2025-01-30 13:24:11,990 - __main__ - INFO - Response time for the request: 4.60 seconds
2025-01-30 13:24:12,036 - __main__ - INFO - ----------------------------------------------------------------------------------------------------
2025-01-30 13:24:12,305 - __main__ - INFO - response: <Response 213 bytes [200 OK]>
2025-01-30 13:24:12,306 - __main__ - INFO - Response time for the request: 4.43 seconds
2025-01-30 13:24:12,306 - __main__ - INFO - ----------------------------------------------------------------------------------------------------
2025-01-30 13:24:21,399 - __main__ - INFO - Request came to fetch all countries.
2025-01-30 13:24:21,486 - __main__ - INFO - response: ['Andorra', 'United Arab Emirates', 'Afghanistan', 'Antigua and Barbuda', 'Anguilla', 'Albania', 'Armenia', 'Angola', 'Antarctica', 'Argentina', 'American Samoa', 'Austria', 'Australia', 'Aruba', 'Åland', 'Azerbaijan', 'Bosnia and Herzegovina', 'Barbados', 'Bangladesh', 'Belgium', 'Burkina Faso', 'Bulgaria', 'Bahrain', 'Burundi', 'Benin', 'Saint Barthélemy', 'Bermuda', 'Brunei', 'Bolivia', 'Bonaire, Sint Eustatius, and Saba', 'Brazil', 'Bahamas', 'Bhutan', 'Bouvet Island', 'Botswana', 'Belarus', 'Belize', 'Canada', 'Cocos (Keeling) Islands', 'DR Congo', 'Central African Republic', 'Congo Republic', 'Switzerland', 'Ivory Coast', 'Cook Islands', 'Chile', 'Cameroon', 'China', 'Colombia', 'Costa Rica', 'Cuba', 'Cabo Verde', 'Curaçao', 'Christmas Island', 'Cyprus', 'Czechia', 'Germany', 'Djibouti', 'Denmark', 'Dominica', 'Dominican Republic', 'Algeria', 'Ecuador', 'Estonia', 'Egypt', 'Western Sahara', 'Eritrea', 'Spain', 'Ethiopia', 'Finland', 'Fiji', 'Falkland Islands', 'Micronesia', 'Faroe Islands', 'France', 'Gabon', 'United Kingdom', 'Grenada', 'Georgia', 'French Guiana', 'Guernsey', 'Ghana', 'Gibraltar', 'Greenland', 'The Gambia', 'Guinea', 'Guadeloupe', 'Equatorial Guinea', 'Greece', 'South Georgia and South Sandwich Islands', 'Guatemala', 'Guam', 'Guinea-Bissau', 'Guyana', 'Hong Kong', 'Heard and McDonald Islands', 'Honduras', 'Croatia', 'Haiti', 'Hungary', 'Indonesia', 'Ireland', 'Israel', 'Isle of Man', 'India', 'British Indian Ocean Territory', 'Iraq', 'Iran', 'Iceland', 'Italy', 'Jersey', 'Jamaica', 'Jordan', 'Japan', 'Kenya', 'Kyrgyzstan', 'Cambodia', 'Kiribati', 'Comoros', 'St Kitts and Nevis', 'North Korea', 'South Korea', 'Kuwait', 'Cayman Islands', 'Kazakhstan', 'Laos', 'Lebanon', 'Saint Lucia', 'Liechtenstein', 'Sri Lanka', 'Liberia', 'Lesotho', 'Lithuania', 'Luxembourg', 'Latvia', 'Libya', 'Morocco', 'Monaco', 'Moldova', 'Montenegro', 'Saint Martin', 'Madagascar', 'Marshall Islands', 'North Macedonia', 'Mali', 'Myanmar', 'Mongolia', 'Macao', 'Northern Mariana Islands', 'Martinique', 'Mauritania', 'Montserrat', 'Malta', 'Mauritius', 'Maldives', 'Malawi', 'Mexico', 'Malaysia', 'Mozambique', 'Namibia', 'New Caledonia', 'Niger', 'Norfolk Island', 'Nigeria', 'Nicaragua', 'The Netherlands', 'Norway', 'Nepal', 'Nauru', 'Niue', 'New Zealand', 'Oman', 'Panama', 'Peru', 'French Polynesia', 'Papua New Guinea', 'Philippines', 'Pakistan', 'Poland', 'Saint Pierre and Miquelon', 'Pitcairn Islands', 'Puerto Rico', 'Palestine', 'Portugal', 'Palau', 'Paraguay', 'Qatar', 'Réunion', 'Romania', 'Serbia', 'Russia', 'Rwanda', 'Saudi Arabia', 'Solomon Islands', 'Seychelles', 'Sudan', 'Sweden', 'Singapore', 'Saint Helena', 'Slovenia', 'Svalbard and Jan Mayen', 'Slovakia', 'Sierra Leone', 'San Marino', 'Senegal', 'Somalia', 'Suriname', 'South Sudan', 'São Tomé and Príncipe', 'El Salvador', 'Sint Maarten', 'Syria', 'Eswatini', 'Turks and Caicos Islands', 'Chad', 'French Southern Territories', 'Togo', 'Thailand', 'Tajikistan', 'Tokelau', 'Timor-Leste', 'Turkmenistan', 'Tunisia', 'Tonga', 'Türkiye', 'Trinidad and Tobago', 'Tuvalu', 'Taiwan', 'Tanzania', 'Ukraine', 'Uganda', 'U.S. Outlying Islands', 'United States', 'Uruguay', 'Uzbekistan', 'Vatican City', 'St Vincent and Grenadines', 'Venezuela', 'British Virgin Islands', 'U.S. Virgin Islands', 'Vietnam', 'Vanuatu', 'Wallis and Futuna', 'Samoa', 'Kosovo', 'Yemen', 'Mayotte', 'South Africa', 'Zambia', 'Zimbabwe']
2025-01-30 13:24:21,491 - __main__ - INFO - Response time for the request: 0.09 seconds
2025-01-30 13:24:21,491 - __main__ - INFO - ----------------------------------------------------------------------------------------------------
2025-01-30 13:28:15,191 - __main__ - INFO - Received request: {'latitude': 13.092958, 'longitude': 80.198554}
2025-01-30 13:28:15,237 - __main__ - INFO - Received request: {'latitude': 13.092958, 'longitude': 80.198554}
2025-01-30 13:28:18,516 - __main__ - INFO - response: <Response 213 bytes [200 OK]>
2025-01-30 13:28:18,517 - __main__ - INFO - Response time for the request: 3.28 seconds
2025-01-30 13:28:18,517 - __main__ - INFO - ----------------------------------------------------------------------------------------------------
2025-01-30 13:28:18,564 - __main__ - INFO - response: <Response 213 bytes [200 OK]>
2025-01-30 13:28:18,566 - __main__ - INFO - Response time for the request: 3.38 seconds
2025-01-30 13:28:18,566 - __main__ - INFO - ----------------------------------------------------------------------------------------------------
2025-01-30 13:28:58,611 - __main__ - INFO - Request came to fetch all countries.
2025-01-30 13:28:58,804 - __main__ - INFO - response: ['Andorra', 'United Arab Emirates', 'Afghanistan', 'Antigua and Barbuda', 'Anguilla', 'Albania', 'Armenia', 'Angola', 'Antarctica', 'Argentina', 'American Samoa', 'Austria', 'Australia', 'Aruba', 'Åland', 'Azerbaijan', 'Bosnia and Herzegovina', 'Barbados', 'Bangladesh', 'Belgium', 'Burkina Faso', 'Bulgaria', 'Bahrain', 'Burundi', 'Benin', 'Saint Barthélemy', 'Bermuda', 'Brunei', 'Bolivia', 'Bonaire, Sint Eustatius, and Saba', 'Brazil', 'Bahamas', 'Bhutan', 'Bouvet Island', 'Botswana', 'Belarus', 'Belize', 'Canada', 'Cocos (Keeling) Islands', 'DR Congo', 'Central African Republic', 'Congo Republic', 'Switzerland', 'Ivory Coast', 'Cook Islands', 'Chile', 'Cameroon', 'China', 'Colombia', 'Costa Rica', 'Cuba', 'Cabo Verde', 'Curaçao', 'Christmas Island', 'Cyprus', 'Czechia', 'Germany', 'Djibouti', 'Denmark', 'Dominica', 'Dominican Republic', 'Algeria', 'Ecuador', 'Estonia', 'Egypt', 'Western Sahara', 'Eritrea', 'Spain', 'Ethiopia', 'Finland', 'Fiji', 'Falkland Islands', 'Micronesia', 'Faroe Islands', 'France', 'Gabon', 'United Kingdom', 'Grenada', 'Georgia', 'French Guiana', 'Guernsey', 'Ghana', 'Gibraltar', 'Greenland', 'The Gambia', 'Guinea', 'Guadeloupe', 'Equatorial Guinea', 'Greece', 'South Georgia and South Sandwich Islands', 'Guatemala', 'Guam', 'Guinea-Bissau', 'Guyana', 'Hong Kong', 'Heard and McDonald Islands', 'Honduras', 'Croatia', 'Haiti', 'Hungary', 'Indonesia', 'Ireland', 'Israel', 'Isle of Man', 'India', 'British Indian Ocean Territory', 'Iraq', 'Iran', 'Iceland', 'Italy', 'Jersey', 'Jamaica', 'Jordan', 'Japan', 'Kenya', 'Kyrgyzstan', 'Cambodia', 'Kiribati', 'Comoros', 'St Kitts and Nevis', 'North Korea', 'South Korea', 'Kuwait', 'Cayman Islands', 'Kazakhstan', 'Laos', 'Lebanon', 'Saint Lucia', 'Liechtenstein', 'Sri Lanka', 'Liberia', 'Lesotho', 'Lithuania', 'Luxembourg', 'Latvia', 'Libya', 'Morocco', 'Monaco', 'Moldova', 'Montenegro', 'Saint Martin', 'Madagascar', 'Marshall Islands', 'North Macedonia', 'Mali', 'Myanmar', 'Mongolia', 'Macao', 'Northern Mariana Islands', 'Martinique', 'Mauritania', 'Montserrat', 'Malta', 'Mauritius', 'Maldives', 'Malawi', 'Mexico', 'Malaysia', 'Mozambique', 'Namibia', 'New Caledonia', 'Niger', 'Norfolk Island', 'Nigeria', 'Nicaragua', 'The Netherlands', 'Norway', 'Nepal', 'Nauru', 'Niue', 'New Zealand', 'Oman', 'Panama', 'Peru', 'French Polynesia', 'Papua New Guinea', 'Philippines', 'Pakistan', 'Poland', 'Saint Pierre and Miquelon', 'Pitcairn Islands', 'Puerto Rico', 'Palestine', 'Portugal', 'Palau', 'Paraguay', 'Qatar', 'Réunion', 'Romania', 'Serbia', 'Russia', 'Rwanda', 'Saudi Arabia', 'Solomon Islands', 'Seychelles', 'Sudan', 'Sweden', 'Singapore', 'Saint Helena', 'Slovenia', 'Svalbard and Jan Mayen', 'Slovakia', 'Sierra Leone', 'San Marino', 'Senegal', 'Somalia', 'Suriname', 'South Sudan', 'São Tomé and Príncipe', 'El Salvador', 'Sint Maarten', 'Syria', 'Eswatini', 'Turks and Caicos Islands', 'Chad', 'French Southern Territories', 'Togo', 'Thailand', 'Tajikistan', 'Tokelau', 'Timor-Leste', 'Turkmenistan', 'Tunisia', 'Tonga', 'Türkiye', 'Trinidad and Tobago', 'Tuvalu', 'Taiwan', 'Tanzania', 'Ukraine', 'Uganda', 'U.S. Outlying Islands', 'United States', 'Uruguay', 'Uzbekistan', 'Vatican City', 'St Vincent and Grenadines', 'Venezuela', 'British Virgin Islands', 'U.S. Virgin Islands', 'Vietnam', 'Vanuatu', 'Wallis and Futuna', 'Samoa', 'Kosovo', 'Yemen', 'Mayotte', 'South Africa', 'Zambia', 'Zimbabwe']
2025-01-30 13:28:58,810 - __main__ - INFO - Response time for the request: 0.20 seconds
2025-01-30 13:28:58,810 - __main__ - INFO - ----------------------------------------------------------------------------------------------------
2025-01-30 13:29:05,001 - __main__ - INFO - Request came to fetch all countries.
2025-01-30 13:29:05,478 - __main__ - INFO - response: ['Andorra', 'United Arab Emirates', 'Afghanistan', 'Antigua and Barbuda', 'Anguilla', 'Albania', 'Armenia', 'Angola', 'Antarctica', 'Argentina', 'American Samoa', 'Austria', 'Australia', 'Aruba', 'Åland', 'Azerbaijan', 'Bosnia and Herzegovina', 'Barbados', 'Bangladesh', 'Belgium', 'Burkina Faso', 'Bulgaria', 'Bahrain', 'Burundi', 'Benin', 'Saint Barthélemy', 'Bermuda', 'Brunei', 'Bolivia', 'Bonaire, Sint Eustatius, and Saba', 'Brazil', 'Bahamas', 'Bhutan', 'Bouvet Island', 'Botswana', 'Belarus', 'Belize', 'Canada', 'Cocos (Keeling) Islands', 'DR Congo', 'Central African Republic', 'Congo Republic', 'Switzerland', 'Ivory Coast', 'Cook Islands', 'Chile', 'Cameroon', 'China', 'Colombia', 'Costa Rica', 'Cuba', 'Cabo Verde', 'Curaçao', 'Christmas Island', 'Cyprus', 'Czechia', 'Germany', 'Djibouti', 'Denmark', 'Dominica', 'Dominican Republic', 'Algeria', 'Ecuador', 'Estonia', 'Egypt', 'Western Sahara', 'Eritrea', 'Spain', 'Ethiopia', 'Finland', 'Fiji', 'Falkland Islands', 'Micronesia', 'Faroe Islands', 'France', 'Gabon', 'United Kingdom', 'Grenada', 'Georgia', 'French Guiana', 'Guernsey', 'Ghana', 'Gibraltar', 'Greenland', 'The Gambia', 'Guinea', 'Guadeloupe', 'Equatorial Guinea', 'Greece', 'South Georgia and South Sandwich Islands', 'Guatemala', 'Guam', 'Guinea-Bissau', 'Guyana', 'Hong Kong', 'Heard and McDonald Islands', 'Honduras', 'Croatia', 'Haiti', 'Hungary', 'Indonesia', 'Ireland', 'Israel', 'Isle of Man', 'India', 'British Indian Ocean Territory', 'Iraq', 'Iran', 'Iceland', 'Italy', 'Jersey', 'Jamaica', 'Jordan', 'Japan', 'Kenya', 'Kyrgyzstan', 'Cambodia', 'Kiribati', 'Comoros', 'St Kitts and Nevis', 'North Korea', 'South Korea', 'Kuwait', 'Cayman Islands', 'Kazakhstan', 'Laos', 'Lebanon', 'Saint Lucia', 'Liechtenstein', 'Sri Lanka', 'Liberia', 'Lesotho', 'Lithuania', 'Luxembourg', 'Latvia', 'Libya', 'Morocco', 'Monaco', 'Moldova', 'Montenegro', 'Saint Martin', 'Madagascar', 'Marshall Islands', 'North Macedonia', 'Mali', 'Myanmar', 'Mongolia', 'Macao', 'Northern Mariana Islands', 'Martinique', 'Mauritania', 'Montserrat', 'Malta', 'Mauritius', 'Maldives', 'Malawi', 'Mexico', 'Malaysia', 'Mozambique', 'Namibia', 'New Caledonia', 'Niger', 'Norfolk Island', 'Nigeria', 'Nicaragua', 'The Netherlands', 'Norway', 'Nepal', 'Nauru', 'Niue', 'New Zealand', 'Oman', 'Panama', 'Peru', 'French Polynesia', 'Papua New Guinea', 'Philippines', 'Pakistan', 'Poland', 'Saint Pierre and Miquelon', 'Pitcairn Islands', 'Puerto Rico', 'Palestine', 'Portugal', 'Palau', 'Paraguay', 'Qatar', 'Réunion', 'Romania', 'Serbia', 'Russia', 'Rwanda', 'Saudi Arabia', 'Solomon Islands', 'Seychelles', 'Sudan', 'Sweden', 'Singapore', 'Saint Helena', 'Slovenia', 'Svalbard and Jan Mayen', 'Slovakia', 'Sierra Leone', 'San Marino', 'Senegal', 'Somalia', 'Suriname', 'South Sudan', 'São Tomé and Príncipe', 'El Salvador', 'Sint Maarten', 'Syria', 'Eswatini', 'Turks and Caicos Islands', 'Chad', 'French Southern Territories', 'Togo', 'Thailand', 'Tajikistan', 'Tokelau', 'Timor-Leste', 'Turkmenistan', 'Tunisia', 'Tonga', 'Türkiye', 'Trinidad and Tobago', 'Tuvalu', 'Taiwan', 'Tanzania', 'Ukraine', 'Uganda', 'U.S. Outlying Islands', 'United States', 'Uruguay', 'Uzbekistan', 'Vatican City', 'St Vincent and Grenadines', 'Venezuela', 'British Virgin Islands', 'U.S. Virgin Islands', 'Vietnam', 'Vanuatu', 'Wallis and Futuna', 'Samoa', 'Kosovo', 'Yemen', 'Mayotte', 'South Africa', 'Zambia', 'Zimbabwe']
2025-01-30 13:29:05,484 - __main__ - INFO - Response time for the request: 0.48 seconds
2025-01-30 13:29:05,485 - __main__ - INFO - ----------------------------------------------------------------------------------------------------
2025-01-30 13:29:06,125 - __main__ - INFO - Request came to fetch all countries.
2025-01-30 13:29:06,508 - __main__ - INFO - Received request: {'latitude': 13.092958, 'longitude': 80.198554}
2025-01-30 13:29:06,553 - __main__ - INFO - Received request: {'latitude': 13.092958, 'longitude': 80.198554}
2025-01-30 13:29:06,748 - __main__ - INFO - response: ['Andorra', 'United Arab Emirates', 'Afghanistan', 'Antigua and Barbuda', 'Anguilla', 'Albania', 'Armenia', 'Angola', 'Antarctica', 'Argentina', 'American Samoa', 'Austria', 'Australia', 'Aruba', 'Åland', 'Azerbaijan', 'Bosnia and Herzegovina', 'Barbados', 'Bangladesh', 'Belgium', 'Burkina Faso', 'Bulgaria', 'Bahrain', 'Burundi', 'Benin', 'Saint Barthélemy', 'Bermuda', 'Brunei', 'Bolivia', 'Bonaire, Sint Eustatius, and Saba', 'Brazil', 'Bahamas', 'Bhutan', 'Bouvet Island', 'Botswana', 'Belarus', 'Belize', 'Canada', 'Cocos (Keeling) Islands', 'DR Congo', 'Central African Republic', 'Congo Republic', 'Switzerland', 'Ivory Coast', 'Cook Islands', 'Chile', 'Cameroon', 'China', 'Colombia', 'Costa Rica', 'Cuba', 'Cabo Verde', 'Curaçao', 'Christmas Island', 'Cyprus', 'Czechia', 'Germany', 'Djibouti', 'Denmark', 'Dominica', 'Dominican Republic', 'Algeria', 'Ecuador', 'Estonia', 'Egypt', 'Western Sahara', 'Eritrea', 'Spain', 'Ethiopia', 'Finland', 'Fiji', 'Falkland Islands', 'Micronesia', 'Faroe Islands', 'France', 'Gabon', 'United Kingdom', 'Grenada', 'Georgia', 'French Guiana', 'Guernsey', 'Ghana', 'Gibraltar', 'Greenland', 'The Gambia', 'Guinea', 'Guadeloupe', 'Equatorial Guinea', 'Greece', 'South Georgia and South Sandwich Islands', 'Guatemala', 'Guam', 'Guinea-Bissau', 'Guyana', 'Hong Kong', 'Heard and McDonald Islands', 'Honduras', 'Croatia', 'Haiti', 'Hungary', 'Indonesia', 'Ireland', 'Israel', 'Isle of Man', 'India', 'British Indian Ocean Territory', 'Iraq', 'Iran', 'Iceland', 'Italy', 'Jersey', 'Jamaica', 'Jordan', 'Japan', 'Kenya', 'Kyrgyzstan', 'Cambodia', 'Kiribati', 'Comoros', 'St Kitts and Nevis', 'North Korea', 'South Korea', 'Kuwait', 'Cayman Islands', 'Kazakhstan', 'Laos', 'Lebanon', 'Saint Lucia', 'Liechtenstein', 'Sri Lanka', 'Liberia', 'Lesotho', 'Lithuania', 'Luxembourg', 'Latvia', 'Libya', 'Morocco', 'Monaco', 'Moldova', 'Montenegro', 'Saint Martin', 'Madagascar', 'Marshall Islands', 'North Macedonia', 'Mali', 'Myanmar', 'Mongolia', 'Macao', 'Northern Mariana Islands', 'Martinique', 'Mauritania', 'Montserrat', 'Malta', 'Mauritius', 'Maldives', 'Malawi', 'Mexico', 'Malaysia', 'Mozambique', 'Namibia', 'New Caledonia', 'Niger', 'Norfolk Island', 'Nigeria', 'Nicaragua', 'The Netherlands', 'Norway', 'Nepal', 'Nauru', 'Niue', 'New Zealand', 'Oman', 'Panama', 'Peru', 'French Polynesia', 'Papua New Guinea', 'Philippines', 'Pakistan', 'Poland', 'Saint Pierre and Miquelon', 'Pitcairn Islands', 'Puerto Rico', 'Palestine', 'Portugal', 'Palau', 'Paraguay', 'Qatar', 'Réunion', 'Romania', 'Serbia', 'Russia', 'Rwanda', 'Saudi Arabia', 'Solomon Islands', 'Seychelles', 'Sudan', 'Sweden', 'Singapore', 'Saint Helena', 'Slovenia', 'Svalbard and Jan Mayen', 'Slovakia', 'Sierra Leone', 'San Marino', 'Senegal', 'Somalia', 'Suriname', 'South Sudan', 'São Tomé and Príncipe', 'El Salvador', 'Sint Maarten', 'Syria', 'Eswatini', 'Turks and Caicos Islands', 'Chad', 'French Southern Territories', 'Togo', 'Thailand', 'Tajikistan', 'Tokelau', 'Timor-Leste', 'Turkmenistan', 'Tunisia', 'Tonga', 'Türkiye', 'Trinidad and Tobago', 'Tuvalu', 'Taiwan', 'Tanzania', 'Ukraine', 'Uganda', 'U.S. Outlying Islands', 'United States', 'Uruguay', 'Uzbekistan', 'Vatican City', 'St Vincent and Grenadines', 'Venezuela', 'British Virgin Islands', 'U.S. Virgin Islands', 'Vietnam', 'Vanuatu', 'Wallis and Futuna', 'Samoa', 'Kosovo', 'Yemen', 'Mayotte', 'South Africa', 'Zambia', 'Zimbabwe']
2025-01-30 13:29:06,771 - __main__ - INFO - Response time for the request: 0.65 seconds
2025-01-30 13:29:06,773 - __main__ - INFO - ----------------------------------------------------------------------------------------------------
2025-01-30 13:29:08,365 - __main__ - INFO - response: <Response 213 bytes [200 OK]>
2025-01-30 13:29:08,365 - __main__ - INFO - Response time for the request: 1.86 seconds
2025-01-30 13:29:08,366 - __main__ - INFO - ----------------------------------------------------------------------------------------------------
2025-01-30 13:29:08,407 - __main__ - INFO - response: <Response 213 bytes [200 OK]>
2025-01-30 13:29:08,408 - __main__ - INFO - Response time for the request: 1.85 seconds
2025-01-30 13:29:08,408 - __main__ - INFO - ----------------------------------------------------------------------------------------------------
2025-01-30 13:30:38,433 - __main__ - INFO - Request came to fetch all countries.
2025-01-30 13:30:38,545 - __main__ - INFO - response: ['Andorra', 'United Arab Emirates', 'Afghanistan', 'Antigua and Barbuda', 'Anguilla', 'Albania', 'Armenia', 'Angola', 'Antarctica', 'Argentina', 'American Samoa', 'Austria', 'Australia', 'Aruba', 'Åland', 'Azerbaijan', 'Bosnia and Herzegovina', 'Barbados', 'Bangladesh', 'Belgium', 'Burkina Faso', 'Bulgaria', 'Bahrain', 'Burundi', 'Benin', 'Saint Barthélemy', 'Bermuda', 'Brunei', 'Bolivia', 'Bonaire, Sint Eustatius, and Saba', 'Brazil', 'Bahamas', 'Bhutan', 'Bouvet Island', 'Botswana', 'Belarus', 'Belize', 'Canada', 'Cocos (Keeling) Islands', 'DR Congo', 'Central African Republic', 'Congo Republic', 'Switzerland', 'Ivory Coast', 'Cook Islands', 'Chile', 'Cameroon', 'China', 'Colombia', 'Costa Rica', 'Cuba', 'Cabo Verde', 'Curaçao', 'Christmas Island', 'Cyprus', 'Czechia', 'Germany', 'Djibouti', 'Denmark', 'Dominica', 'Dominican Republic', 'Algeria', 'Ecuador', 'Estonia', 'Egypt', 'Western Sahara', 'Eritrea', 'Spain', 'Ethiopia', 'Finland', 'Fiji', 'Falkland Islands', 'Micronesia', 'Faroe Islands', 'France', 'Gabon', 'United Kingdom', 'Grenada', 'Georgia', 'French Guiana', 'Guernsey', 'Ghana', 'Gibraltar', 'Greenland', 'The Gambia', 'Guinea', 'Guadeloupe', 'Equatorial Guinea', 'Greece', 'South Georgia and South Sandwich Islands', 'Guatemala', 'Guam', 'Guinea-Bissau', 'Guyana', 'Hong Kong', 'Heard and McDonald Islands', 'Honduras', 'Croatia', 'Haiti', 'Hungary', 'Indonesia', 'Ireland', 'Israel', 'Isle of Man', 'India', 'British Indian Ocean Territory', 'Iraq', 'Iran', 'Iceland', 'Italy', 'Jersey', 'Jamaica', 'Jordan', 'Japan', 'Kenya', 'Kyrgyzstan', 'Cambodia', 'Kiribati', 'Comoros', 'St Kitts and Nevis', 'North Korea', 'South Korea', 'Kuwait', 'Cayman Islands', 'Kazakhstan', 'Laos', 'Lebanon', 'Saint Lucia', 'Liechtenstein', 'Sri Lanka', 'Liberia', 'Lesotho', 'Lithuania', 'Luxembourg', 'Latvia', 'Libya', 'Morocco', 'Monaco', 'Moldova', 'Montenegro', 'Saint Martin', 'Madagascar', 'Marshall Islands', 'North Macedonia', 'Mali', 'Myanmar', 'Mongolia', 'Macao', 'Northern Mariana Islands', 'Martinique', 'Mauritania', 'Montserrat', 'Malta', 'Mauritius', 'Maldives', 'Malawi', 'Mexico', 'Malaysia', 'Mozambique', 'Namibia', 'New Caledonia', 'Niger', 'Norfolk Island', 'Nigeria', 'Nicaragua', 'The Netherlands', 'Norway', 'Nepal', 'Nauru', 'Niue', 'New Zealand', 'Oman', 'Panama', 'Peru', 'French Polynesia', 'Papua New Guinea', 'Philippines', 'Pakistan', 'Poland', 'Saint Pierre and Miquelon', 'Pitcairn Islands', 'Puerto Rico', 'Palestine', 'Portugal', 'Palau', 'Paraguay', 'Qatar', 'Réunion', 'Romania', 'Serbia', 'Russia', 'Rwanda', 'Saudi Arabia', 'Solomon Islands', 'Seychelles', 'Sudan', 'Sweden', 'Singapore', 'Saint Helena', 'Slovenia', 'Svalbard and Jan Mayen', 'Slovakia', 'Sierra Leone', 'San Marino', 'Senegal', 'Somalia', 'Suriname', 'South Sudan', 'São Tomé and Príncipe', 'El Salvador', 'Sint Maarten', 'Syria', 'Eswatini', 'Turks and Caicos Islands', 'Chad', 'French Southern Territories', 'Togo', 'Thailand', 'Tajikistan', 'Tokelau', 'Timor-Leste', 'Turkmenistan', 'Tunisia', 'Tonga', 'Türkiye', 'Trinidad and Tobago', 'Tuvalu', 'Taiwan', 'Tanzania', 'Ukraine', 'Uganda', 'U.S. Outlying Islands', 'United States', 'Uruguay', 'Uzbekistan', 'Vatican City', 'St Vincent and Grenadines', 'Venezuela', 'British Virgin Islands', 'U.S. Virgin Islands', 'Vietnam', 'Vanuatu', 'Wallis and Futuna', 'Samoa', 'Kosovo', 'Yemen', 'Mayotte', 'South Africa', 'Zambia', 'Zimbabwe']
2025-01-30 13:30:38,550 - __main__ - INFO - Response time for the request: 0.12 seconds
2025-01-30 13:30:38,550 - __main__ - INFO - ----------------------------------------------------------------------------------------------------
2025-01-30 13:30:38,695 - __main__ - INFO - Request came to fetch all countries.
2025-01-30 13:30:38,779 - __main__ - INFO - response: ['Andorra', 'United Arab Emirates', 'Afghanistan', 'Antigua and Barbuda', 'Anguilla', 'Albania', 'Armenia', 'Angola', 'Antarctica', 'Argentina', 'American Samoa', 'Austria', 'Australia', 'Aruba', 'Åland', 'Azerbaijan', 'Bosnia and Herzegovina', 'Barbados', 'Bangladesh', 'Belgium', 'Burkina Faso', 'Bulgaria', 'Bahrain', 'Burundi', 'Benin', 'Saint Barthélemy', 'Bermuda', 'Brunei', 'Bolivia', 'Bonaire, Sint Eustatius, and Saba', 'Brazil', 'Bahamas', 'Bhutan', 'Bouvet Island', 'Botswana', 'Belarus', 'Belize', 'Canada', 'Cocos (Keeling) Islands', 'DR Congo', 'Central African Republic', 'Congo Republic', 'Switzerland', 'Ivory Coast', 'Cook Islands', 'Chile', 'Cameroon', 'China', 'Colombia', 'Costa Rica', 'Cuba', 'Cabo Verde', 'Curaçao', 'Christmas Island', 'Cyprus', 'Czechia', 'Germany', 'Djibouti', 'Denmark', 'Dominica', 'Dominican Republic', 'Algeria', 'Ecuador', 'Estonia', 'Egypt', 'Western Sahara', 'Eritrea', 'Spain', 'Ethiopia', 'Finland', 'Fiji', 'Falkland Islands', 'Micronesia', 'Faroe Islands', 'France', 'Gabon', 'United Kingdom', 'Grenada', 'Georgia', 'French Guiana', 'Guernsey', 'Ghana', 'Gibraltar', 'Greenland', 'The Gambia', 'Guinea', 'Guadeloupe', 'Equatorial Guinea', 'Greece', 'South Georgia and South Sandwich Islands', 'Guatemala', 'Guam', 'Guinea-Bissau', 'Guyana', 'Hong Kong', 'Heard and McDonald Islands', 'Honduras', 'Croatia', 'Haiti', 'Hungary', 'Indonesia', 'Ireland', 'Israel', 'Isle of Man', 'India', 'British Indian Ocean Territory', 'Iraq', 'Iran', 'Iceland', 'Italy', 'Jersey', 'Jamaica', 'Jordan', 'Japan', 'Kenya', 'Kyrgyzstan', 'Cambodia', 'Kiribati', 'Comoros', 'St Kitts and Nevis', 'North Korea', 'South Korea', 'Kuwait', 'Cayman Islands', 'Kazakhstan', 'Laos', 'Lebanon', 'Saint Lucia', 'Liechtenstein', 'Sri Lanka', 'Liberia', 'Lesotho', 'Lithuania', 'Luxembourg', 'Latvia', 'Libya', 'Morocco', 'Monaco', 'Moldova', 'Montenegro', 'Saint Martin', 'Madagascar', 'Marshall Islands', 'North Macedonia', 'Mali', 'Myanmar', 'Mongolia', 'Macao', 'Northern Mariana Islands', 'Martinique', 'Mauritania', 'Montserrat', 'Malta', 'Mauritius', 'Maldives', 'Malawi', 'Mexico', 'Malaysia', 'Mozambique', 'Namibia', 'New Caledonia', 'Niger', 'Norfolk Island', 'Nigeria', 'Nicaragua', 'The Netherlands', 'Norway', 'Nepal', 'Nauru', 'Niue', 'New Zealand', 'Oman', 'Panama', 'Peru', 'French Polynesia', 'Papua New Guinea', 'Philippines', 'Pakistan', 'Poland', 'Saint Pierre and Miquelon', 'Pitcairn Islands', 'Puerto Rico', 'Palestine', 'Portugal', 'Palau', 'Paraguay', 'Qatar', 'Réunion', 'Romania', 'Serbia', 'Russia', 'Rwanda', 'Saudi Arabia', 'Solomon Islands', 'Seychelles', 'Sudan', 'Sweden', 'Singapore', 'Saint Helena', 'Slovenia', 'Svalbard and Jan Mayen', 'Slovakia', 'Sierra Leone', 'San Marino', 'Senegal', 'Somalia', 'Suriname', 'South Sudan', 'São Tomé and Príncipe', 'El Salvador', 'Sint Maarten', 'Syria', 'Eswatini', 'Turks and Caicos Islands', 'Chad', 'French Southern Territories', 'Togo', 'Thailand', 'Tajikistan', 'Tokelau', 'Timor-Leste', 'Turkmenistan', 'Tunisia', 'Tonga', 'Türkiye', 'Trinidad and Tobago', 'Tuvalu', 'Taiwan', 'Tanzania', 'Ukraine', 'Uganda', 'U.S. Outlying Islands', 'United States', 'Uruguay', 'Uzbekistan', 'Vatican City', 'St Vincent and Grenadines', 'Venezuela', 'British Virgin Islands', 'U.S. Virgin Islands', 'Vietnam', 'Vanuatu', 'Wallis and Futuna', 'Samoa', 'Kosovo', 'Yemen', 'Mayotte', 'South Africa', 'Zambia', 'Zimbabwe']
2025-01-30 13:30:38,784 - __main__ - INFO - Response time for the request: 0.09 seconds
2025-01-30 13:30:38,784 - __main__ - INFO - ----------------------------------------------------------------------------------------------------
2025-01-30 13:30:39,116 - __main__ - INFO - Request came to fetch all countries.
2025-01-30 13:30:39,240 - __main__ - INFO - response: ['Andorra', 'United Arab Emirates', 'Afghanistan', 'Antigua and Barbuda', 'Anguilla', 'Albania', 'Armenia', 'Angola', 'Antarctica', 'Argentina', 'American Samoa', 'Austria', 'Australia', 'Aruba', 'Åland', 'Azerbaijan', 'Bosnia and Herzegovina', 'Barbados', 'Bangladesh', 'Belgium', 'Burkina Faso', 'Bulgaria', 'Bahrain', 'Burundi', 'Benin', 'Saint Barthélemy', 'Bermuda', 'Brunei', 'Bolivia', 'Bonaire, Sint Eustatius, and Saba', 'Brazil', 'Bahamas', 'Bhutan', 'Bouvet Island', 'Botswana', 'Belarus', 'Belize', 'Canada', 'Cocos (Keeling) Islands', 'DR Congo', 'Central African Republic', 'Congo Republic', 'Switzerland', 'Ivory Coast', 'Cook Islands', 'Chile', 'Cameroon', 'China', 'Colombia', 'Costa Rica', 'Cuba', 'Cabo Verde', 'Curaçao', 'Christmas Island', 'Cyprus', 'Czechia', 'Germany', 'Djibouti', 'Denmark', 'Dominica', 'Dominican Republic', 'Algeria', 'Ecuador', 'Estonia', 'Egypt', 'Western Sahara', 'Eritrea', 'Spain', 'Ethiopia', 'Finland', 'Fiji', 'Falkland Islands', 'Micronesia', 'Faroe Islands', 'France', 'Gabon', 'United Kingdom', 'Grenada', 'Georgia', 'French Guiana', 'Guernsey', 'Ghana', 'Gibraltar', 'Greenland', 'The Gambia', 'Guinea', 'Guadeloupe', 'Equatorial Guinea', 'Greece', 'South Georgia and South Sandwich Islands', 'Guatemala', 'Guam', 'Guinea-Bissau', 'Guyana', 'Hong Kong', 'Heard and McDonald Islands', 'Honduras', 'Croatia', 'Haiti', 'Hungary', 'Indonesia', 'Ireland', 'Israel', 'Isle of Man', 'India', 'British Indian Ocean Territory', 'Iraq', 'Iran', 'Iceland', 'Italy', 'Jersey', 'Jamaica', 'Jordan', 'Japan', 'Kenya', 'Kyrgyzstan', 'Cambodia', 'Kiribati', 'Comoros', 'St Kitts and Nevis', 'North Korea', 'South Korea', 'Kuwait', 'Cayman Islands', 'Kazakhstan', 'Laos', 'Lebanon', 'Saint Lucia', 'Liechtenstein', 'Sri Lanka', 'Liberia', 'Lesotho', 'Lithuania', 'Luxembourg', 'Latvia', 'Libya', 'Morocco', 'Monaco', 'Moldova', 'Montenegro', 'Saint Martin', 'Madagascar', 'Marshall Islands', 'North Macedonia', 'Mali', 'Myanmar', 'Mongolia', 'Macao', 'Northern Mariana Islands', 'Martinique', 'Mauritania', 'Montserrat', 'Malta', 'Mauritius', 'Maldives', 'Malawi', 'Mexico', 'Malaysia', 'Mozambique', 'Namibia', 'New Caledonia', 'Niger', 'Norfolk Island', 'Nigeria', 'Nicaragua', 'The Netherlands', 'Norway', 'Nepal', 'Nauru', 'Niue', 'New Zealand', 'Oman', 'Panama', 'Peru', 'French Polynesia', 'Papua New Guinea', 'Philippines', 'Pakistan', 'Poland', 'Saint Pierre and Miquelon', 'Pitcairn Islands', 'Puerto Rico', 'Palestine', 'Portugal', 'Palau', 'Paraguay', 'Qatar', 'Réunion', 'Romania', 'Serbia', 'Russia', 'Rwanda', 'Saudi Arabia', 'Solomon Islands', 'Seychelles', 'Sudan', 'Sweden', 'Singapore', 'Saint Helena', 'Slovenia', 'Svalbard and Jan Mayen', 'Slovakia', 'Sierra Leone', 'San Marino', 'Senegal', 'Somalia', 'Suriname', 'South Sudan', 'São Tomé and Príncipe', 'El Salvador', 'Sint Maarten', 'Syria', 'Eswatini', 'Turks and Caicos Islands', 'Chad', 'French Southern Territories', 'Togo', 'Thailand', 'Tajikistan', 'Tokelau', 'Timor-Leste', 'Turkmenistan', 'Tunisia', 'Tonga', 'Türkiye', 'Trinidad and Tobago', 'Tuvalu', 'Taiwan', 'Tanzania', 'Ukraine', 'Uganda', 'U.S. Outlying Islands', 'United States', 'Uruguay', 'Uzbekistan', 'Vatican City', 'St Vincent and Grenadines', 'Venezuela', 'British Virgin Islands', 'U.S. Virgin Islands', 'Vietnam', 'Vanuatu', 'Wallis and Futuna', 'Samoa', 'Kosovo', 'Yemen', 'Mayotte', 'South Africa', 'Zambia', 'Zimbabwe']
2025-01-30 13:30:39,274 - __main__ - INFO - Response time for the request: 0.16 seconds
2025-01-30 13:30:39,274 - __main__ - INFO - ----------------------------------------------------------------------------------------------------
2025-01-30 13:30:39,630 - __main__ - INFO - Request came to fetch all countries.
2025-01-30 13:30:39,789 - __main__ - INFO - response: ['Andorra', 'United Arab Emirates', 'Afghanistan', 'Antigua and Barbuda', 'Anguilla', 'Albania', 'Armenia', 'Angola', 'Antarctica', 'Argentina', 'American Samoa', 'Austria', 'Australia', 'Aruba', 'Åland', 'Azerbaijan', 'Bosnia and Herzegovina', 'Barbados', 'Bangladesh', 'Belgium', 'Burkina Faso', 'Bulgaria', 'Bahrain', 'Burundi', 'Benin', 'Saint Barthélemy', 'Bermuda', 'Brunei', 'Bolivia', 'Bonaire, Sint Eustatius, and Saba', 'Brazil', 'Bahamas', 'Bhutan', 'Bouvet Island', 'Botswana', 'Belarus', 'Belize', 'Canada', 'Cocos (Keeling) Islands', 'DR Congo', 'Central African Republic', 'Congo Republic', 'Switzerland', 'Ivory Coast', 'Cook Islands', 'Chile', 'Cameroon', 'China', 'Colombia', 'Costa Rica', 'Cuba', 'Cabo Verde', 'Curaçao', 'Christmas Island', 'Cyprus', 'Czechia', 'Germany', 'Djibouti', 'Denmark', 'Dominica', 'Dominican Republic', 'Algeria', 'Ecuador', 'Estonia', 'Egypt', 'Western Sahara', 'Eritrea', 'Spain', 'Ethiopia', 'Finland', 'Fiji', 'Falkland Islands', 'Micronesia', 'Faroe Islands', 'France', 'Gabon', 'United Kingdom', 'Grenada', 'Georgia', 'French Guiana', 'Guernsey', 'Ghana', 'Gibraltar', 'Greenland', 'The Gambia', 'Guinea', 'Guadeloupe', 'Equatorial Guinea', 'Greece', 'South Georgia and South Sandwich Islands', 'Guatemala', 'Guam', 'Guinea-Bissau', 'Guyana', 'Hong Kong', 'Heard and McDonald Islands', 'Honduras', 'Croatia', 'Haiti', 'Hungary', 'Indonesia', 'Ireland', 'Israel', 'Isle of Man', 'India', 'British Indian Ocean Territory', 'Iraq', 'Iran', 'Iceland', 'Italy', 'Jersey', 'Jamaica', 'Jordan', 'Japan', 'Kenya', 'Kyrgyzstan', 'Cambodia', 'Kiribati', 'Comoros', 'St Kitts and Nevis', 'North Korea', 'South Korea', 'Kuwait', 'Cayman Islands', 'Kazakhstan', 'Laos', 'Lebanon', 'Saint Lucia', 'Liechtenstein', 'Sri Lanka', 'Liberia', 'Lesotho', 'Lithuania', 'Luxembourg', 'Latvia', 'Libya', 'Morocco', 'Monaco', 'Moldova', 'Montenegro', 'Saint Martin', 'Madagascar', 'Marshall Islands', 'North Macedonia', 'Mali', 'Myanmar', 'Mongolia', 'Macao', 'Northern Mariana Islands', 'Martinique', 'Mauritania', 'Montserrat', 'Malta', 'Mauritius', 'Maldives', 'Malawi', 'Mexico', 'Malaysia', 'Mozambique', 'Namibia', 'New Caledonia', 'Niger', 'Norfolk Island', 'Nigeria', 'Nicaragua', 'The Netherlands', 'Norway', 'Nepal', 'Nauru', 'Niue', 'New Zealand', 'Oman', 'Panama', 'Peru', 'French Polynesia', 'Papua New Guinea', 'Philippines', 'Pakistan', 'Poland', 'Saint Pierre and Miquelon', 'Pitcairn Islands', 'Puerto Rico', 'Palestine', 'Portugal', 'Palau', 'Paraguay', 'Qatar', 'Réunion', 'Romania', 'Serbia', 'Russia', 'Rwanda', 'Saudi Arabia', 'Solomon Islands', 'Seychelles', 'Sudan', 'Sweden', 'Singapore', 'Saint Helena', 'Slovenia', 'Svalbard and Jan Mayen', 'Slovakia', 'Sierra Leone', 'San Marino', 'Senegal', 'Somalia', 'Suriname', 'South Sudan', 'São Tomé and Príncipe', 'El Salvador', 'Sint Maarten', 'Syria', 'Eswatini', 'Turks and Caicos Islands', 'Chad', 'French Southern Territories', 'Togo', 'Thailand', 'Tajikistan', 'Tokelau', 'Timor-Leste', 'Turkmenistan', 'Tunisia', 'Tonga', 'Türkiye', 'Trinidad and Tobago', 'Tuvalu', 'Taiwan', 'Tanzania', 'Ukraine', 'Uganda', 'U.S. Outlying Islands', 'United States', 'Uruguay', 'Uzbekistan', 'Vatican City', 'St Vincent and Grenadines', 'Venezuela', 'British Virgin Islands', 'U.S. Virgin Islands', 'Vietnam', 'Vanuatu', 'Wallis and Futuna', 'Samoa', 'Kosovo', 'Yemen', 'Mayotte', 'South Africa', 'Zambia', 'Zimbabwe']
2025-01-30 13:30:39,798 - __main__ - INFO - Response time for the request: 0.17 seconds
2025-01-30 13:30:39,799 - __main__ - INFO - ----------------------------------------------------------------------------------------------------
2025-01-30 13:30:52,738 - __main__ - INFO - Request came to fetch all countries.
2025-01-30 13:30:53,181 - __main__ - INFO - response: ['Andorra', 'United Arab Emirates', 'Afghanistan', 'Antigua and Barbuda', 'Anguilla', 'Albania', 'Armenia', 'Angola', 'Antarctica', 'Argentina', 'American Samoa', 'Austria', 'Australia', 'Aruba', 'Åland', 'Azerbaijan', 'Bosnia and Herzegovina', 'Barbados', 'Bangladesh', 'Belgium', 'Burkina Faso', 'Bulgaria', 'Bahrain', 'Burundi', 'Benin', 'Saint Barthélemy', 'Bermuda', 'Brunei', 'Bolivia', 'Bonaire, Sint Eustatius, and Saba', 'Brazil', 'Bahamas', 'Bhutan', 'Bouvet Island', 'Botswana', 'Belarus', 'Belize', 'Canada', 'Cocos (Keeling) Islands', 'DR Congo', 'Central African Republic', 'Congo Republic', 'Switzerland', 'Ivory Coast', 'Cook Islands', 'Chile', 'Cameroon', 'China', 'Colombia', 'Costa Rica', 'Cuba', 'Cabo Verde', 'Curaçao', 'Christmas Island', 'Cyprus', 'Czechia', 'Germany', 'Djibouti', 'Denmark', 'Dominica', 'Dominican Republic', 'Algeria', 'Ecuador', 'Estonia', 'Egypt', 'Western Sahara', 'Eritrea', 'Spain', 'Ethiopia', 'Finland', 'Fiji', 'Falkland Islands', 'Micronesia', 'Faroe Islands', 'France', 'Gabon', 'United Kingdom', 'Grenada', 'Georgia', 'French Guiana', 'Guernsey', 'Ghana', 'Gibraltar', 'Greenland', 'The Gambia', 'Guinea', 'Guadeloupe', 'Equatorial Guinea', 'Greece', 'South Georgia and South Sandwich Islands', 'Guatemala', 'Guam', 'Guinea-Bissau', 'Guyana', 'Hong Kong', 'Heard and McDonald Islands', 'Honduras', 'Croatia', 'Haiti', 'Hungary', 'Indonesia', 'Ireland', 'Israel', 'Isle of Man', 'India', 'British Indian Ocean Territory', 'Iraq', 'Iran', 'Iceland', 'Italy', 'Jersey', 'Jamaica', 'Jordan', 'Japan', 'Kenya', 'Kyrgyzstan', 'Cambodia', 'Kiribati', 'Comoros', 'St Kitts and Nevis', 'North Korea', 'South Korea', 'Kuwait', 'Cayman Islands', 'Kazakhstan', 'Laos', 'Lebanon', 'Saint Lucia', 'Liechtenstein', 'Sri Lanka', 'Liberia', 'Lesotho', 'Lithuania', 'Luxembourg', 'Latvia', 'Libya', 'Morocco', 'Monaco', 'Moldova', 'Montenegro', 'Saint Martin', 'Madagascar', 'Marshall Islands', 'North Macedonia', 'Mali', 'Myanmar', 'Mongolia', 'Macao', 'Northern Mariana Islands', 'Martinique', 'Mauritania', 'Montserrat', 'Malta', 'Mauritius', 'Maldives', 'Malawi', 'Mexico', 'Malaysia', 'Mozambique', 'Namibia', 'New Caledonia', 'Niger', 'Norfolk Island', 'Nigeria', 'Nicaragua', 'The Netherlands', 'Norway', 'Nepal', 'Nauru', 'Niue', 'New Zealand', 'Oman', 'Panama', 'Peru', 'French Polynesia', 'Papua New Guinea', 'Philippines', 'Pakistan', 'Poland', 'Saint Pierre and Miquelon', 'Pitcairn Islands', 'Puerto Rico', 'Palestine', 'Portugal', 'Palau', 'Paraguay', 'Qatar', 'Réunion', 'Romania', 'Serbia', 'Russia', 'Rwanda', 'Saudi Arabia', 'Solomon Islands', 'Seychelles', 'Sudan', 'Sweden', 'Singapore', 'Saint Helena', 'Slovenia', 'Svalbard and Jan Mayen', 'Slovakia', 'Sierra Leone', 'San Marino', 'Senegal', 'Somalia', 'Suriname', 'South Sudan', 'São Tomé and Príncipe', 'El Salvador', 'Sint Maarten', 'Syria', 'Eswatini', 'Turks and Caicos Islands', 'Chad', 'French Southern Territories', 'Togo', 'Thailand', 'Tajikistan', 'Tokelau', 'Timor-Leste', 'Turkmenistan', 'Tunisia', 'Tonga', 'Türkiye', 'Trinidad and Tobago', 'Tuvalu', 'Taiwan', 'Tanzania', 'Ukraine', 'Uganda', 'U.S. Outlying Islands', 'United States', 'Uruguay', 'Uzbekistan', 'Vatican City', 'St Vincent and Grenadines', 'Venezuela', 'British Virgin Islands', 'U.S. Virgin Islands', 'Vietnam', 'Vanuatu', 'Wallis and Futuna', 'Samoa', 'Kosovo', 'Yemen', 'Mayotte', 'South Africa', 'Zambia', 'Zimbabwe']
2025-01-30 13:30:53,188 - __main__ - INFO - Response time for the request: 0.45 seconds
2025-01-30 13:30:53,189 - __main__ - INFO - ----------------------------------------------------------------------------------------------------
2025-01-30 13:30:53,230 - __main__ - INFO - Received request: {'latitude': 13.092958, 'longitude': 80.198554}
2025-01-30 13:30:53,429 - __main__ - INFO - Received request: {'latitude': 13.092958, 'longitude': 80.198554}
2025-01-30 13:30:53,584 - __main__ - INFO - Request came to fetch all countries.
2025-01-30 13:30:53,971 - __main__ - INFO - response: ['Andorra', 'United Arab Emirates', 'Afghanistan', 'Antigua and Barbuda', 'Anguilla', 'Albania', 'Armenia', 'Angola', 'Antarctica', 'Argentina', 'American Samoa', 'Austria', 'Australia', 'Aruba', 'Åland', 'Azerbaijan', 'Bosnia and Herzegovina', 'Barbados', 'Bangladesh', 'Belgium', 'Burkina Faso', 'Bulgaria', 'Bahrain', 'Burundi', 'Benin', 'Saint Barthélemy', 'Bermuda', 'Brunei', 'Bolivia', 'Bonaire, Sint Eustatius, and Saba', 'Brazil', 'Bahamas', 'Bhutan', 'Bouvet Island', 'Botswana', 'Belarus', 'Belize', 'Canada', 'Cocos (Keeling) Islands', 'DR Congo', 'Central African Republic', 'Congo Republic', 'Switzerland', 'Ivory Coast', 'Cook Islands', 'Chile', 'Cameroon', 'China', 'Colombia', 'Costa Rica', 'Cuba', 'Cabo Verde', 'Curaçao', 'Christmas Island', 'Cyprus', 'Czechia', 'Germany', 'Djibouti', 'Denmark', 'Dominica', 'Dominican Republic', 'Algeria', 'Ecuador', 'Estonia', 'Egypt', 'Western Sahara', 'Eritrea', 'Spain', 'Ethiopia', 'Finland', 'Fiji', 'Falkland Islands', 'Micronesia', 'Faroe Islands', 'France', 'Gabon', 'United Kingdom', 'Grenada', 'Georgia', 'French Guiana', 'Guernsey', 'Ghana', 'Gibraltar', 'Greenland', 'The Gambia', 'Guinea', 'Guadeloupe', 'Equatorial Guinea', 'Greece', 'South Georgia and South Sandwich Islands', 'Guatemala', 'Guam', 'Guinea-Bissau', 'Guyana', 'Hong Kong', 'Heard and McDonald Islands', 'Honduras', 'Croatia', 'Haiti', 'Hungary', 'Indonesia', 'Ireland', 'Israel', 'Isle of Man', 'India', 'British Indian Ocean Territory', 'Iraq', 'Iran', 'Iceland', 'Italy', 'Jersey', 'Jamaica', 'Jordan', 'Japan', 'Kenya', 'Kyrgyzstan', 'Cambodia', 'Kiribati', 'Comoros', 'St Kitts and Nevis', 'North Korea', 'South Korea', 'Kuwait', 'Cayman Islands', 'Kazakhstan', 'Laos', 'Lebanon', 'Saint Lucia', 'Liechtenstein', 'Sri Lanka', 'Liberia', 'Lesotho', 'Lithuania', 'Luxembourg', 'Latvia', 'Libya', 'Morocco', 'Monaco', 'Moldova', 'Montenegro', 'Saint Martin', 'Madagascar', 'Marshall Islands', 'North Macedonia', 'Mali', 'Myanmar', 'Mongolia', 'Macao', 'Northern Mariana Islands', 'Martinique', 'Mauritania', 'Montserrat', 'Malta', 'Mauritius', 'Maldives', 'Malawi', 'Mexico', 'Malaysia', 'Mozambique', 'Namibia', 'New Caledonia', 'Niger', 'Norfolk Island', 'Nigeria', 'Nicaragua', 'The Netherlands', 'Norway', 'Nepal', 'Nauru', 'Niue', 'New Zealand', 'Oman', 'Panama', 'Peru', 'French Polynesia', 'Papua New Guinea', 'Philippines', 'Pakistan', 'Poland', 'Saint Pierre and Miquelon', 'Pitcairn Islands', 'Puerto Rico', 'Palestine', 'Portugal', 'Palau', 'Paraguay', 'Qatar', 'Réunion', 'Romania', 'Serbia', 'Russia', 'Rwanda', 'Saudi Arabia', 'Solomon Islands', 'Seychelles', 'Sudan', 'Sweden', 'Singapore', 'Saint Helena', 'Slovenia', 'Svalbard and Jan Mayen', 'Slovakia', 'Sierra Leone', 'San Marino', 'Senegal', 'Somalia', 'Suriname', 'South Sudan', 'São Tomé and Príncipe', 'El Salvador', 'Sint Maarten', 'Syria', 'Eswatini', 'Turks and Caicos Islands', 'Chad', 'French Southern Territories', 'Togo', 'Thailand', 'Tajikistan', 'Tokelau', 'Timor-Leste', 'Turkmenistan', 'Tunisia', 'Tonga', 'Türkiye', 'Trinidad and Tobago', 'Tuvalu', 'Taiwan', 'Tanzania', 'Ukraine', 'Uganda', 'U.S. Outlying Islands', 'United States', 'Uruguay', 'Uzbekistan', 'Vatican City', 'St Vincent and Grenadines', 'Venezuela', 'British Virgin Islands', 'U.S. Virgin Islands', 'Vietnam', 'Vanuatu', 'Wallis and Futuna', 'Samoa', 'Kosovo', 'Yemen', 'Mayotte', 'South Africa', 'Zambia', 'Zimbabwe']
2025-01-30 13:30:53,977 - __main__ - INFO - Response time for the request: 0.39 seconds
2025-01-30 13:30:53,978 - __main__ - INFO - ----------------------------------------------------------------------------------------------------
2025-01-30 13:30:56,030 - __main__ - INFO - response: <Response 213 bytes [200 OK]>
2025-01-30 13:30:56,031 - __main__ - INFO - Response time for the request: 2.80 seconds
2025-01-30 13:30:56,031 - __main__ - INFO - ----------------------------------------------------------------------------------------------------
2025-01-30 13:30:56,057 - __main__ - INFO - response: <Response 213 bytes [200 OK]>
2025-01-30 13:30:56,057 - __main__ - INFO - Response time for the request: 2.63 seconds
2025-01-30 13:30:56,059 - __main__ - INFO - ----------------------------------------------------------------------------------------------------
2025-01-30 13:31:28,296 - __main__ - INFO - Request came to fetch all countries.
2025-01-30 13:31:28,516 - __main__ - INFO - response: ['Andorra', 'United Arab Emirates', 'Afghanistan', 'Antigua and Barbuda', 'Anguilla', 'Albania', 'Armenia', 'Angola', 'Antarctica', 'Argentina', 'American Samoa', 'Austria', 'Australia', 'Aruba', 'Åland', 'Azerbaijan', 'Bosnia and Herzegovina', 'Barbados', 'Bangladesh', 'Belgium', 'Burkina Faso', 'Bulgaria', 'Bahrain', 'Burundi', 'Benin', 'Saint Barthélemy', 'Bermuda', 'Brunei', 'Bolivia', 'Bonaire, Sint Eustatius, and Saba', 'Brazil', 'Bahamas', 'Bhutan', 'Bouvet Island', 'Botswana', 'Belarus', 'Belize', 'Canada', 'Cocos (Keeling) Islands', 'DR Congo', 'Central African Republic', 'Congo Republic', 'Switzerland', 'Ivory Coast', 'Cook Islands', 'Chile', 'Cameroon', 'China', 'Colombia', 'Costa Rica', 'Cuba', 'Cabo Verde', 'Curaçao', 'Christmas Island', 'Cyprus', 'Czechia', 'Germany', 'Djibouti', 'Denmark', 'Dominica', 'Dominican Republic', 'Algeria', 'Ecuador', 'Estonia', 'Egypt', 'Western Sahara', 'Eritrea', 'Spain', 'Ethiopia', 'Finland', 'Fiji', 'Falkland Islands', 'Micronesia', 'Faroe Islands', 'France', 'Gabon', 'United Kingdom', 'Grenada', 'Georgia', 'French Guiana', 'Guernsey', 'Ghana', 'Gibraltar', 'Greenland', 'The Gambia', 'Guinea', 'Guadeloupe', 'Equatorial Guinea', 'Greece', 'South Georgia and South Sandwich Islands', 'Guatemala', 'Guam', 'Guinea-Bissau', 'Guyana', 'Hong Kong', 'Heard and McDonald Islands', 'Honduras', 'Croatia', 'Haiti', 'Hungary', 'Indonesia', 'Ireland', 'Israel', 'Isle of Man', 'India', 'British Indian Ocean Territory', 'Iraq', 'Iran', 'Iceland', 'Italy', 'Jersey', 'Jamaica', 'Jordan', 'Japan', 'Kenya', 'Kyrgyzstan', 'Cambodia', 'Kiribati', 'Comoros', 'St Kitts and Nevis', 'North Korea', 'South Korea', 'Kuwait', 'Cayman Islands', 'Kazakhstan', 'Laos', 'Lebanon', 'Saint Lucia', 'Liechtenstein', 'Sri Lanka', 'Liberia', 'Lesotho', 'Lithuania', 'Luxembourg', 'Latvia', 'Libya', 'Morocco', 'Monaco', 'Moldova', 'Montenegro', 'Saint Martin', 'Madagascar', 'Marshall Islands', 'North Macedonia', 'Mali', 'Myanmar', 'Mongolia', 'Macao', 'Northern Mariana Islands', 'Martinique', 'Mauritania', 'Montserrat', 'Malta', 'Mauritius', 'Maldives', 'Malawi', 'Mexico', 'Malaysia', 'Mozambique', 'Namibia', 'New Caledonia', 'Niger', 'Norfolk Island', 'Nigeria', 'Nicaragua', 'The Netherlands', 'Norway', 'Nepal', 'Nauru', 'Niue', 'New Zealand', 'Oman', 'Panama', 'Peru', 'French Polynesia', 'Papua New Guinea', 'Philippines', 'Pakistan', 'Poland', 'Saint Pierre and Miquelon', 'Pitcairn Islands', 'Puerto Rico', 'Palestine', 'Portugal', 'Palau', 'Paraguay', 'Qatar', 'Réunion', 'Romania', 'Serbia', 'Russia', 'Rwanda', 'Saudi Arabia', 'Solomon Islands', 'Seychelles', 'Sudan', 'Sweden', 'Singapore', 'Saint Helena', 'Slovenia', 'Svalbard and Jan Mayen', 'Slovakia', 'Sierra Leone', 'San Marino', 'Senegal', 'Somalia', 'Suriname', 'South Sudan', 'São Tomé and Príncipe', 'El Salvador', 'Sint Maarten', 'Syria', 'Eswatini', 'Turks and Caicos Islands', 'Chad', 'French Southern Territories', 'Togo', 'Thailand', 'Tajikistan', 'Tokelau', 'Timor-Leste', 'Turkmenistan', 'Tunisia', 'Tonga', 'Türkiye', 'Trinidad and Tobago', 'Tuvalu', 'Taiwan', 'Tanzania', 'Ukraine', 'Uganda', 'U.S. Outlying Islands', 'United States', 'Uruguay', 'Uzbekistan', 'Vatican City', 'St Vincent and Grenadines', 'Venezuela', 'British Virgin Islands', 'U.S. Virgin Islands', 'Vietnam', 'Vanuatu', 'Wallis and Futuna', 'Samoa', 'Kosovo', 'Yemen', 'Mayotte', 'South Africa', 'Zambia', 'Zimbabwe']
2025-01-30 13:31:28,520 - __main__ - INFO - Response time for the request: 0.22 seconds
2025-01-30 13:31:28,520 - __main__ - INFO - ----------------------------------------------------------------------------------------------------
2025-01-30 13:31:28,670 - __main__ - INFO - Request came to fetch all countries.
2025-01-30 13:31:28,826 - __main__ - INFO - response: ['Andorra', 'United Arab Emirates', 'Afghanistan', 'Antigua and Barbuda', 'Anguilla', 'Albania', 'Armenia', 'Angola', 'Antarctica', 'Argentina', 'American Samoa', 'Austria', 'Australia', 'Aruba', 'Åland', 'Azerbaijan', 'Bosnia and Herzegovina', 'Barbados', 'Bangladesh', 'Belgium', 'Burkina Faso', 'Bulgaria', 'Bahrain', 'Burundi', 'Benin', 'Saint Barthélemy', 'Bermuda', 'Brunei', 'Bolivia', 'Bonaire, Sint Eustatius, and Saba', 'Brazil', 'Bahamas', 'Bhutan', 'Bouvet Island', 'Botswana', 'Belarus', 'Belize', 'Canada', 'Cocos (Keeling) Islands', 'DR Congo', 'Central African Republic', 'Congo Republic', 'Switzerland', 'Ivory Coast', 'Cook Islands', 'Chile', 'Cameroon', 'China', 'Colombia', 'Costa Rica', 'Cuba', 'Cabo Verde', 'Curaçao', 'Christmas Island', 'Cyprus', 'Czechia', 'Germany', 'Djibouti', 'Denmark', 'Dominica', 'Dominican Republic', 'Algeria', 'Ecuador', 'Estonia', 'Egypt', 'Western Sahara', 'Eritrea', 'Spain', 'Ethiopia', 'Finland', 'Fiji', 'Falkland Islands', 'Micronesia', 'Faroe Islands', 'France', 'Gabon', 'United Kingdom', 'Grenada', 'Georgia', 'French Guiana', 'Guernsey', 'Ghana', 'Gibraltar', 'Greenland', 'The Gambia', 'Guinea', 'Guadeloupe', 'Equatorial Guinea', 'Greece', 'South Georgia and South Sandwich Islands', 'Guatemala', 'Guam', 'Guinea-Bissau', 'Guyana', 'Hong Kong', 'Heard and McDonald Islands', 'Honduras', 'Croatia', 'Haiti', 'Hungary', 'Indonesia', 'Ireland', 'Israel', 'Isle of Man', 'India', 'British Indian Ocean Territory', 'Iraq', 'Iran', 'Iceland', 'Italy', 'Jersey', 'Jamaica', 'Jordan', 'Japan', 'Kenya', 'Kyrgyzstan', 'Cambodia', 'Kiribati', 'Comoros', 'St Kitts and Nevis', 'North Korea', 'South Korea', 'Kuwait', 'Cayman Islands', 'Kazakhstan', 'Laos', 'Lebanon', 'Saint Lucia', 'Liechtenstein', 'Sri Lanka', 'Liberia', 'Lesotho', 'Lithuania', 'Luxembourg', 'Latvia', 'Libya', 'Morocco', 'Monaco', 'Moldova', 'Montenegro', 'Saint Martin', 'Madagascar', 'Marshall Islands', 'North Macedonia', 'Mali', 'Myanmar', 'Mongolia', 'Macao', 'Northern Mariana Islands', 'Martinique', 'Mauritania', 'Montserrat', 'Malta', 'Mauritius', 'Maldives', 'Malawi', 'Mexico', 'Malaysia', 'Mozambique', 'Namibia', 'New Caledonia', 'Niger', 'Norfolk Island', 'Nigeria', 'Nicaragua', 'The Netherlands', 'Norway', 'Nepal', 'Nauru', 'Niue', 'New Zealand', 'Oman', 'Panama', 'Peru', 'French Polynesia', 'Papua New Guinea', 'Philippines', 'Pakistan', 'Poland', 'Saint Pierre and Miquelon', 'Pitcairn Islands', 'Puerto Rico', 'Palestine', 'Portugal', 'Palau', 'Paraguay', 'Qatar', 'Réunion', 'Romania', 'Serbia', 'Russia', 'Rwanda', 'Saudi Arabia', 'Solomon Islands', 'Seychelles', 'Sudan', 'Sweden', 'Singapore', 'Saint Helena', 'Slovenia', 'Svalbard and Jan Mayen', 'Slovakia', 'Sierra Leone', 'San Marino', 'Senegal', 'Somalia', 'Suriname', 'South Sudan', 'São Tomé and Príncipe', 'El Salvador', 'Sint Maarten', 'Syria', 'Eswatini', 'Turks and Caicos Islands', 'Chad', 'French Southern Territories', 'Togo', 'Thailand', 'Tajikistan', 'Tokelau', 'Timor-Leste', 'Turkmenistan', 'Tunisia', 'Tonga', 'Türkiye', 'Trinidad and Tobago', 'Tuvalu', 'Taiwan', 'Tanzania', 'Ukraine', 'Uganda', 'U.S. Outlying Islands', 'United States', 'Uruguay', 'Uzbekistan', 'Vatican City', 'St Vincent and Grenadines', 'Venezuela', 'British Virgin Islands', 'U.S. Virgin Islands', 'Vietnam', 'Vanuatu', 'Wallis and Futuna', 'Samoa', 'Kosovo', 'Yemen', 'Mayotte', 'South Africa', 'Zambia', 'Zimbabwe']
2025-01-30 13:31:28,838 - __main__ - INFO - Response time for the request: 0.17 seconds
2025-01-30 13:31:28,839 - __main__ - INFO - ----------------------------------------------------------------------------------------------------
2025-01-30 13:31:29,241 - __main__ - INFO - Request came to fetch all countries.
2025-01-30 13:31:29,401 - __main__ - INFO - response: ['Andorra', 'United Arab Emirates', 'Afghanistan', 'Antigua and Barbuda', 'Anguilla', 'Albania', 'Armenia', 'Angola', 'Antarctica', 'Argentina', 'American Samoa', 'Austria', 'Australia', 'Aruba', 'Åland', 'Azerbaijan', 'Bosnia and Herzegovina', 'Barbados', 'Bangladesh', 'Belgium', 'Burkina Faso', 'Bulgaria', 'Bahrain', 'Burundi', 'Benin', 'Saint Barthélemy', 'Bermuda', 'Brunei', 'Bolivia', 'Bonaire, Sint Eustatius, and Saba', 'Brazil', 'Bahamas', 'Bhutan', 'Bouvet Island', 'Botswana', 'Belarus', 'Belize', 'Canada', 'Cocos (Keeling) Islands', 'DR Congo', 'Central African Republic', 'Congo Republic', 'Switzerland', 'Ivory Coast', 'Cook Islands', 'Chile', 'Cameroon', 'China', 'Colombia', 'Costa Rica', 'Cuba', 'Cabo Verde', 'Curaçao', 'Christmas Island', 'Cyprus', 'Czechia', 'Germany', 'Djibouti', 'Denmark', 'Dominica', 'Dominican Republic', 'Algeria', 'Ecuador', 'Estonia', 'Egypt', 'Western Sahara', 'Eritrea', 'Spain', 'Ethiopia', 'Finland', 'Fiji', 'Falkland Islands', 'Micronesia', 'Faroe Islands', 'France', 'Gabon', 'United Kingdom', 'Grenada', 'Georgia', 'French Guiana', 'Guernsey', 'Ghana', 'Gibraltar', 'Greenland', 'The Gambia', 'Guinea', 'Guadeloupe', 'Equatorial Guinea', 'Greece', 'South Georgia and South Sandwich Islands', 'Guatemala', 'Guam', 'Guinea-Bissau', 'Guyana', 'Hong Kong', 'Heard and McDonald Islands', 'Honduras', 'Croatia', 'Haiti', 'Hungary', 'Indonesia', 'Ireland', 'Israel', 'Isle of Man', 'India', 'British Indian Ocean Territory', 'Iraq', 'Iran', 'Iceland', 'Italy', 'Jersey', 'Jamaica', 'Jordan', 'Japan', 'Kenya', 'Kyrgyzstan', 'Cambodia', 'Kiribati', 'Comoros', 'St Kitts and Nevis', 'North Korea', 'South Korea', 'Kuwait', 'Cayman Islands', 'Kazakhstan', 'Laos', 'Lebanon', 'Saint Lucia', 'Liechtenstein', 'Sri Lanka', 'Liberia', 'Lesotho', 'Lithuania', 'Luxembourg', 'Latvia', 'Libya', 'Morocco', 'Monaco', 'Moldova', 'Montenegro', 'Saint Martin', 'Madagascar', 'Marshall Islands', 'North Macedonia', 'Mali', 'Myanmar', 'Mongolia', 'Macao', 'Northern Mariana Islands', 'Martinique', 'Mauritania', 'Montserrat', 'Malta', 'Mauritius', 'Maldives', 'Malawi', 'Mexico', 'Malaysia', 'Mozambique', 'Namibia', 'New Caledonia', 'Niger', 'Norfolk Island', 'Nigeria', 'Nicaragua', 'The Netherlands', 'Norway', 'Nepal', 'Nauru', 'Niue', 'New Zealand', 'Oman', 'Panama', 'Peru', 'French Polynesia', 'Papua New Guinea', 'Philippines', 'Pakistan', 'Poland', 'Saint Pierre and Miquelon', 'Pitcairn Islands', 'Puerto Rico', 'Palestine', 'Portugal', 'Palau', 'Paraguay', 'Qatar', 'Réunion', 'Romania', 'Serbia', 'Russia', 'Rwanda', 'Saudi Arabia', 'Solomon Islands', 'Seychelles', 'Sudan', 'Sweden', 'Singapore', 'Saint Helena', 'Slovenia', 'Svalbard and Jan Mayen', 'Slovakia', 'Sierra Leone', 'San Marino', 'Senegal', 'Somalia', 'Suriname', 'South Sudan', 'São Tomé and Príncipe', 'El Salvador', 'Sint Maarten', 'Syria', 'Eswatini', 'Turks and Caicos Islands', 'Chad', 'French Southern Territories', 'Togo', 'Thailand', 'Tajikistan', 'Tokelau', 'Timor-Leste', 'Turkmenistan', 'Tunisia', 'Tonga', 'Türkiye', 'Trinidad and Tobago', 'Tuvalu', 'Taiwan', 'Tanzania', 'Ukraine', 'Uganda', 'U.S. Outlying Islands', 'United States', 'Uruguay', 'Uzbekistan', 'Vatican City', 'St Vincent and Grenadines', 'Venezuela', 'British Virgin Islands', 'U.S. Virgin Islands', 'Vietnam', 'Vanuatu', 'Wallis and Futuna', 'Samoa', 'Kosovo', 'Yemen', 'Mayotte', 'South Africa', 'Zambia', 'Zimbabwe']
2025-01-30 13:31:29,408 - __main__ - INFO - Response time for the request: 0.17 seconds
2025-01-30 13:31:29,408 - __main__ - INFO - ----------------------------------------------------------------------------------------------------
2025-01-30 13:31:29,493 - __main__ - INFO - Request came to fetch all countries.
2025-01-30 13:31:29,587 - __main__ - INFO - response: ['Andorra', 'United Arab Emirates', 'Afghanistan', 'Antigua and Barbuda', 'Anguilla', 'Albania', 'Armenia', 'Angola', 'Antarctica', 'Argentina', 'American Samoa', 'Austria', 'Australia', 'Aruba', 'Åland', 'Azerbaijan', 'Bosnia and Herzegovina', 'Barbados', 'Bangladesh', 'Belgium', 'Burkina Faso', 'Bulgaria', 'Bahrain', 'Burundi', 'Benin', 'Saint Barthélemy', 'Bermuda', 'Brunei', 'Bolivia', 'Bonaire, Sint Eustatius, and Saba', 'Brazil', 'Bahamas', 'Bhutan', 'Bouvet Island', 'Botswana', 'Belarus', 'Belize', 'Canada', 'Cocos (Keeling) Islands', 'DR Congo', 'Central African Republic', 'Congo Republic', 'Switzerland', 'Ivory Coast', 'Cook Islands', 'Chile', 'Cameroon', 'China', 'Colombia', 'Costa Rica', 'Cuba', 'Cabo Verde', 'Curaçao', 'Christmas Island', 'Cyprus', 'Czechia', 'Germany', 'Djibouti', 'Denmark', 'Dominica', 'Dominican Republic', 'Algeria', 'Ecuador', 'Estonia', 'Egypt', 'Western Sahara', 'Eritrea', 'Spain', 'Ethiopia', 'Finland', 'Fiji', 'Falkland Islands', 'Micronesia', 'Faroe Islands', 'France', 'Gabon', 'United Kingdom', 'Grenada', 'Georgia', 'French Guiana', 'Guernsey', 'Ghana', 'Gibraltar', 'Greenland', 'The Gambia', 'Guinea', 'Guadeloupe', 'Equatorial Guinea', 'Greece', 'South Georgia and South Sandwich Islands', 'Guatemala', 'Guam', 'Guinea-Bissau', 'Guyana', 'Hong Kong', 'Heard and McDonald Islands', 'Honduras', 'Croatia', 'Haiti', 'Hungary', 'Indonesia', 'Ireland', 'Israel', 'Isle of Man', 'India', 'British Indian Ocean Territory', 'Iraq', 'Iran', 'Iceland', 'Italy', 'Jersey', 'Jamaica', 'Jordan', 'Japan', 'Kenya', 'Kyrgyzstan', 'Cambodia', 'Kiribati', 'Comoros', 'St Kitts and Nevis', 'North Korea', 'South Korea', 'Kuwait', 'Cayman Islands', 'Kazakhstan', 'Laos', 'Lebanon', 'Saint Lucia', 'Liechtenstein', 'Sri Lanka', 'Liberia', 'Lesotho', 'Lithuania', 'Luxembourg', 'Latvia', 'Libya', 'Morocco', 'Monaco', 'Moldova', 'Montenegro', 'Saint Martin', 'Madagascar', 'Marshall Islands', 'North Macedonia', 'Mali', 'Myanmar', 'Mongolia', 'Macao', 'Northern Mariana Islands', 'Martinique', 'Mauritania', 'Montserrat', 'Malta', 'Mauritius', 'Maldives', 'Malawi', 'Mexico', 'Malaysia', 'Mozambique', 'Namibia', 'New Caledonia', 'Niger', 'Norfolk Island', 'Nigeria', 'Nicaragua', 'The Netherlands', 'Norway', 'Nepal', 'Nauru', 'Niue', 'New Zealand', 'Oman', 'Panama', 'Peru', 'French Polynesia', 'Papua New Guinea', 'Philippines', 'Pakistan', 'Poland', 'Saint Pierre and Miquelon', 'Pitcairn Islands', 'Puerto Rico', 'Palestine', 'Portugal', 'Palau', 'Paraguay', 'Qatar', 'Réunion', 'Romania', 'Serbia', 'Russia', 'Rwanda', 'Saudi Arabia', 'Solomon Islands', 'Seychelles', 'Sudan', 'Sweden', 'Singapore', 'Saint Helena', 'Slovenia', 'Svalbard and Jan Mayen', 'Slovakia', 'Sierra Leone', 'San Marino', 'Senegal', 'Somalia', 'Suriname', 'South Sudan', 'São Tomé and Príncipe', 'El Salvador', 'Sint Maarten', 'Syria', 'Eswatini', 'Turks and Caicos Islands', 'Chad', 'French Southern Territories', 'Togo', 'Thailand', 'Tajikistan', 'Tokelau', 'Timor-Leste', 'Turkmenistan', 'Tunisia', 'Tonga', 'Türkiye', 'Trinidad and Tobago', 'Tuvalu', 'Taiwan', 'Tanzania', 'Ukraine', 'Uganda', 'U.S. Outlying Islands', 'United States', 'Uruguay', 'Uzbekistan', 'Vatican City', 'St Vincent and Grenadines', 'Venezuela', 'British Virgin Islands', 'U.S. Virgin Islands', 'Vietnam', 'Vanuatu', 'Wallis and Futuna', 'Samoa', 'Kosovo', 'Yemen', 'Mayotte', 'South Africa', 'Zambia', 'Zimbabwe']
2025-01-30 13:31:29,592 - __main__ - INFO - Response time for the request: 0.10 seconds
2025-01-30 13:31:29,592 - __main__ - INFO - ----------------------------------------------------------------------------------------------------
2025-01-30 13:31:35,864 - __main__ - INFO - Request came to fetch all countries.
2025-01-30 13:31:36,116 - __main__ - INFO - response: ['Andorra', 'United Arab Emirates', 'Afghanistan', 'Antigua and Barbuda', 'Anguilla', 'Albania', 'Armenia', 'Angola', 'Antarctica', 'Argentina', 'American Samoa', 'Austria', 'Australia', 'Aruba', 'Åland', 'Azerbaijan', 'Bosnia and Herzegovina', 'Barbados', 'Bangladesh', 'Belgium', 'Burkina Faso', 'Bulgaria', 'Bahrain', 'Burundi', 'Benin', 'Saint Barthélemy', 'Bermuda', 'Brunei', 'Bolivia', 'Bonaire, Sint Eustatius, and Saba', 'Brazil', 'Bahamas', 'Bhutan', 'Bouvet Island', 'Botswana', 'Belarus', 'Belize', 'Canada', 'Cocos (Keeling) Islands', 'DR Congo', 'Central African Republic', 'Congo Republic', 'Switzerland', 'Ivory Coast', 'Cook Islands', 'Chile', 'Cameroon', 'China', 'Colombia', 'Costa Rica', 'Cuba', 'Cabo Verde', 'Curaçao', 'Christmas Island', 'Cyprus', 'Czechia', 'Germany', 'Djibouti', 'Denmark', 'Dominica', 'Dominican Republic', 'Algeria', 'Ecuador', 'Estonia', 'Egypt', 'Western Sahara', 'Eritrea', 'Spain', 'Ethiopia', 'Finland', 'Fiji', 'Falkland Islands', 'Micronesia', 'Faroe Islands', 'France', 'Gabon', 'United Kingdom', 'Grenada', 'Georgia', 'French Guiana', 'Guernsey', 'Ghana', 'Gibraltar', 'Greenland', 'The Gambia', 'Guinea', 'Guadeloupe', 'Equatorial Guinea', 'Greece', 'South Georgia and South Sandwich Islands', 'Guatemala', 'Guam', 'Guinea-Bissau', 'Guyana', 'Hong Kong', 'Heard and McDonald Islands', 'Honduras', 'Croatia', 'Haiti', 'Hungary', 'Indonesia', 'Ireland', 'Israel', 'Isle of Man', 'India', 'British Indian Ocean Territory', 'Iraq', 'Iran', 'Iceland', 'Italy', 'Jersey', 'Jamaica', 'Jordan', 'Japan', 'Kenya', 'Kyrgyzstan', 'Cambodia', 'Kiribati', 'Comoros', 'St Kitts and Nevis', 'North Korea', 'South Korea', 'Kuwait', 'Cayman Islands', 'Kazakhstan', 'Laos', 'Lebanon', 'Saint Lucia', 'Liechtenstein', 'Sri Lanka', 'Liberia', 'Lesotho', 'Lithuania', 'Luxembourg', 'Latvia', 'Libya', 'Morocco', 'Monaco', 'Moldova', 'Montenegro', 'Saint Martin', 'Madagascar', 'Marshall Islands', 'North Macedonia', 'Mali', 'Myanmar', 'Mongolia', 'Macao', 'Northern Mariana Islands', 'Martinique', 'Mauritania', 'Montserrat', 'Malta', 'Mauritius', 'Maldives', 'Malawi', 'Mexico', 'Malaysia', 'Mozambique', 'Namibia', 'New Caledonia', 'Niger', 'Norfolk Island', 'Nigeria', 'Nicaragua', 'The Netherlands', 'Norway', 'Nepal', 'Nauru', 'Niue', 'New Zealand', 'Oman', 'Panama', 'Peru', 'French Polynesia', 'Papua New Guinea', 'Philippines', 'Pakistan', 'Poland', 'Saint Pierre and Miquelon', 'Pitcairn Islands', 'Puerto Rico', 'Palestine', 'Portugal', 'Palau', 'Paraguay', 'Qatar', 'Réunion', 'Romania', 'Serbia', 'Russia', 'Rwanda', 'Saudi Arabia', 'Solomon Islands', 'Seychelles', 'Sudan', 'Sweden', 'Singapore', 'Saint Helena', 'Slovenia', 'Svalbard and Jan Mayen', 'Slovakia', 'Sierra Leone', 'San Marino', 'Senegal', 'Somalia', 'Suriname', 'South Sudan', 'São Tomé and Príncipe', 'El Salvador', 'Sint Maarten', 'Syria', 'Eswatini', 'Turks and Caicos Islands', 'Chad', 'French Southern Territories', 'Togo', 'Thailand', 'Tajikistan', 'Tokelau', 'Timor-Leste', 'Turkmenistan', 'Tunisia', 'Tonga', 'Türkiye', 'Trinidad and Tobago', 'Tuvalu', 'Taiwan', 'Tanzania', 'Ukraine', 'Uganda', 'U.S. Outlying Islands', 'United States', 'Uruguay', 'Uzbekistan', 'Vatican City', 'St Vincent and Grenadines', 'Venezuela', 'British Virgin Islands', 'U.S. Virgin Islands', 'Vietnam', 'Vanuatu', 'Wallis and Futuna', 'Samoa', 'Kosovo', 'Yemen', 'Mayotte', 'South Africa', 'Zambia', 'Zimbabwe']
2025-01-30 13:31:36,125 - __main__ - INFO - Response time for the request: 0.26 seconds
2025-01-30 13:31:36,125 - __main__ - INFO - ----------------------------------------------------------------------------------------------------
2025-01-30 13:31:36,467 - __main__ - INFO - Request came to fetch all countries.
2025-01-30 13:31:36,670 - __main__ - INFO - Received request: {'latitude': 13.092958, 'longitude': 80.198554}
2025-01-30 13:31:36,670 - __main__ - INFO - response: ['Andorra', 'United Arab Emirates', 'Afghanistan', 'Antigua and Barbuda', 'Anguilla', 'Albania', 'Armenia', 'Angola', 'Antarctica', 'Argentina', 'American Samoa', 'Austria', 'Australia', 'Aruba', 'Åland', 'Azerbaijan', 'Bosnia and Herzegovina', 'Barbados', 'Bangladesh', 'Belgium', 'Burkina Faso', 'Bulgaria', 'Bahrain', 'Burundi', 'Benin', 'Saint Barthélemy', 'Bermuda', 'Brunei', 'Bolivia', 'Bonaire, Sint Eustatius, and Saba', 'Brazil', 'Bahamas', 'Bhutan', 'Bouvet Island', 'Botswana', 'Belarus', 'Belize', 'Canada', 'Cocos (Keeling) Islands', 'DR Congo', 'Central African Republic', 'Congo Republic', 'Switzerland', 'Ivory Coast', 'Cook Islands', 'Chile', 'Cameroon', 'China', 'Colombia', 'Costa Rica', 'Cuba', 'Cabo Verde', 'Curaçao', 'Christmas Island', 'Cyprus', 'Czechia', 'Germany', 'Djibouti', 'Denmark', 'Dominica', 'Dominican Republic', 'Algeria', 'Ecuador', 'Estonia', 'Egypt', 'Western Sahara', 'Eritrea', 'Spain', 'Ethiopia', 'Finland', 'Fiji', 'Falkland Islands', 'Micronesia', 'Faroe Islands', 'France', 'Gabon', 'United Kingdom', 'Grenada', 'Georgia', 'French Guiana', 'Guernsey', 'Ghana', 'Gibraltar', 'Greenland', 'The Gambia', 'Guinea', 'Guadeloupe', 'Equatorial Guinea', 'Greece', 'South Georgia and South Sandwich Islands', 'Guatemala', 'Guam', 'Guinea-Bissau', 'Guyana', 'Hong Kong', 'Heard and McDonald Islands', 'Honduras', 'Croatia', 'Haiti', 'Hungary', 'Indonesia', 'Ireland', 'Israel', 'Isle of Man', 'India', 'British Indian Ocean Territory', 'Iraq', 'Iran', 'Iceland', 'Italy', 'Jersey', 'Jamaica', 'Jordan', 'Japan', 'Kenya', 'Kyrgyzstan', 'Cambodia', 'Kiribati', 'Comoros', 'St Kitts and Nevis', 'North Korea', 'South Korea', 'Kuwait', 'Cayman Islands', 'Kazakhstan', 'Laos', 'Lebanon', 'Saint Lucia', 'Liechtenstein', 'Sri Lanka', 'Liberia', 'Lesotho', 'Lithuania', 'Luxembourg', 'Latvia', 'Libya', 'Morocco', 'Monaco', 'Moldova', 'Montenegro', 'Saint Martin', 'Madagascar', 'Marshall Islands', 'North Macedonia', 'Mali', 'Myanmar', 'Mongolia', 'Macao', 'Northern Mariana Islands', 'Martinique', 'Mauritania', 'Montserrat', 'Malta', 'Mauritius', 'Maldives', 'Malawi', 'Mexico', 'Malaysia', 'Mozambique', 'Namibia', 'New Caledonia', 'Niger', 'Norfolk Island', 'Nigeria', 'Nicaragua', 'The Netherlands', 'Norway', 'Nepal', 'Nauru', 'Niue', 'New Zealand', 'Oman', 'Panama', 'Peru', 'French Polynesia', 'Papua New Guinea', 'Philippines', 'Pakistan', 'Poland', 'Saint Pierre and Miquelon', 'Pitcairn Islands', 'Puerto Rico', 'Palestine', 'Portugal', 'Palau', 'Paraguay', 'Qatar', 'Réunion', 'Romania', 'Serbia', 'Russia', 'Rwanda', 'Saudi Arabia', 'Solomon Islands', 'Seychelles', 'Sudan', 'Sweden', 'Singapore', 'Saint Helena', 'Slovenia', 'Svalbard and Jan Mayen', 'Slovakia', 'Sierra Leone', 'San Marino', 'Senegal', 'Somalia', 'Suriname', 'South Sudan', 'São Tomé and Príncipe', 'El Salvador', 'Sint Maarten', 'Syria', 'Eswatini', 'Turks and Caicos Islands', 'Chad', 'French Southern Territories', 'Togo', 'Thailand', 'Tajikistan', 'Tokelau', 'Timor-Leste', 'Turkmenistan', 'Tunisia', 'Tonga', 'Türkiye', 'Trinidad and Tobago', 'Tuvalu', 'Taiwan', 'Tanzania', 'Ukraine', 'Uganda', 'U.S. Outlying Islands', 'United States', 'Uruguay', 'Uzbekistan', 'Vatican City', 'St Vincent and Grenadines', 'Venezuela', 'British Virgin Islands', 'U.S. Virgin Islands', 'Vietnam', 'Vanuatu', 'Wallis and Futuna', 'Samoa', 'Kosovo', 'Yemen', 'Mayotte', 'South Africa', 'Zambia', 'Zimbabwe']
2025-01-30 13:31:36,680 - __main__ - INFO - Response time for the request: 0.21 seconds
2025-01-30 13:31:36,681 - __main__ - INFO - ----------------------------------------------------------------------------------------------------
2025-01-30 13:31:36,765 - __main__ - INFO - Received request: {'latitude': 13.092958, 'longitude': 80.198554}
2025-01-30 13:31:38,351 - __main__ - INFO - response: <Response 213 bytes [200 OK]>
2025-01-30 13:31:38,356 - __main__ - INFO - Response time for the request: 1.69 seconds
2025-01-30 13:31:38,356 - __main__ - INFO - ----------------------------------------------------------------------------------------------------
2025-01-30 13:31:38,478 - __main__ - INFO - response: <Response 213 bytes [200 OK]>
2025-01-30 13:31:38,479 - __main__ - INFO - Response time for the request: 1.71 seconds
2025-01-30 13:31:38,479 - __main__ - INFO - ----------------------------------------------------------------------------------------------------
2025-01-30 13:31:53,936 - __main__ - INFO - Request came to fetch all countries.
2025-01-30 13:31:54,033 - __main__ - INFO - response: ['Andorra', 'United Arab Emirates', 'Afghanistan', 'Antigua and Barbuda', 'Anguilla', 'Albania', 'Armenia', 'Angola', 'Antarctica', 'Argentina', 'American Samoa', 'Austria', 'Australia', 'Aruba', 'Åland', 'Azerbaijan', 'Bosnia and Herzegovina', 'Barbados', 'Bangladesh', 'Belgium', 'Burkina Faso', 'Bulgaria', 'Bahrain', 'Burundi', 'Benin', 'Saint Barthélemy', 'Bermuda', 'Brunei', 'Bolivia', 'Bonaire, Sint Eustatius, and Saba', 'Brazil', 'Bahamas', 'Bhutan', 'Bouvet Island', 'Botswana', 'Belarus', 'Belize', 'Canada', 'Cocos (Keeling) Islands', 'DR Congo', 'Central African Republic', 'Congo Republic', 'Switzerland', 'Ivory Coast', 'Cook Islands', 'Chile', 'Cameroon', 'China', 'Colombia', 'Costa Rica', 'Cuba', 'Cabo Verde', 'Curaçao', 'Christmas Island', 'Cyprus', 'Czechia', 'Germany', 'Djibouti', 'Denmark', 'Dominica', 'Dominican Republic', 'Algeria', 'Ecuador', 'Estonia', 'Egypt', 'Western Sahara', 'Eritrea', 'Spain', 'Ethiopia', 'Finland', 'Fiji', 'Falkland Islands', 'Micronesia', 'Faroe Islands', 'France', 'Gabon', 'United Kingdom', 'Grenada', 'Georgia', 'French Guiana', 'Guernsey', 'Ghana', 'Gibraltar', 'Greenland', 'The Gambia', 'Guinea', 'Guadeloupe', 'Equatorial Guinea', 'Greece', 'South Georgia and South Sandwich Islands', 'Guatemala', 'Guam', 'Guinea-Bissau', 'Guyana', 'Hong Kong', 'Heard and McDonald Islands', 'Honduras', 'Croatia', 'Haiti', 'Hungary', 'Indonesia', 'Ireland', 'Israel', 'Isle of Man', 'India', 'British Indian Ocean Territory', 'Iraq', 'Iran', 'Iceland', 'Italy', 'Jersey', 'Jamaica', 'Jordan', 'Japan', 'Kenya', 'Kyrgyzstan', 'Cambodia', 'Kiribati', 'Comoros', 'St Kitts and Nevis', 'North Korea', 'South Korea', 'Kuwait', 'Cayman Islands', 'Kazakhstan', 'Laos', 'Lebanon', 'Saint Lucia', 'Liechtenstein', 'Sri Lanka', 'Liberia', 'Lesotho', 'Lithuania', 'Luxembourg', 'Latvia', 'Libya', 'Morocco', 'Monaco', 'Moldova', 'Montenegro', 'Saint Martin', 'Madagascar', 'Marshall Islands', 'North Macedonia', 'Mali', 'Myanmar', 'Mongolia', 'Macao', 'Northern Mariana Islands', 'Martinique', 'Mauritania', 'Montserrat', 'Malta', 'Mauritius', 'Maldives', 'Malawi', 'Mexico', 'Malaysia', 'Mozambique', 'Namibia', 'New Caledonia', 'Niger', 'Norfolk Island', 'Nigeria', 'Nicaragua', 'The Netherlands', 'Norway', 'Nepal', 'Nauru', 'Niue', 'New Zealand', 'Oman', 'Panama', 'Peru', 'French Polynesia', 'Papua New Guinea', 'Philippines', 'Pakistan', 'Poland', 'Saint Pierre and Miquelon', 'Pitcairn Islands', 'Puerto Rico', 'Palestine', 'Portugal', 'Palau', 'Paraguay', 'Qatar', 'Réunion', 'Romania', 'Serbia', 'Russia', 'Rwanda', 'Saudi Arabia', 'Solomon Islands', 'Seychelles', 'Sudan', 'Sweden', 'Singapore', 'Saint Helena', 'Slovenia', 'Svalbard and Jan Mayen', 'Slovakia', 'Sierra Leone', 'San Marino', 'Senegal', 'Somalia', 'Suriname', 'South Sudan', 'São Tomé and Príncipe', 'El Salvador', 'Sint Maarten', 'Syria', 'Eswatini', 'Turks and Caicos Islands', 'Chad', 'French Southern Territories', 'Togo', 'Thailand', 'Tajikistan', 'Tokelau', 'Timor-Leste', 'Turkmenistan', 'Tunisia', 'Tonga', 'Türkiye', 'Trinidad and Tobago', 'Tuvalu', 'Taiwan', 'Tanzania', 'Ukraine', 'Uganda', 'U.S. Outlying Islands', 'United States', 'Uruguay', 'Uzbekistan', 'Vatican City', 'St Vincent and Grenadines', 'Venezuela', 'British Virgin Islands', 'U.S. Virgin Islands', 'Vietnam', 'Vanuatu', 'Wallis and Futuna', 'Samoa', 'Kosovo', 'Yemen', 'Mayotte', 'South Africa', 'Zambia', 'Zimbabwe']
2025-01-30 13:31:54,038 - __main__ - INFO - Response time for the request: 0.10 seconds
2025-01-30 13:31:54,039 - __main__ - INFO - ----------------------------------------------------------------------------------------------------
2025-01-30 13:31:54,196 - __main__ - INFO - Request came to fetch all countries.
2025-01-30 13:31:54,303 - __main__ - INFO - response: ['Andorra', 'United Arab Emirates', 'Afghanistan', 'Antigua and Barbuda', 'Anguilla', 'Albania', 'Armenia', 'Angola', 'Antarctica', 'Argentina', 'American Samoa', 'Austria', 'Australia', 'Aruba', 'Åland', 'Azerbaijan', 'Bosnia and Herzegovina', 'Barbados', 'Bangladesh', 'Belgium', 'Burkina Faso', 'Bulgaria', 'Bahrain', 'Burundi', 'Benin', 'Saint Barthélemy', 'Bermuda', 'Brunei', 'Bolivia', 'Bonaire, Sint Eustatius, and Saba', 'Brazil', 'Bahamas', 'Bhutan', 'Bouvet Island', 'Botswana', 'Belarus', 'Belize', 'Canada', 'Cocos (Keeling) Islands', 'DR Congo', 'Central African Republic', 'Congo Republic', 'Switzerland', 'Ivory Coast', 'Cook Islands', 'Chile', 'Cameroon', 'China', 'Colombia', 'Costa Rica', 'Cuba', 'Cabo Verde', 'Curaçao', 'Christmas Island', 'Cyprus', 'Czechia', 'Germany', 'Djibouti', 'Denmark', 'Dominica', 'Dominican Republic', 'Algeria', 'Ecuador', 'Estonia', 'Egypt', 'Western Sahara', 'Eritrea', 'Spain', 'Ethiopia', 'Finland', 'Fiji', 'Falkland Islands', 'Micronesia', 'Faroe Islands', 'France', 'Gabon', 'United Kingdom', 'Grenada', 'Georgia', 'French Guiana', 'Guernsey', 'Ghana', 'Gibraltar', 'Greenland', 'The Gambia', 'Guinea', 'Guadeloupe', 'Equatorial Guinea', 'Greece', 'South Georgia and South Sandwich Islands', 'Guatemala', 'Guam', 'Guinea-Bissau', 'Guyana', 'Hong Kong', 'Heard and McDonald Islands', 'Honduras', 'Croatia', 'Haiti', 'Hungary', 'Indonesia', 'Ireland', 'Israel', 'Isle of Man', 'India', 'British Indian Ocean Territory', 'Iraq', 'Iran', 'Iceland', 'Italy', 'Jersey', 'Jamaica', 'Jordan', 'Japan', 'Kenya', 'Kyrgyzstan', 'Cambodia', 'Kiribati', 'Comoros', 'St Kitts and Nevis', 'North Korea', 'South Korea', 'Kuwait', 'Cayman Islands', 'Kazakhstan', 'Laos', 'Lebanon', 'Saint Lucia', 'Liechtenstein', 'Sri Lanka', 'Liberia', 'Lesotho', 'Lithuania', 'Luxembourg', 'Latvia', 'Libya', 'Morocco', 'Monaco', 'Moldova', 'Montenegro', 'Saint Martin', 'Madagascar', 'Marshall Islands', 'North Macedonia', 'Mali', 'Myanmar', 'Mongolia', 'Macao', 'Northern Mariana Islands', 'Martinique', 'Mauritania', 'Montserrat', 'Malta', 'Mauritius', 'Maldives', 'Malawi', 'Mexico', 'Malaysia', 'Mozambique', 'Namibia', 'New Caledonia', 'Niger', 'Norfolk Island', 'Nigeria', 'Nicaragua', 'The Netherlands', 'Norway', 'Nepal', 'Nauru', 'Niue', 'New Zealand', 'Oman', 'Panama', 'Peru', 'French Polynesia', 'Papua New Guinea', 'Philippines', 'Pakistan', 'Poland', 'Saint Pierre and Miquelon', 'Pitcairn Islands', 'Puerto Rico', 'Palestine', 'Portugal', 'Palau', 'Paraguay', 'Qatar', 'Réunion', 'Romania', 'Serbia', 'Russia', 'Rwanda', 'Saudi Arabia', 'Solomon Islands', 'Seychelles', 'Sudan', 'Sweden', 'Singapore', 'Saint Helena', 'Slovenia', 'Svalbard and Jan Mayen', 'Slovakia', 'Sierra Leone', 'San Marino', 'Senegal', 'Somalia', 'Suriname', 'South Sudan', 'São Tomé and Príncipe', 'El Salvador', 'Sint Maarten', 'Syria', 'Eswatini', 'Turks and Caicos Islands', 'Chad', 'French Southern Territories', 'Togo', 'Thailand', 'Tajikistan', 'Tokelau', 'Timor-Leste', 'Turkmenistan', 'Tunisia', 'Tonga', 'Türkiye', 'Trinidad and Tobago', 'Tuvalu', 'Taiwan', 'Tanzania', 'Ukraine', 'Uganda', 'U.S. Outlying Islands', 'United States', 'Uruguay', 'Uzbekistan', 'Vatican City', 'St Vincent and Grenadines', 'Venezuela', 'British Virgin Islands', 'U.S. Virgin Islands', 'Vietnam', 'Vanuatu', 'Wallis and Futuna', 'Samoa', 'Kosovo', 'Yemen', 'Mayotte', 'South Africa', 'Zambia', 'Zimbabwe']
2025-01-30 13:31:54,310 - __main__ - INFO - Response time for the request: 0.11 seconds
2025-01-30 13:31:54,311 - __main__ - INFO - ----------------------------------------------------------------------------------------------------
2025-01-30 13:32:26,396 - __main__ - INFO - Request came to fetch all countries.
2025-01-30 13:32:26,591 - __main__ - INFO - response: ['Andorra', 'United Arab Emirates', 'Afghanistan', 'Antigua and Barbuda', 'Anguilla', 'Albania', 'Armenia', 'Angola', 'Antarctica', 'Argentina', 'American Samoa', 'Austria', 'Australia', 'Aruba', 'Åland', 'Azerbaijan', 'Bosnia and Herzegovina', 'Barbados', 'Bangladesh', 'Belgium', 'Burkina Faso', 'Bulgaria', 'Bahrain', 'Burundi', 'Benin', 'Saint Barthélemy', 'Bermuda', 'Brunei', 'Bolivia', 'Bonaire, Sint Eustatius, and Saba', 'Brazil', 'Bahamas', 'Bhutan', 'Bouvet Island', 'Botswana', 'Belarus', 'Belize', 'Canada', 'Cocos (Keeling) Islands', 'DR Congo', 'Central African Republic', 'Congo Republic', 'Switzerland', 'Ivory Coast', 'Cook Islands', 'Chile', 'Cameroon', 'China', 'Colombia', 'Costa Rica', 'Cuba', 'Cabo Verde', 'Curaçao', 'Christmas Island', 'Cyprus', 'Czechia', 'Germany', 'Djibouti', 'Denmark', 'Dominica', 'Dominican Republic', 'Algeria', 'Ecuador', 'Estonia', 'Egypt', 'Western Sahara', 'Eritrea', 'Spain', 'Ethiopia', 'Finland', 'Fiji', 'Falkland Islands', 'Micronesia', 'Faroe Islands', 'France', 'Gabon', 'United Kingdom', 'Grenada', 'Georgia', 'French Guiana', 'Guernsey', 'Ghana', 'Gibraltar', 'Greenland', 'The Gambia', 'Guinea', 'Guadeloupe', 'Equatorial Guinea', 'Greece', 'South Georgia and South Sandwich Islands', 'Guatemala', 'Guam', 'Guinea-Bissau', 'Guyana', 'Hong Kong', 'Heard and McDonald Islands', 'Honduras', 'Croatia', 'Haiti', 'Hungary', 'Indonesia', 'Ireland', 'Israel', 'Isle of Man', 'India', 'British Indian Ocean Territory', 'Iraq', 'Iran', 'Iceland', 'Italy', 'Jersey', 'Jamaica', 'Jordan', 'Japan', 'Kenya', 'Kyrgyzstan', 'Cambodia', 'Kiribati', 'Comoros', 'St Kitts and Nevis', 'North Korea', 'South Korea', 'Kuwait', 'Cayman Islands', 'Kazakhstan', 'Laos', 'Lebanon', 'Saint Lucia', 'Liechtenstein', 'Sri Lanka', 'Liberia', 'Lesotho', 'Lithuania', 'Luxembourg', 'Latvia', 'Libya', 'Morocco', 'Monaco', 'Moldova', 'Montenegro', 'Saint Martin', 'Madagascar', 'Marshall Islands', 'North Macedonia', 'Mali', 'Myanmar', 'Mongolia', 'Macao', 'Northern Mariana Islands', 'Martinique', 'Mauritania', 'Montserrat', 'Malta', 'Mauritius', 'Maldives', 'Malawi', 'Mexico', 'Malaysia', 'Mozambique', 'Namibia', 'New Caledonia', 'Niger', 'Norfolk Island', 'Nigeria', 'Nicaragua', 'The Netherlands', 'Norway', 'Nepal', 'Nauru', 'Niue', 'New Zealand', 'Oman', 'Panama', 'Peru', 'French Polynesia', 'Papua New Guinea', 'Philippines', 'Pakistan', 'Poland', 'Saint Pierre and Miquelon', 'Pitcairn Islands', 'Puerto Rico', 'Palestine', 'Portugal', 'Palau', 'Paraguay', 'Qatar', 'Réunion', 'Romania', 'Serbia', 'Russia', 'Rwanda', 'Saudi Arabia', 'Solomon Islands', 'Seychelles', 'Sudan', 'Sweden', 'Singapore', 'Saint Helena', 'Slovenia', 'Svalbard and Jan Mayen', 'Slovakia', 'Sierra Leone', 'San Marino', 'Senegal', 'Somalia', 'Suriname', 'South Sudan', 'São Tomé and Príncipe', 'El Salvador', 'Sint Maarten', 'Syria', 'Eswatini', 'Turks and Caicos Islands', 'Chad', 'French Southern Territories', 'Togo', 'Thailand', 'Tajikistan', 'Tokelau', 'Timor-Leste', 'Turkmenistan', 'Tunisia', 'Tonga', 'Türkiye', 'Trinidad and Tobago', 'Tuvalu', 'Taiwan', 'Tanzania', 'Ukraine', 'Uganda', 'U.S. Outlying Islands', 'United States', 'Uruguay', 'Uzbekistan', 'Vatican City', 'St Vincent and Grenadines', 'Venezuela', 'British Virgin Islands', 'U.S. Virgin Islands', 'Vietnam', 'Vanuatu', 'Wallis and Futuna', 'Samoa', 'Kosovo', 'Yemen', 'Mayotte', 'South Africa', 'Zambia', 'Zimbabwe']
2025-01-30 13:32:26,596 - __main__ - INFO - Response time for the request: 0.20 seconds
2025-01-30 13:32:26,597 - __main__ - INFO - ----------------------------------------------------------------------------------------------------
2025-01-30 13:32:26,680 - __main__ - INFO - Request came to fetch all countries.
2025-01-30 13:32:26,808 - __main__ - INFO - response: ['Andorra', 'United Arab Emirates', 'Afghanistan', 'Antigua and Barbuda', 'Anguilla', 'Albania', 'Armenia', 'Angola', 'Antarctica', 'Argentina', 'American Samoa', 'Austria', 'Australia', 'Aruba', 'Åland', 'Azerbaijan', 'Bosnia and Herzegovina', 'Barbados', 'Bangladesh', 'Belgium', 'Burkina Faso', 'Bulgaria', 'Bahrain', 'Burundi', 'Benin', 'Saint Barthélemy', 'Bermuda', 'Brunei', 'Bolivia', 'Bonaire, Sint Eustatius, and Saba', 'Brazil', 'Bahamas', 'Bhutan', 'Bouvet Island', 'Botswana', 'Belarus', 'Belize', 'Canada', 'Cocos (Keeling) Islands', 'DR Congo', 'Central African Republic', 'Congo Republic', 'Switzerland', 'Ivory Coast', 'Cook Islands', 'Chile', 'Cameroon', 'China', 'Colombia', 'Costa Rica', 'Cuba', 'Cabo Verde', 'Curaçao', 'Christmas Island', 'Cyprus', 'Czechia', 'Germany', 'Djibouti', 'Denmark', 'Dominica', 'Dominican Republic', 'Algeria', 'Ecuador', 'Estonia', 'Egypt', 'Western Sahara', 'Eritrea', 'Spain', 'Ethiopia', 'Finland', 'Fiji', 'Falkland Islands', 'Micronesia', 'Faroe Islands', 'France', 'Gabon', 'United Kingdom', 'Grenada', 'Georgia', 'French Guiana', 'Guernsey', 'Ghana', 'Gibraltar', 'Greenland', 'The Gambia', 'Guinea', 'Guadeloupe', 'Equatorial Guinea', 'Greece', 'South Georgia and South Sandwich Islands', 'Guatemala', 'Guam', 'Guinea-Bissau', 'Guyana', 'Hong Kong', 'Heard and McDonald Islands', 'Honduras', 'Croatia', 'Haiti', 'Hungary', 'Indonesia', 'Ireland', 'Israel', 'Isle of Man', 'India', 'British Indian Ocean Territory', 'Iraq', 'Iran', 'Iceland', 'Italy', 'Jersey', 'Jamaica', 'Jordan', 'Japan', 'Kenya', 'Kyrgyzstan', 'Cambodia', 'Kiribati', 'Comoros', 'St Kitts and Nevis', 'North Korea', 'South Korea', 'Kuwait', 'Cayman Islands', 'Kazakhstan', 'Laos', 'Lebanon', 'Saint Lucia', 'Liechtenstein', 'Sri Lanka', 'Liberia', 'Lesotho', 'Lithuania', 'Luxembourg', 'Latvia', 'Libya', 'Morocco', 'Monaco', 'Moldova', 'Montenegro', 'Saint Martin', 'Madagascar', 'Marshall Islands', 'North Macedonia', 'Mali', 'Myanmar', 'Mongolia', 'Macao', 'Northern Mariana Islands', 'Martinique', 'Mauritania', 'Montserrat', 'Malta', 'Mauritius', 'Maldives', 'Malawi', 'Mexico', 'Malaysia', 'Mozambique', 'Namibia', 'New Caledonia', 'Niger', 'Norfolk Island', 'Nigeria', 'Nicaragua', 'The Netherlands', 'Norway', 'Nepal', 'Nauru', 'Niue', 'New Zealand', 'Oman', 'Panama', 'Peru', 'French Polynesia', 'Papua New Guinea', 'Philippines', 'Pakistan', 'Poland', 'Saint Pierre and Miquelon', 'Pitcairn Islands', 'Puerto Rico', 'Palestine', 'Portugal', 'Palau', 'Paraguay', 'Qatar', 'Réunion', 'Romania', 'Serbia', 'Russia', 'Rwanda', 'Saudi Arabia', 'Solomon Islands', 'Seychelles', 'Sudan', 'Sweden', 'Singapore', 'Saint Helena', 'Slovenia', 'Svalbard and Jan Mayen', 'Slovakia', 'Sierra Leone', 'San Marino', 'Senegal', 'Somalia', 'Suriname', 'South Sudan', 'São Tomé and Príncipe', 'El Salvador', 'Sint Maarten', 'Syria', 'Eswatini', 'Turks and Caicos Islands', 'Chad', 'French Southern Territories', 'Togo', 'Thailand', 'Tajikistan', 'Tokelau', 'Timor-Leste', 'Turkmenistan', 'Tunisia', 'Tonga', 'Türkiye', 'Trinidad and Tobago', 'Tuvalu', 'Taiwan', 'Tanzania', 'Ukraine', 'Uganda', 'U.S. Outlying Islands', 'United States', 'Uruguay', 'Uzbekistan', 'Vatican City', 'St Vincent and Grenadines', 'Venezuela', 'British Virgin Islands', 'U.S. Virgin Islands', 'Vietnam', 'Vanuatu', 'Wallis and Futuna', 'Samoa', 'Kosovo', 'Yemen', 'Mayotte', 'South Africa', 'Zambia', 'Zimbabwe']
2025-01-30 13:32:26,813 - __main__ - INFO - Response time for the request: 0.13 seconds
2025-01-30 13:32:26,813 - __main__ - INFO - ----------------------------------------------------------------------------------------------------
2025-01-30 13:32:27,027 - __main__ - INFO - Request came to fetch all countries.
2025-01-30 13:32:27,126 - __main__ - INFO - response: ['Andorra', 'United Arab Emirates', 'Afghanistan', 'Antigua and Barbuda', 'Anguilla', 'Albania', 'Armenia', 'Angola', 'Antarctica', 'Argentina', 'American Samoa', 'Austria', 'Australia', 'Aruba', 'Åland', 'Azerbaijan', 'Bosnia and Herzegovina', 'Barbados', 'Bangladesh', 'Belgium', 'Burkina Faso', 'Bulgaria', 'Bahrain', 'Burundi', 'Benin', 'Saint Barthélemy', 'Bermuda', 'Brunei', 'Bolivia', 'Bonaire, Sint Eustatius, and Saba', 'Brazil', 'Bahamas', 'Bhutan', 'Bouvet Island', 'Botswana', 'Belarus', 'Belize', 'Canada', 'Cocos (Keeling) Islands', 'DR Congo', 'Central African Republic', 'Congo Republic', 'Switzerland', 'Ivory Coast', 'Cook Islands', 'Chile', 'Cameroon', 'China', 'Colombia', 'Costa Rica', 'Cuba', 'Cabo Verde', 'Curaçao', 'Christmas Island', 'Cyprus', 'Czechia', 'Germany', 'Djibouti', 'Denmark', 'Dominica', 'Dominican Republic', 'Algeria', 'Ecuador', 'Estonia', 'Egypt', 'Western Sahara', 'Eritrea', 'Spain', 'Ethiopia', 'Finland', 'Fiji', 'Falkland Islands', 'Micronesia', 'Faroe Islands', 'France', 'Gabon', 'United Kingdom', 'Grenada', 'Georgia', 'French Guiana', 'Guernsey', 'Ghana', 'Gibraltar', 'Greenland', 'The Gambia', 'Guinea', 'Guadeloupe', 'Equatorial Guinea', 'Greece', 'South Georgia and South Sandwich Islands', 'Guatemala', 'Guam', 'Guinea-Bissau', 'Guyana', 'Hong Kong', 'Heard and McDonald Islands', 'Honduras', 'Croatia', 'Haiti', 'Hungary', 'Indonesia', 'Ireland', 'Israel', 'Isle of Man', 'India', 'British Indian Ocean Territory', 'Iraq', 'Iran', 'Iceland', 'Italy', 'Jersey', 'Jamaica', 'Jordan', 'Japan', 'Kenya', 'Kyrgyzstan', 'Cambodia', 'Kiribati', 'Comoros', 'St Kitts and Nevis', 'North Korea', 'South Korea', 'Kuwait', 'Cayman Islands', 'Kazakhstan', 'Laos', 'Lebanon', 'Saint Lucia', 'Liechtenstein', 'Sri Lanka', 'Liberia', 'Lesotho', 'Lithuania', 'Luxembourg', 'Latvia', 'Libya', 'Morocco', 'Monaco', 'Moldova', 'Montenegro', 'Saint Martin', 'Madagascar', 'Marshall Islands', 'North Macedonia', 'Mali', 'Myanmar', 'Mongolia', 'Macao', 'Northern Mariana Islands', 'Martinique', 'Mauritania', 'Montserrat', 'Malta', 'Mauritius', 'Maldives', 'Malawi', 'Mexico', 'Malaysia', 'Mozambique', 'Namibia', 'New Caledonia', 'Niger', 'Norfolk Island', 'Nigeria', 'Nicaragua', 'The Netherlands', 'Norway', 'Nepal', 'Nauru', 'Niue', 'New Zealand', 'Oman', 'Panama', 'Peru', 'French Polynesia', 'Papua New Guinea', 'Philippines', 'Pakistan', 'Poland', 'Saint Pierre and Miquelon', 'Pitcairn Islands', 'Puerto Rico', 'Palestine', 'Portugal', 'Palau', 'Paraguay', 'Qatar', 'Réunion', 'Romania', 'Serbia', 'Russia', 'Rwanda', 'Saudi Arabia', 'Solomon Islands', 'Seychelles', 'Sudan', 'Sweden', 'Singapore', 'Saint Helena', 'Slovenia', 'Svalbard and Jan Mayen', 'Slovakia', 'Sierra Leone', 'San Marino', 'Senegal', 'Somalia', 'Suriname', 'South Sudan', 'São Tomé and Príncipe', 'El Salvador', 'Sint Maarten', 'Syria', 'Eswatini', 'Turks and Caicos Islands', 'Chad', 'French Southern Territories', 'Togo', 'Thailand', 'Tajikistan', 'Tokelau', 'Timor-Leste', 'Turkmenistan', 'Tunisia', 'Tonga', 'Türkiye', 'Trinidad and Tobago', 'Tuvalu', 'Taiwan', 'Tanzania', 'Ukraine', 'Uganda', 'U.S. Outlying Islands', 'United States', 'Uruguay', 'Uzbekistan', 'Vatican City', 'St Vincent and Grenadines', 'Venezuela', 'British Virgin Islands', 'U.S. Virgin Islands', 'Vietnam', 'Vanuatu', 'Wallis and Futuna', 'Samoa', 'Kosovo', 'Yemen', 'Mayotte', 'South Africa', 'Zambia', 'Zimbabwe']
2025-01-30 13:32:27,134 - __main__ - INFO - Response time for the request: 0.11 seconds
2025-01-30 13:32:27,134 - __main__ - INFO - ----------------------------------------------------------------------------------------------------
2025-01-30 13:32:27,447 - __main__ - INFO - Request came to fetch all countries.
2025-01-30 13:32:27,526 - __main__ - INFO - response: ['Andorra', 'United Arab Emirates', 'Afghanistan', 'Antigua and Barbuda', 'Anguilla', 'Albania', 'Armenia', 'Angola', 'Antarctica', 'Argentina', 'American Samoa', 'Austria', 'Australia', 'Aruba', 'Åland', 'Azerbaijan', 'Bosnia and Herzegovina', 'Barbados', 'Bangladesh', 'Belgium', 'Burkina Faso', 'Bulgaria', 'Bahrain', 'Burundi', 'Benin', 'Saint Barthélemy', 'Bermuda', 'Brunei', 'Bolivia', 'Bonaire, Sint Eustatius, and Saba', 'Brazil', 'Bahamas', 'Bhutan', 'Bouvet Island', 'Botswana', 'Belarus', 'Belize', 'Canada', 'Cocos (Keeling) Islands', 'DR Congo', 'Central African Republic', 'Congo Republic', 'Switzerland', 'Ivory Coast', 'Cook Islands', 'Chile', 'Cameroon', 'China', 'Colombia', 'Costa Rica', 'Cuba', 'Cabo Verde', 'Curaçao', 'Christmas Island', 'Cyprus', 'Czechia', 'Germany', 'Djibouti', 'Denmark', 'Dominica', 'Dominican Republic', 'Algeria', 'Ecuador', 'Estonia', 'Egypt', 'Western Sahara', 'Eritrea', 'Spain', 'Ethiopia', 'Finland', 'Fiji', 'Falkland Islands', 'Micronesia', 'Faroe Islands', 'France', 'Gabon', 'United Kingdom', 'Grenada', 'Georgia', 'French Guiana', 'Guernsey', 'Ghana', 'Gibraltar', 'Greenland', 'The Gambia', 'Guinea', 'Guadeloupe', 'Equatorial Guinea', 'Greece', 'South Georgia and South Sandwich Islands', 'Guatemala', 'Guam', 'Guinea-Bissau', 'Guyana', 'Hong Kong', 'Heard and McDonald Islands', 'Honduras', 'Croatia', 'Haiti', 'Hungary', 'Indonesia', 'Ireland', 'Israel', 'Isle of Man', 'India', 'British Indian Ocean Territory', 'Iraq', 'Iran', 'Iceland', 'Italy', 'Jersey', 'Jamaica', 'Jordan', 'Japan', 'Kenya', 'Kyrgyzstan', 'Cambodia', 'Kiribati', 'Comoros', 'St Kitts and Nevis', 'North Korea', 'South Korea', 'Kuwait', 'Cayman Islands', 'Kazakhstan', 'Laos', 'Lebanon', 'Saint Lucia', 'Liechtenstein', 'Sri Lanka', 'Liberia', 'Lesotho', 'Lithuania', 'Luxembourg', 'Latvia', 'Libya', 'Morocco', 'Monaco', 'Moldova', 'Montenegro', 'Saint Martin', 'Madagascar', 'Marshall Islands', 'North Macedonia', 'Mali', 'Myanmar', 'Mongolia', 'Macao', 'Northern Mariana Islands', 'Martinique', 'Mauritania', 'Montserrat', 'Malta', 'Mauritius', 'Maldives', 'Malawi', 'Mexico', 'Malaysia', 'Mozambique', 'Namibia', 'New Caledonia', 'Niger', 'Norfolk Island', 'Nigeria', 'Nicaragua', 'The Netherlands', 'Norway', 'Nepal', 'Nauru', 'Niue', 'New Zealand', 'Oman', 'Panama', 'Peru', 'French Polynesia', 'Papua New Guinea', 'Philippines', 'Pakistan', 'Poland', 'Saint Pierre and Miquelon', 'Pitcairn Islands', 'Puerto Rico', 'Palestine', 'Portugal', 'Palau', 'Paraguay', 'Qatar', 'Réunion', 'Romania', 'Serbia', 'Russia', 'Rwanda', 'Saudi Arabia', 'Solomon Islands', 'Seychelles', 'Sudan', 'Sweden', 'Singapore', 'Saint Helena', 'Slovenia', 'Svalbard and Jan Mayen', 'Slovakia', 'Sierra Leone', 'San Marino', 'Senegal', 'Somalia', 'Suriname', 'South Sudan', 'São Tomé and Príncipe', 'El Salvador', 'Sint Maarten', 'Syria', 'Eswatini', 'Turks and Caicos Islands', 'Chad', 'French Southern Territories', 'Togo', 'Thailand', 'Tajikistan', 'Tokelau', 'Timor-Leste', 'Turkmenistan', 'Tunisia', 'Tonga', 'Türkiye', 'Trinidad and Tobago', 'Tuvalu', 'Taiwan', 'Tanzania', 'Ukraine', 'Uganda', 'U.S. Outlying Islands', 'United States', 'Uruguay', 'Uzbekistan', 'Vatican City', 'St Vincent and Grenadines', 'Venezuela', 'British Virgin Islands', 'U.S. Virgin Islands', 'Vietnam', 'Vanuatu', 'Wallis and Futuna', 'Samoa', 'Kosovo', 'Yemen', 'Mayotte', 'South Africa', 'Zambia', 'Zimbabwe']
2025-01-30 13:32:27,534 - __main__ - INFO - Response time for the request: 0.09 seconds
2025-01-30 13:32:27,535 - __main__ - INFO - ----------------------------------------------------------------------------------------------------
2025-01-30 13:32:55,092 - __main__ - INFO - Request came to fetch all countries.
2025-01-30 13:32:55,161 - __main__ - INFO - response: ['Andorra', 'United Arab Emirates', 'Afghanistan', 'Antigua and Barbuda', 'Anguilla', 'Albania', 'Armenia', 'Angola', 'Antarctica', 'Argentina', 'American Samoa', 'Austria', 'Australia', 'Aruba', 'Åland', 'Azerbaijan', 'Bosnia and Herzegovina', 'Barbados', 'Bangladesh', 'Belgium', 'Burkina Faso', 'Bulgaria', 'Bahrain', 'Burundi', 'Benin', 'Saint Barthélemy', 'Bermuda', 'Brunei', 'Bolivia', 'Bonaire, Sint Eustatius, and Saba', 'Brazil', 'Bahamas', 'Bhutan', 'Bouvet Island', 'Botswana', 'Belarus', 'Belize', 'Canada', 'Cocos (Keeling) Islands', 'DR Congo', 'Central African Republic', 'Congo Republic', 'Switzerland', 'Ivory Coast', 'Cook Islands', 'Chile', 'Cameroon', 'China', 'Colombia', 'Costa Rica', 'Cuba', 'Cabo Verde', 'Curaçao', 'Christmas Island', 'Cyprus', 'Czechia', 'Germany', 'Djibouti', 'Denmark', 'Dominica', 'Dominican Republic', 'Algeria', 'Ecuador', 'Estonia', 'Egypt', 'Western Sahara', 'Eritrea', 'Spain', 'Ethiopia', 'Finland', 'Fiji', 'Falkland Islands', 'Micronesia', 'Faroe Islands', 'France', 'Gabon', 'United Kingdom', 'Grenada', 'Georgia', 'French Guiana', 'Guernsey', 'Ghana', 'Gibraltar', 'Greenland', 'The Gambia', 'Guinea', 'Guadeloupe', 'Equatorial Guinea', 'Greece', 'South Georgia and South Sandwich Islands', 'Guatemala', 'Guam', 'Guinea-Bissau', 'Guyana', 'Hong Kong', 'Heard and McDonald Islands', 'Honduras', 'Croatia', 'Haiti', 'Hungary', 'Indonesia', 'Ireland', 'Israel', 'Isle of Man', 'India', 'British Indian Ocean Territory', 'Iraq', 'Iran', 'Iceland', 'Italy', 'Jersey', 'Jamaica', 'Jordan', 'Japan', 'Kenya', 'Kyrgyzstan', 'Cambodia', 'Kiribati', 'Comoros', 'St Kitts and Nevis', 'North Korea', 'South Korea', 'Kuwait', 'Cayman Islands', 'Kazakhstan', 'Laos', 'Lebanon', 'Saint Lucia', 'Liechtenstein', 'Sri Lanka', 'Liberia', 'Lesotho', 'Lithuania', 'Luxembourg', 'Latvia', 'Libya', 'Morocco', 'Monaco', 'Moldova', 'Montenegro', 'Saint Martin', 'Madagascar', 'Marshall Islands', 'North Macedonia', 'Mali', 'Myanmar', 'Mongolia', 'Macao', 'Northern Mariana Islands', 'Martinique', 'Mauritania', 'Montserrat', 'Malta', 'Mauritius', 'Maldives', 'Malawi', 'Mexico', 'Malaysia', 'Mozambique', 'Namibia', 'New Caledonia', 'Niger', 'Norfolk Island', 'Nigeria', 'Nicaragua', 'The Netherlands', 'Norway', 'Nepal', 'Nauru', 'Niue', 'New Zealand', 'Oman', 'Panama', 'Peru', 'French Polynesia', 'Papua New Guinea', 'Philippines', 'Pakistan', 'Poland', 'Saint Pierre and Miquelon', 'Pitcairn Islands', 'Puerto Rico', 'Palestine', 'Portugal', 'Palau', 'Paraguay', 'Qatar', 'Réunion', 'Romania', 'Serbia', 'Russia', 'Rwanda', 'Saudi Arabia', 'Solomon Islands', 'Seychelles', 'Sudan', 'Sweden', 'Singapore', 'Saint Helena', 'Slovenia', 'Svalbard and Jan Mayen', 'Slovakia', 'Sierra Leone', 'San Marino', 'Senegal', 'Somalia', 'Suriname', 'South Sudan', 'São Tomé and Príncipe', 'El Salvador', 'Sint Maarten', 'Syria', 'Eswatini', 'Turks and Caicos Islands', 'Chad', 'French Southern Territories', 'Togo', 'Thailand', 'Tajikistan', 'Tokelau', 'Timor-Leste', 'Turkmenistan', 'Tunisia', 'Tonga', 'Türkiye', 'Trinidad and Tobago', 'Tuvalu', 'Taiwan', 'Tanzania', 'Ukraine', 'Uganda', 'U.S. Outlying Islands', 'United States', 'Uruguay', 'Uzbekistan', 'Vatican City', 'St Vincent and Grenadines', 'Venezuela', 'British Virgin Islands', 'U.S. Virgin Islands', 'Vietnam', 'Vanuatu', 'Wallis and Futuna', 'Samoa', 'Kosovo', 'Yemen', 'Mayotte', 'South Africa', 'Zambia', 'Zimbabwe']
2025-01-30 13:32:55,177 - __main__ - INFO - Response time for the request: 0.08 seconds
2025-01-30 13:32:55,177 - __main__ - INFO - ----------------------------------------------------------------------------------------------------
2025-01-30 13:32:55,357 - __main__ - INFO - Request came to fetch all countries.
2025-01-30 13:32:55,424 - __main__ - INFO - response: ['Andorra', 'United Arab Emirates', 'Afghanistan', 'Antigua and Barbuda', 'Anguilla', 'Albania', 'Armenia', 'Angola', 'Antarctica', 'Argentina', 'American Samoa', 'Austria', 'Australia', 'Aruba', 'Åland', 'Azerbaijan', 'Bosnia and Herzegovina', 'Barbados', 'Bangladesh', 'Belgium', 'Burkina Faso', 'Bulgaria', 'Bahrain', 'Burundi', 'Benin', 'Saint Barthélemy', 'Bermuda', 'Brunei', 'Bolivia', 'Bonaire, Sint Eustatius, and Saba', 'Brazil', 'Bahamas', 'Bhutan', 'Bouvet Island', 'Botswana', 'Belarus', 'Belize', 'Canada', 'Cocos (Keeling) Islands', 'DR Congo', 'Central African Republic', 'Congo Republic', 'Switzerland', 'Ivory Coast', 'Cook Islands', 'Chile', 'Cameroon', 'China', 'Colombia', 'Costa Rica', 'Cuba', 'Cabo Verde', 'Curaçao', 'Christmas Island', 'Cyprus', 'Czechia', 'Germany', 'Djibouti', 'Denmark', 'Dominica', 'Dominican Republic', 'Algeria', 'Ecuador', 'Estonia', 'Egypt', 'Western Sahara', 'Eritrea', 'Spain', 'Ethiopia', 'Finland', 'Fiji', 'Falkland Islands', 'Micronesia', 'Faroe Islands', 'France', 'Gabon', 'United Kingdom', 'Grenada', 'Georgia', 'French Guiana', 'Guernsey', 'Ghana', 'Gibraltar', 'Greenland', 'The Gambia', 'Guinea', 'Guadeloupe', 'Equatorial Guinea', 'Greece', 'South Georgia and South Sandwich Islands', 'Guatemala', 'Guam', 'Guinea-Bissau', 'Guyana', 'Hong Kong', 'Heard and McDonald Islands', 'Honduras', 'Croatia', 'Haiti', 'Hungary', 'Indonesia', 'Ireland', 'Israel', 'Isle of Man', 'India', 'British Indian Ocean Territory', 'Iraq', 'Iran', 'Iceland', 'Italy', 'Jersey', 'Jamaica', 'Jordan', 'Japan', 'Kenya', 'Kyrgyzstan', 'Cambodia', 'Kiribati', 'Comoros', 'St Kitts and Nevis', 'North Korea', 'South Korea', 'Kuwait', 'Cayman Islands', 'Kazakhstan', 'Laos', 'Lebanon', 'Saint Lucia', 'Liechtenstein', 'Sri Lanka', 'Liberia', 'Lesotho', 'Lithuania', 'Luxembourg', 'Latvia', 'Libya', 'Morocco', 'Monaco', 'Moldova', 'Montenegro', 'Saint Martin', 'Madagascar', 'Marshall Islands', 'North Macedonia', 'Mali', 'Myanmar', 'Mongolia', 'Macao', 'Northern Mariana Islands', 'Martinique', 'Mauritania', 'Montserrat', 'Malta', 'Mauritius', 'Maldives', 'Malawi', 'Mexico', 'Malaysia', 'Mozambique', 'Namibia', 'New Caledonia', 'Niger', 'Norfolk Island', 'Nigeria', 'Nicaragua', 'The Netherlands', 'Norway', 'Nepal', 'Nauru', 'Niue', 'New Zealand', 'Oman', 'Panama', 'Peru', 'French Polynesia', 'Papua New Guinea', 'Philippines', 'Pakistan', 'Poland', 'Saint Pierre and Miquelon', 'Pitcairn Islands', 'Puerto Rico', 'Palestine', 'Portugal', 'Palau', 'Paraguay', 'Qatar', 'Réunion', 'Romania', 'Serbia', 'Russia', 'Rwanda', 'Saudi Arabia', 'Solomon Islands', 'Seychelles', 'Sudan', 'Sweden', 'Singapore', 'Saint Helena', 'Slovenia', 'Svalbard and Jan Mayen', 'Slovakia', 'Sierra Leone', 'San Marino', 'Senegal', 'Somalia', 'Suriname', 'South Sudan', 'São Tomé and Príncipe', 'El Salvador', 'Sint Maarten', 'Syria', 'Eswatini', 'Turks and Caicos Islands', 'Chad', 'French Southern Territories', 'Togo', 'Thailand', 'Tajikistan', 'Tokelau', 'Timor-Leste', 'Turkmenistan', 'Tunisia', 'Tonga', 'Türkiye', 'Trinidad and Tobago', 'Tuvalu', 'Taiwan', 'Tanzania', 'Ukraine', 'Uganda', 'U.S. Outlying Islands', 'United States', 'Uruguay', 'Uzbekistan', 'Vatican City', 'St Vincent and Grenadines', 'Venezuela', 'British Virgin Islands', 'U.S. Virgin Islands', 'Vietnam', 'Vanuatu', 'Wallis and Futuna', 'Samoa', 'Kosovo', 'Yemen', 'Mayotte', 'South Africa', 'Zambia', 'Zimbabwe']
2025-01-30 13:32:55,429 - __main__ - INFO - Response time for the request: 0.07 seconds
2025-01-30 13:32:55,429 - __main__ - INFO - ----------------------------------------------------------------------------------------------------
2025-01-30 13:32:55,742 - __main__ - INFO - Request came to fetch all countries.
2025-01-30 13:32:55,846 - __main__ - INFO - response: ['Andorra', 'United Arab Emirates', 'Afghanistan', 'Antigua and Barbuda', 'Anguilla', 'Albania', 'Armenia', 'Angola', 'Antarctica', 'Argentina', 'American Samoa', 'Austria', 'Australia', 'Aruba', 'Åland', 'Azerbaijan', 'Bosnia and Herzegovina', 'Barbados', 'Bangladesh', 'Belgium', 'Burkina Faso', 'Bulgaria', 'Bahrain', 'Burundi', 'Benin', 'Saint Barthélemy', 'Bermuda', 'Brunei', 'Bolivia', 'Bonaire, Sint Eustatius, and Saba', 'Brazil', 'Bahamas', 'Bhutan', 'Bouvet Island', 'Botswana', 'Belarus', 'Belize', 'Canada', 'Cocos (Keeling) Islands', 'DR Congo', 'Central African Republic', 'Congo Republic', 'Switzerland', 'Ivory Coast', 'Cook Islands', 'Chile', 'Cameroon', 'China', 'Colombia', 'Costa Rica', 'Cuba', 'Cabo Verde', 'Curaçao', 'Christmas Island', 'Cyprus', 'Czechia', 'Germany', 'Djibouti', 'Denmark', 'Dominica', 'Dominican Republic', 'Algeria', 'Ecuador', 'Estonia', 'Egypt', 'Western Sahara', 'Eritrea', 'Spain', 'Ethiopia', 'Finland', 'Fiji', 'Falkland Islands', 'Micronesia', 'Faroe Islands', 'France', 'Gabon', 'United Kingdom', 'Grenada', 'Georgia', 'French Guiana', 'Guernsey', 'Ghana', 'Gibraltar', 'Greenland', 'The Gambia', 'Guinea', 'Guadeloupe', 'Equatorial Guinea', 'Greece', 'South Georgia and South Sandwich Islands', 'Guatemala', 'Guam', 'Guinea-Bissau', 'Guyana', 'Hong Kong', 'Heard and McDonald Islands', 'Honduras', 'Croatia', 'Haiti', 'Hungary', 'Indonesia', 'Ireland', 'Israel', 'Isle of Man', 'India', 'British Indian Ocean Territory', 'Iraq', 'Iran', 'Iceland', 'Italy', 'Jersey', 'Jamaica', 'Jordan', 'Japan', 'Kenya', 'Kyrgyzstan', 'Cambodia', 'Kiribati', 'Comoros', 'St Kitts and Nevis', 'North Korea', 'South Korea', 'Kuwait', 'Cayman Islands', 'Kazakhstan', 'Laos', 'Lebanon', 'Saint Lucia', 'Liechtenstein', 'Sri Lanka', 'Liberia', 'Lesotho', 'Lithuania', 'Luxembourg', 'Latvia', 'Libya', 'Morocco', 'Monaco', 'Moldova', 'Montenegro', 'Saint Martin', 'Madagascar', 'Marshall Islands', 'North Macedonia', 'Mali', 'Myanmar', 'Mongolia', 'Macao', 'Northern Mariana Islands', 'Martinique', 'Mauritania', 'Montserrat', 'Malta', 'Mauritius', 'Maldives', 'Malawi', 'Mexico', 'Malaysia', 'Mozambique', 'Namibia', 'New Caledonia', 'Niger', 'Norfolk Island', 'Nigeria', 'Nicaragua', 'The Netherlands', 'Norway', 'Nepal', 'Nauru', 'Niue', 'New Zealand', 'Oman', 'Panama', 'Peru', 'French Polynesia', 'Papua New Guinea', 'Philippines', 'Pakistan', 'Poland', 'Saint Pierre and Miquelon', 'Pitcairn Islands', 'Puerto Rico', 'Palestine', 'Portugal', 'Palau', 'Paraguay', 'Qatar', 'Réunion', 'Romania', 'Serbia', 'Russia', 'Rwanda', 'Saudi Arabia', 'Solomon Islands', 'Seychelles', 'Sudan', 'Sweden', 'Singapore', 'Saint Helena', 'Slovenia', 'Svalbard and Jan Mayen', 'Slovakia', 'Sierra Leone', 'San Marino', 'Senegal', 'Somalia', 'Suriname', 'South Sudan', 'São Tomé and Príncipe', 'El Salvador', 'Sint Maarten', 'Syria', 'Eswatini', 'Turks and Caicos Islands', 'Chad', 'French Southern Territories', 'Togo', 'Thailand', 'Tajikistan', 'Tokelau', 'Timor-Leste', 'Turkmenistan', 'Tunisia', 'Tonga', 'Türkiye', 'Trinidad and Tobago', 'Tuvalu', 'Taiwan', 'Tanzania', 'Ukraine', 'Uganda', 'U.S. Outlying Islands', 'United States', 'Uruguay', 'Uzbekistan', 'Vatican City', 'St Vincent and Grenadines', 'Venezuela', 'British Virgin Islands', 'U.S. Virgin Islands', 'Vietnam', 'Vanuatu', 'Wallis and Futuna', 'Samoa', 'Kosovo', 'Yemen', 'Mayotte', 'South Africa', 'Zambia', 'Zimbabwe']
2025-01-30 13:32:55,852 - __main__ - INFO - Response time for the request: 0.11 seconds
2025-01-30 13:32:55,854 - __main__ - INFO - ----------------------------------------------------------------------------------------------------
2025-01-30 13:32:56,216 - __main__ - INFO - Request came to fetch all countries.
2025-01-30 13:32:56,295 - __main__ - INFO - response: ['Andorra', 'United Arab Emirates', 'Afghanistan', 'Antigua and Barbuda', 'Anguilla', 'Albania', 'Armenia', 'Angola', 'Antarctica', 'Argentina', 'American Samoa', 'Austria', 'Australia', 'Aruba', 'Åland', 'Azerbaijan', 'Bosnia and Herzegovina', 'Barbados', 'Bangladesh', 'Belgium', 'Burkina Faso', 'Bulgaria', 'Bahrain', 'Burundi', 'Benin', 'Saint Barthélemy', 'Bermuda', 'Brunei', 'Bolivia', 'Bonaire, Sint Eustatius, and Saba', 'Brazil', 'Bahamas', 'Bhutan', 'Bouvet Island', 'Botswana', 'Belarus', 'Belize', 'Canada', 'Cocos (Keeling) Islands', 'DR Congo', 'Central African Republic', 'Congo Republic', 'Switzerland', 'Ivory Coast', 'Cook Islands', 'Chile', 'Cameroon', 'China', 'Colombia', 'Costa Rica', 'Cuba', 'Cabo Verde', 'Curaçao', 'Christmas Island', 'Cyprus', 'Czechia', 'Germany', 'Djibouti', 'Denmark', 'Dominica', 'Dominican Republic', 'Algeria', 'Ecuador', 'Estonia', 'Egypt', 'Western Sahara', 'Eritrea', 'Spain', 'Ethiopia', 'Finland', 'Fiji', 'Falkland Islands', 'Micronesia', 'Faroe Islands', 'France', 'Gabon', 'United Kingdom', 'Grenada', 'Georgia', 'French Guiana', 'Guernsey', 'Ghana', 'Gibraltar', 'Greenland', 'The Gambia', 'Guinea', 'Guadeloupe', 'Equatorial Guinea', 'Greece', 'South Georgia and South Sandwich Islands', 'Guatemala', 'Guam', 'Guinea-Bissau', 'Guyana', 'Hong Kong', 'Heard and McDonald Islands', 'Honduras', 'Croatia', 'Haiti', 'Hungary', 'Indonesia', 'Ireland', 'Israel', 'Isle of Man', 'India', 'British Indian Ocean Territory', 'Iraq', 'Iran', 'Iceland', 'Italy', 'Jersey', 'Jamaica', 'Jordan', 'Japan', 'Kenya', 'Kyrgyzstan', 'Cambodia', 'Kiribati', 'Comoros', 'St Kitts and Nevis', 'North Korea', 'South Korea', 'Kuwait', 'Cayman Islands', 'Kazakhstan', 'Laos', 'Lebanon', 'Saint Lucia', 'Liechtenstein', 'Sri Lanka', 'Liberia', 'Lesotho', 'Lithuania', 'Luxembourg', 'Latvia', 'Libya', 'Morocco', 'Monaco', 'Moldova', 'Montenegro', 'Saint Martin', 'Madagascar', 'Marshall Islands', 'North Macedonia', 'Mali', 'Myanmar', 'Mongolia', 'Macao', 'Northern Mariana Islands', 'Martinique', 'Mauritania', 'Montserrat', 'Malta', 'Mauritius', 'Maldives', 'Malawi', 'Mexico', 'Malaysia', 'Mozambique', 'Namibia', 'New Caledonia', 'Niger', 'Norfolk Island', 'Nigeria', 'Nicaragua', 'The Netherlands', 'Norway', 'Nepal', 'Nauru', 'Niue', 'New Zealand', 'Oman', 'Panama', 'Peru', 'French Polynesia', 'Papua New Guinea', 'Philippines', 'Pakistan', 'Poland', 'Saint Pierre and Miquelon', 'Pitcairn Islands', 'Puerto Rico', 'Palestine', 'Portugal', 'Palau', 'Paraguay', 'Qatar', 'Réunion', 'Romania', 'Serbia', 'Russia', 'Rwanda', 'Saudi Arabia', 'Solomon Islands', 'Seychelles', 'Sudan', 'Sweden', 'Singapore', 'Saint Helena', 'Slovenia', 'Svalbard and Jan Mayen', 'Slovakia', 'Sierra Leone', 'San Marino', 'Senegal', 'Somalia', 'Suriname', 'South Sudan', 'São Tomé and Príncipe', 'El Salvador', 'Sint Maarten', 'Syria', 'Eswatini', 'Turks and Caicos Islands', 'Chad', 'French Southern Territories', 'Togo', 'Thailand', 'Tajikistan', 'Tokelau', 'Timor-Leste', 'Turkmenistan', 'Tunisia', 'Tonga', 'Türkiye', 'Trinidad and Tobago', 'Tuvalu', 'Taiwan', 'Tanzania', 'Ukraine', 'Uganda', 'U.S. Outlying Islands', 'United States', 'Uruguay', 'Uzbekistan', 'Vatican City', 'St Vincent and Grenadines', 'Venezuela', 'British Virgin Islands', 'U.S. Virgin Islands', 'Vietnam', 'Vanuatu', 'Wallis and Futuna', 'Samoa', 'Kosovo', 'Yemen', 'Mayotte', 'South Africa', 'Zambia', 'Zimbabwe']
2025-01-30 13:32:56,298 - __main__ - INFO - Response time for the request: 0.08 seconds
2025-01-30 13:32:56,299 - __main__ - INFO - ----------------------------------------------------------------------------------------------------
2025-01-30 13:32:58,117 - __main__ - INFO - Request came to fetch all countries.
2025-01-30 13:32:58,191 - __main__ - INFO - response: ['Andorra', 'United Arab Emirates', 'Afghanistan', 'Antigua and Barbuda', 'Anguilla', 'Albania', 'Armenia', 'Angola', 'Antarctica', 'Argentina', 'American Samoa', 'Austria', 'Australia', 'Aruba', 'Åland', 'Azerbaijan', 'Bosnia and Herzegovina', 'Barbados', 'Bangladesh', 'Belgium', 'Burkina Faso', 'Bulgaria', 'Bahrain', 'Burundi', 'Benin', 'Saint Barthélemy', 'Bermuda', 'Brunei', 'Bolivia', 'Bonaire, Sint Eustatius, and Saba', 'Brazil', 'Bahamas', 'Bhutan', 'Bouvet Island', 'Botswana', 'Belarus', 'Belize', 'Canada', 'Cocos (Keeling) Islands', 'DR Congo', 'Central African Republic', 'Congo Republic', 'Switzerland', 'Ivory Coast', 'Cook Islands', 'Chile', 'Cameroon', 'China', 'Colombia', 'Costa Rica', 'Cuba', 'Cabo Verde', 'Curaçao', 'Christmas Island', 'Cyprus', 'Czechia', 'Germany', 'Djibouti', 'Denmark', 'Dominica', 'Dominican Republic', 'Algeria', 'Ecuador', 'Estonia', 'Egypt', 'Western Sahara', 'Eritrea', 'Spain', 'Ethiopia', 'Finland', 'Fiji', 'Falkland Islands', 'Micronesia', 'Faroe Islands', 'France', 'Gabon', 'United Kingdom', 'Grenada', 'Georgia', 'French Guiana', 'Guernsey', 'Ghana', 'Gibraltar', 'Greenland', 'The Gambia', 'Guinea', 'Guadeloupe', 'Equatorial Guinea', 'Greece', 'South Georgia and South Sandwich Islands', 'Guatemala', 'Guam', 'Guinea-Bissau', 'Guyana', 'Hong Kong', 'Heard and McDonald Islands', 'Honduras', 'Croatia', 'Haiti', 'Hungary', 'Indonesia', 'Ireland', 'Israel', 'Isle of Man', 'India', 'British Indian Ocean Territory', 'Iraq', 'Iran', 'Iceland', 'Italy', 'Jersey', 'Jamaica', 'Jordan', 'Japan', 'Kenya', 'Kyrgyzstan', 'Cambodia', 'Kiribati', 'Comoros', 'St Kitts and Nevis', 'North Korea', 'South Korea', 'Kuwait', 'Cayman Islands', 'Kazakhstan', 'Laos', 'Lebanon', 'Saint Lucia', 'Liechtenstein', 'Sri Lanka', 'Liberia', 'Lesotho', 'Lithuania', 'Luxembourg', 'Latvia', 'Libya', 'Morocco', 'Monaco', 'Moldova', 'Montenegro', 'Saint Martin', 'Madagascar', 'Marshall Islands', 'North Macedonia', 'Mali', 'Myanmar', 'Mongolia', 'Macao', 'Northern Mariana Islands', 'Martinique', 'Mauritania', 'Montserrat', 'Malta', 'Mauritius', 'Maldives', 'Malawi', 'Mexico', 'Malaysia', 'Mozambique', 'Namibia', 'New Caledonia', 'Niger', 'Norfolk Island', 'Nigeria', 'Nicaragua', 'The Netherlands', 'Norway', 'Nepal', 'Nauru', 'Niue', 'New Zealand', 'Oman', 'Panama', 'Peru', 'French Polynesia', 'Papua New Guinea', 'Philippines', 'Pakistan', 'Poland', 'Saint Pierre and Miquelon', 'Pitcairn Islands', 'Puerto Rico', 'Palestine', 'Portugal', 'Palau', 'Paraguay', 'Qatar', 'Réunion', 'Romania', 'Serbia', 'Russia', 'Rwanda', 'Saudi Arabia', 'Solomon Islands', 'Seychelles', 'Sudan', 'Sweden', 'Singapore', 'Saint Helena', 'Slovenia', 'Svalbard and Jan Mayen', 'Slovakia', 'Sierra Leone', 'San Marino', 'Senegal', 'Somalia', 'Suriname', 'South Sudan', 'São Tomé and Príncipe', 'El Salvador', 'Sint Maarten', 'Syria', 'Eswatini', 'Turks and Caicos Islands', 'Chad', 'French Southern Territories', 'Togo', 'Thailand', 'Tajikistan', 'Tokelau', 'Timor-Leste', 'Turkmenistan', 'Tunisia', 'Tonga', 'Türkiye', 'Trinidad and Tobago', 'Tuvalu', 'Taiwan', 'Tanzania', 'Ukraine', 'Uganda', 'U.S. Outlying Islands', 'United States', 'Uruguay', 'Uzbekistan', 'Vatican City', 'St Vincent and Grenadines', 'Venezuela', 'British Virgin Islands', 'U.S. Virgin Islands', 'Vietnam', 'Vanuatu', 'Wallis and Futuna', 'Samoa', 'Kosovo', 'Yemen', 'Mayotte', 'South Africa', 'Zambia', 'Zimbabwe']
2025-01-30 13:32:58,198 - __main__ - INFO - Response time for the request: 0.08 seconds
2025-01-30 13:32:58,199 - __main__ - INFO - ----------------------------------------------------------------------------------------------------
2025-01-30 13:32:58,348 - __main__ - INFO - Request came to fetch all countries.
2025-01-30 13:32:58,415 - __main__ - INFO - response: ['Andorra', 'United Arab Emirates', 'Afghanistan', 'Antigua and Barbuda', 'Anguilla', 'Albania', 'Armenia', 'Angola', 'Antarctica', 'Argentina', 'American Samoa', 'Austria', 'Australia', 'Aruba', 'Åland', 'Azerbaijan', 'Bosnia and Herzegovina', 'Barbados', 'Bangladesh', 'Belgium', 'Burkina Faso', 'Bulgaria', 'Bahrain', 'Burundi', 'Benin', 'Saint Barthélemy', 'Bermuda', 'Brunei', 'Bolivia', 'Bonaire, Sint Eustatius, and Saba', 'Brazil', 'Bahamas', 'Bhutan', 'Bouvet Island', 'Botswana', 'Belarus', 'Belize', 'Canada', 'Cocos (Keeling) Islands', 'DR Congo', 'Central African Republic', 'Congo Republic', 'Switzerland', 'Ivory Coast', 'Cook Islands', 'Chile', 'Cameroon', 'China', 'Colombia', 'Costa Rica', 'Cuba', 'Cabo Verde', 'Curaçao', 'Christmas Island', 'Cyprus', 'Czechia', 'Germany', 'Djibouti', 'Denmark', 'Dominica', 'Dominican Republic', 'Algeria', 'Ecuador', 'Estonia', 'Egypt', 'Western Sahara', 'Eritrea', 'Spain', 'Ethiopia', 'Finland', 'Fiji', 'Falkland Islands', 'Micronesia', 'Faroe Islands', 'France', 'Gabon', 'United Kingdom', 'Grenada', 'Georgia', 'French Guiana', 'Guernsey', 'Ghana', 'Gibraltar', 'Greenland', 'The Gambia', 'Guinea', 'Guadeloupe', 'Equatorial Guinea', 'Greece', 'South Georgia and South Sandwich Islands', 'Guatemala', 'Guam', 'Guinea-Bissau', 'Guyana', 'Hong Kong', 'Heard and McDonald Islands', 'Honduras', 'Croatia', 'Haiti', 'Hungary', 'Indonesia', 'Ireland', 'Israel', 'Isle of Man', 'India', 'British Indian Ocean Territory', 'Iraq', 'Iran', 'Iceland', 'Italy', 'Jersey', 'Jamaica', 'Jordan', 'Japan', 'Kenya', 'Kyrgyzstan', 'Cambodia', 'Kiribati', 'Comoros', 'St Kitts and Nevis', 'North Korea', 'South Korea', 'Kuwait', 'Cayman Islands', 'Kazakhstan', 'Laos', 'Lebanon', 'Saint Lucia', 'Liechtenstein', 'Sri Lanka', 'Liberia', 'Lesotho', 'Lithuania', 'Luxembourg', 'Latvia', 'Libya', 'Morocco', 'Monaco', 'Moldova', 'Montenegro', 'Saint Martin', 'Madagascar', 'Marshall Islands', 'North Macedonia', 'Mali', 'Myanmar', 'Mongolia', 'Macao', 'Northern Mariana Islands', 'Martinique', 'Mauritania', 'Montserrat', 'Malta', 'Mauritius', 'Maldives', 'Malawi', 'Mexico', 'Malaysia', 'Mozambique', 'Namibia', 'New Caledonia', 'Niger', 'Norfolk Island', 'Nigeria', 'Nicaragua', 'The Netherlands', 'Norway', 'Nepal', 'Nauru', 'Niue', 'New Zealand', 'Oman', 'Panama', 'Peru', 'French Polynesia', 'Papua New Guinea', 'Philippines', 'Pakistan', 'Poland', 'Saint Pierre and Miquelon', 'Pitcairn Islands', 'Puerto Rico', 'Palestine', 'Portugal', 'Palau', 'Paraguay', 'Qatar', 'Réunion', 'Romania', 'Serbia', 'Russia', 'Rwanda', 'Saudi Arabia', 'Solomon Islands', 'Seychelles', 'Sudan', 'Sweden', 'Singapore', 'Saint Helena', 'Slovenia', 'Svalbard and Jan Mayen', 'Slovakia', 'Sierra Leone', 'San Marino', 'Senegal', 'Somalia', 'Suriname', 'South Sudan', 'São Tomé and Príncipe', 'El Salvador', 'Sint Maarten', 'Syria', 'Eswatini', 'Turks and Caicos Islands', 'Chad', 'French Southern Territories', 'Togo', 'Thailand', 'Tajikistan', 'Tokelau', 'Timor-Leste', 'Turkmenistan', 'Tunisia', 'Tonga', 'Türkiye', 'Trinidad and Tobago', 'Tuvalu', 'Taiwan', 'Tanzania', 'Ukraine', 'Uganda', 'U.S. Outlying Islands', 'United States', 'Uruguay', 'Uzbekistan', 'Vatican City', 'St Vincent and Grenadines', 'Venezuela', 'British Virgin Islands', 'U.S. Virgin Islands', 'Vietnam', 'Vanuatu', 'Wallis and Futuna', 'Samoa', 'Kosovo', 'Yemen', 'Mayotte', 'South Africa', 'Zambia', 'Zimbabwe']
2025-01-30 13:32:58,419 - __main__ - INFO - Response time for the request: 0.07 seconds
2025-01-30 13:32:58,419 - __main__ - INFO - ----------------------------------------------------------------------------------------------------
2025-01-30 13:34:08,609 - __main__ - INFO - Request came to fetch all countries.
2025-01-30 13:34:08,747 - __main__ - INFO - response: ['Andorra', 'United Arab Emirates', 'Afghanistan', 'Antigua and Barbuda', 'Anguilla', 'Albania', 'Armenia', 'Angola', 'Antarctica', 'Argentina', 'American Samoa', 'Austria', 'Australia', 'Aruba', 'Åland', 'Azerbaijan', 'Bosnia and Herzegovina', 'Barbados', 'Bangladesh', 'Belgium', 'Burkina Faso', 'Bulgaria', 'Bahrain', 'Burundi', 'Benin', 'Saint Barthélemy', 'Bermuda', 'Brunei', 'Bolivia', 'Bonaire, Sint Eustatius, and Saba', 'Brazil', 'Bahamas', 'Bhutan', 'Bouvet Island', 'Botswana', 'Belarus', 'Belize', 'Canada', 'Cocos (Keeling) Islands', 'DR Congo', 'Central African Republic', 'Congo Republic', 'Switzerland', 'Ivory Coast', 'Cook Islands', 'Chile', 'Cameroon', 'China', 'Colombia', 'Costa Rica', 'Cuba', 'Cabo Verde', 'Curaçao', 'Christmas Island', 'Cyprus', 'Czechia', 'Germany', 'Djibouti', 'Denmark', 'Dominica', 'Dominican Republic', 'Algeria', 'Ecuador', 'Estonia', 'Egypt', 'Western Sahara', 'Eritrea', 'Spain', 'Ethiopia', 'Finland', 'Fiji', 'Falkland Islands', 'Micronesia', 'Faroe Islands', 'France', 'Gabon', 'United Kingdom', 'Grenada', 'Georgia', 'French Guiana', 'Guernsey', 'Ghana', 'Gibraltar', 'Greenland', 'The Gambia', 'Guinea', 'Guadeloupe', 'Equatorial Guinea', 'Greece', 'South Georgia and South Sandwich Islands', 'Guatemala', 'Guam', 'Guinea-Bissau', 'Guyana', 'Hong Kong', 'Heard and McDonald Islands', 'Honduras', 'Croatia', 'Haiti', 'Hungary', 'Indonesia', 'Ireland', 'Israel', 'Isle of Man', 'India', 'British Indian Ocean Territory', 'Iraq', 'Iran', 'Iceland', 'Italy', 'Jersey', 'Jamaica', 'Jordan', 'Japan', 'Kenya', 'Kyrgyzstan', 'Cambodia', 'Kiribati', 'Comoros', 'St Kitts and Nevis', 'North Korea', 'South Korea', 'Kuwait', 'Cayman Islands', 'Kazakhstan', 'Laos', 'Lebanon', 'Saint Lucia', 'Liechtenstein', 'Sri Lanka', 'Liberia', 'Lesotho', 'Lithuania', 'Luxembourg', 'Latvia', 'Libya', 'Morocco', 'Monaco', 'Moldova', 'Montenegro', 'Saint Martin', 'Madagascar', 'Marshall Islands', 'North Macedonia', 'Mali', 'Myanmar', 'Mongolia', 'Macao', 'Northern Mariana Islands', 'Martinique', 'Mauritania', 'Montserrat', 'Malta', 'Mauritius', 'Maldives', 'Malawi', 'Mexico', 'Malaysia', 'Mozambique', 'Namibia', 'New Caledonia', 'Niger', 'Norfolk Island', 'Nigeria', 'Nicaragua', 'The Netherlands', 'Norway', 'Nepal', 'Nauru', 'Niue', 'New Zealand', 'Oman', 'Panama', 'Peru', 'French Polynesia', 'Papua New Guinea', 'Philippines', 'Pakistan', 'Poland', 'Saint Pierre and Miquelon', 'Pitcairn Islands', 'Puerto Rico', 'Palestine', 'Portugal', 'Palau', 'Paraguay', 'Qatar', 'Réunion', 'Romania', 'Serbia', 'Russia', 'Rwanda', 'Saudi Arabia', 'Solomon Islands', 'Seychelles', 'Sudan', 'Sweden', 'Singapore', 'Saint Helena', 'Slovenia', 'Svalbard and Jan Mayen', 'Slovakia', 'Sierra Leone', 'San Marino', 'Senegal', 'Somalia', 'Suriname', 'South Sudan', 'São Tomé and Príncipe', 'El Salvador', 'Sint Maarten', 'Syria', 'Eswatini', 'Turks and Caicos Islands', 'Chad', 'French Southern Territories', 'Togo', 'Thailand', 'Tajikistan', 'Tokelau', 'Timor-Leste', 'Turkmenistan', 'Tunisia', 'Tonga', 'Türkiye', 'Trinidad and Tobago', 'Tuvalu', 'Taiwan', 'Tanzania', 'Ukraine', 'Uganda', 'U.S. Outlying Islands', 'United States', 'Uruguay', 'Uzbekistan', 'Vatican City', 'St Vincent and Grenadines', 'Venezuela', 'British Virgin Islands', 'U.S. Virgin Islands', 'Vietnam', 'Vanuatu', 'Wallis and Futuna', 'Samoa', 'Kosovo', 'Yemen', 'Mayotte', 'South Africa', 'Zambia', 'Zimbabwe']
2025-01-30 13:34:08,752 - __main__ - INFO - Response time for the request: 0.14 seconds
2025-01-30 13:34:08,752 - __main__ - INFO - ----------------------------------------------------------------------------------------------------
2025-01-30 13:34:08,874 - __main__ - INFO - Request came to fetch all countries.
2025-01-30 13:34:09,076 - __main__ - INFO - response: ['Andorra', 'United Arab Emirates', 'Afghanistan', 'Antigua and Barbuda', 'Anguilla', 'Albania', 'Armenia', 'Angola', 'Antarctica', 'Argentina', 'American Samoa', 'Austria', 'Australia', 'Aruba', 'Åland', 'Azerbaijan', 'Bosnia and Herzegovina', 'Barbados', 'Bangladesh', 'Belgium', 'Burkina Faso', 'Bulgaria', 'Bahrain', 'Burundi', 'Benin', 'Saint Barthélemy', 'Bermuda', 'Brunei', 'Bolivia', 'Bonaire, Sint Eustatius, and Saba', 'Brazil', 'Bahamas', 'Bhutan', 'Bouvet Island', 'Botswana', 'Belarus', 'Belize', 'Canada', 'Cocos (Keeling) Islands', 'DR Congo', 'Central African Republic', 'Congo Republic', 'Switzerland', 'Ivory Coast', 'Cook Islands', 'Chile', 'Cameroon', 'China', 'Colombia', 'Costa Rica', 'Cuba', 'Cabo Verde', 'Curaçao', 'Christmas Island', 'Cyprus', 'Czechia', 'Germany', 'Djibouti', 'Denmark', 'Dominica', 'Dominican Republic', 'Algeria', 'Ecuador', 'Estonia', 'Egypt', 'Western Sahara', 'Eritrea', 'Spain', 'Ethiopia', 'Finland', 'Fiji', 'Falkland Islands', 'Micronesia', 'Faroe Islands', 'France', 'Gabon', 'United Kingdom', 'Grenada', 'Georgia', 'French Guiana', 'Guernsey', 'Ghana', 'Gibraltar', 'Greenland', 'The Gambia', 'Guinea', 'Guadeloupe', 'Equatorial Guinea', 'Greece', 'South Georgia and South Sandwich Islands', 'Guatemala', 'Guam', 'Guinea-Bissau', 'Guyana', 'Hong Kong', 'Heard and McDonald Islands', 'Honduras', 'Croatia', 'Haiti', 'Hungary', 'Indonesia', 'Ireland', 'Israel', 'Isle of Man', 'India', 'British Indian Ocean Territory', 'Iraq', 'Iran', 'Iceland', 'Italy', 'Jersey', 'Jamaica', 'Jordan', 'Japan', 'Kenya', 'Kyrgyzstan', 'Cambodia', 'Kiribati', 'Comoros', 'St Kitts and Nevis', 'North Korea', 'South Korea', 'Kuwait', 'Cayman Islands', 'Kazakhstan', 'Laos', 'Lebanon', 'Saint Lucia', 'Liechtenstein', 'Sri Lanka', 'Liberia', 'Lesotho', 'Lithuania', 'Luxembourg', 'Latvia', 'Libya', 'Morocco', 'Monaco', 'Moldova', 'Montenegro', 'Saint Martin', 'Madagascar', 'Marshall Islands', 'North Macedonia', 'Mali', 'Myanmar', 'Mongolia', 'Macao', 'Northern Mariana Islands', 'Martinique', 'Mauritania', 'Montserrat', 'Malta', 'Mauritius', 'Maldives', 'Malawi', 'Mexico', 'Malaysia', 'Mozambique', 'Namibia', 'New Caledonia', 'Niger', 'Norfolk Island', 'Nigeria', 'Nicaragua', 'The Netherlands', 'Norway', 'Nepal', 'Nauru', 'Niue', 'New Zealand', 'Oman', 'Panama', 'Peru', 'French Polynesia', 'Papua New Guinea', 'Philippines', 'Pakistan', 'Poland', 'Saint Pierre and Miquelon', 'Pitcairn Islands', 'Puerto Rico', 'Palestine', 'Portugal', 'Palau', 'Paraguay', 'Qatar', 'Réunion', 'Romania', 'Serbia', 'Russia', 'Rwanda', 'Saudi Arabia', 'Solomon Islands', 'Seychelles', 'Sudan', 'Sweden', 'Singapore', 'Saint Helena', 'Slovenia', 'Svalbard and Jan Mayen', 'Slovakia', 'Sierra Leone', 'San Marino', 'Senegal', 'Somalia', 'Suriname', 'South Sudan', 'São Tomé and Príncipe', 'El Salvador', 'Sint Maarten', 'Syria', 'Eswatini', 'Turks and Caicos Islands', 'Chad', 'French Southern Territories', 'Togo', 'Thailand', 'Tajikistan', 'Tokelau', 'Timor-Leste', 'Turkmenistan', 'Tunisia', 'Tonga', 'Türkiye', 'Trinidad and Tobago', 'Tuvalu', 'Taiwan', 'Tanzania', 'Ukraine', 'Uganda', 'U.S. Outlying Islands', 'United States', 'Uruguay', 'Uzbekistan', 'Vatican City', 'St Vincent and Grenadines', 'Venezuela', 'British Virgin Islands', 'U.S. Virgin Islands', 'Vietnam', 'Vanuatu', 'Wallis and Futuna', 'Samoa', 'Kosovo', 'Yemen', 'Mayotte', 'South Africa', 'Zambia', 'Zimbabwe']
2025-01-30 13:34:09,081 - __main__ - INFO - Response time for the request: 0.21 seconds
2025-01-30 13:34:09,081 - __main__ - INFO - ----------------------------------------------------------------------------------------------------
2025-01-30 13:34:40,096 - __main__ - INFO - Request came to fetch all states from United Kingdom.
2025-01-30 13:34:40,341 - __main__ - INFO - response: ['England', 'Northern Ireland', 'Scotland', 'Wales']
2025-01-30 13:34:40,342 - __main__ - INFO - Response time for the request: 0.25 seconds
2025-01-30 13:34:40,343 - __main__ - INFO - ----------------------------------------------------------------------------------------------------
2025-01-30 13:34:46,171 - __main__ - INFO - Request came to fetch all states from $.
2025-01-30 13:34:46,348 - __main__ - INFO - response: []
2025-01-30 13:34:46,348 - __main__ - INFO - Response time for the request: 0.18 seconds
2025-01-30 13:34:46,349 - __main__ - INFO - ----------------------------------------------------------------------------------------------------
2025-01-30 13:39:41,310 - __main__ - INFO - Request came to fetch all countries.
2025-01-30 13:39:41,790 - __main__ - INFO - response: ['Andorra', 'United Arab Emirates', 'Afghanistan', 'Antigua and Barbuda', 'Anguilla', 'Albania', 'Armenia', 'Angola', 'Antarctica', 'Argentina', 'American Samoa', 'Austria', 'Australia', 'Aruba', 'Åland', 'Azerbaijan', 'Bosnia and Herzegovina', 'Barbados', 'Bangladesh', 'Belgium', 'Burkina Faso', 'Bulgaria', 'Bahrain', 'Burundi', 'Benin', 'Saint Barthélemy', 'Bermuda', 'Brunei', 'Bolivia', 'Bonaire, Sint Eustatius, and Saba', 'Brazil', 'Bahamas', 'Bhutan', 'Bouvet Island', 'Botswana', 'Belarus', 'Belize', 'Canada', 'Cocos (Keeling) Islands', 'DR Congo', 'Central African Republic', 'Congo Republic', 'Switzerland', 'Ivory Coast', 'Cook Islands', 'Chile', 'Cameroon', 'China', 'Colombia', 'Costa Rica', 'Cuba', 'Cabo Verde', 'Curaçao', 'Christmas Island', 'Cyprus', 'Czechia', 'Germany', 'Djibouti', 'Denmark', 'Dominica', 'Dominican Republic', 'Algeria', 'Ecuador', 'Estonia', 'Egypt', 'Western Sahara', 'Eritrea', 'Spain', 'Ethiopia', 'Finland', 'Fiji', 'Falkland Islands', 'Micronesia', 'Faroe Islands', 'France', 'Gabon', 'United Kingdom', 'Grenada', 'Georgia', 'French Guiana', 'Guernsey', 'Ghana', 'Gibraltar', 'Greenland', 'The Gambia', 'Guinea', 'Guadeloupe', 'Equatorial Guinea', 'Greece', 'South Georgia and South Sandwich Islands', 'Guatemala', 'Guam', 'Guinea-Bissau', 'Guyana', 'Hong Kong', 'Heard and McDonald Islands', 'Honduras', 'Croatia', 'Haiti', 'Hungary', 'Indonesia', 'Ireland', 'Israel', 'Isle of Man', 'India', 'British Indian Ocean Territory', 'Iraq', 'Iran', 'Iceland', 'Italy', 'Jersey', 'Jamaica', 'Jordan', 'Japan', 'Kenya', 'Kyrgyzstan', 'Cambodia', 'Kiribati', 'Comoros', 'St Kitts and Nevis', 'North Korea', 'South Korea', 'Kuwait', 'Cayman Islands', 'Kazakhstan', 'Laos', 'Lebanon', 'Saint Lucia', 'Liechtenstein', 'Sri Lanka', 'Liberia', 'Lesotho', 'Lithuania', 'Luxembourg', 'Latvia', 'Libya', 'Morocco', 'Monaco', 'Moldova', 'Montenegro', 'Saint Martin', 'Madagascar', 'Marshall Islands', 'North Macedonia', 'Mali', 'Myanmar', 'Mongolia', 'Macao', 'Northern Mariana Islands', 'Martinique', 'Mauritania', 'Montserrat', 'Malta', 'Mauritius', 'Maldives', 'Malawi', 'Mexico', 'Malaysia', 'Mozambique', 'Namibia', 'New Caledonia', 'Niger', 'Norfolk Island', 'Nigeria', 'Nicaragua', 'The Netherlands', 'Norway', 'Nepal', 'Nauru', 'Niue', 'New Zealand', 'Oman', 'Panama', 'Peru', 'French Polynesia', 'Papua New Guinea', 'Philippines', 'Pakistan', 'Poland', 'Saint Pierre and Miquelon', 'Pitcairn Islands', 'Puerto Rico', 'Palestine', 'Portugal', 'Palau', 'Paraguay', 'Qatar', 'Réunion', 'Romania', 'Serbia', 'Russia', 'Rwanda', 'Saudi Arabia', 'Solomon Islands', 'Seychelles', 'Sudan', 'Sweden', 'Singapore', 'Saint Helena', 'Slovenia', 'Svalbard and Jan Mayen', 'Slovakia', 'Sierra Leone', 'San Marino', 'Senegal', 'Somalia', 'Suriname', 'South Sudan', 'São Tomé and Príncipe', 'El Salvador', 'Sint Maarten', 'Syria', 'Eswatini', 'Turks and Caicos Islands', 'Chad', 'French Southern Territories', 'Togo', 'Thailand', 'Tajikistan', 'Tokelau', 'Timor-Leste', 'Turkmenistan', 'Tunisia', 'Tonga', 'Türkiye', 'Trinidad and Tobago', 'Tuvalu', 'Taiwan', 'Tanzania', 'Ukraine', 'Uganda', 'U.S. Outlying Islands', 'United States', 'Uruguay', 'Uzbekistan', 'Vatican City', 'St Vincent and Grenadines', 'Venezuela', 'British Virgin Islands', 'U.S. Virgin Islands', 'Vietnam', 'Vanuatu', 'Wallis and Futuna', 'Samoa', 'Kosovo', 'Yemen', 'Mayotte', 'South Africa', 'Zambia', 'Zimbabwe']
2025-01-30 13:39:41,845 - __main__ - INFO - Received request: {'latitude': 13.092958, 'longitude': 80.198554}
2025-01-30 13:39:41,876 - __main__ - INFO - Response time for the request: 0.57 seconds
2025-01-30 13:39:41,896 - __main__ - INFO - ----------------------------------------------------------------------------------------------------
2025-01-30 13:39:42,110 - __main__ - INFO - Received request: {'latitude': 13.092958, 'longitude': 80.198554}
2025-01-30 13:39:42,413 - __main__ - INFO - Request came to fetch all countries.
2025-01-30 13:39:42,996 - __main__ - INFO - response: ['Andorra', 'United Arab Emirates', 'Afghanistan', 'Antigua and Barbuda', 'Anguilla', 'Albania', 'Armenia', 'Angola', 'Antarctica', 'Argentina', 'American Samoa', 'Austria', 'Australia', 'Aruba', 'Åland', 'Azerbaijan', 'Bosnia and Herzegovina', 'Barbados', 'Bangladesh', 'Belgium', 'Burkina Faso', 'Bulgaria', 'Bahrain', 'Burundi', 'Benin', 'Saint Barthélemy', 'Bermuda', 'Brunei', 'Bolivia', 'Bonaire, Sint Eustatius, and Saba', 'Brazil', 'Bahamas', 'Bhutan', 'Bouvet Island', 'Botswana', 'Belarus', 'Belize', 'Canada', 'Cocos (Keeling) Islands', 'DR Congo', 'Central African Republic', 'Congo Republic', 'Switzerland', 'Ivory Coast', 'Cook Islands', 'Chile', 'Cameroon', 'China', 'Colombia', 'Costa Rica', 'Cuba', 'Cabo Verde', 'Curaçao', 'Christmas Island', 'Cyprus', 'Czechia', 'Germany', 'Djibouti', 'Denmark', 'Dominica', 'Dominican Republic', 'Algeria', 'Ecuador', 'Estonia', 'Egypt', 'Western Sahara', 'Eritrea', 'Spain', 'Ethiopia', 'Finland', 'Fiji', 'Falkland Islands', 'Micronesia', 'Faroe Islands', 'France', 'Gabon', 'United Kingdom', 'Grenada', 'Georgia', 'French Guiana', 'Guernsey', 'Ghana', 'Gibraltar', 'Greenland', 'The Gambia', 'Guinea', 'Guadeloupe', 'Equatorial Guinea', 'Greece', 'South Georgia and South Sandwich Islands', 'Guatemala', 'Guam', 'Guinea-Bissau', 'Guyana', 'Hong Kong', 'Heard and McDonald Islands', 'Honduras', 'Croatia', 'Haiti', 'Hungary', 'Indonesia', 'Ireland', 'Israel', 'Isle of Man', 'India', 'British Indian Ocean Territory', 'Iraq', 'Iran', 'Iceland', 'Italy', 'Jersey', 'Jamaica', 'Jordan', 'Japan', 'Kenya', 'Kyrgyzstan', 'Cambodia', 'Kiribati', 'Comoros', 'St Kitts and Nevis', 'North Korea', 'South Korea', 'Kuwait', 'Cayman Islands', 'Kazakhstan', 'Laos', 'Lebanon', 'Saint Lucia', 'Liechtenstein', 'Sri Lanka', 'Liberia', 'Lesotho', 'Lithuania', 'Luxembourg', 'Latvia', 'Libya', 'Morocco', 'Monaco', 'Moldova', 'Montenegro', 'Saint Martin', 'Madagascar', 'Marshall Islands', 'North Macedonia', 'Mali', 'Myanmar', 'Mongolia', 'Macao', 'Northern Mariana Islands', 'Martinique', 'Mauritania', 'Montserrat', 'Malta', 'Mauritius', 'Maldives', 'Malawi', 'Mexico', 'Malaysia', 'Mozambique', 'Namibia', 'New Caledonia', 'Niger', 'Norfolk Island', 'Nigeria', 'Nicaragua', 'The Netherlands', 'Norway', 'Nepal', 'Nauru', 'Niue', 'New Zealand', 'Oman', 'Panama', 'Peru', 'French Polynesia', 'Papua New Guinea', 'Philippines', 'Pakistan', 'Poland', 'Saint Pierre and Miquelon', 'Pitcairn Islands', 'Puerto Rico', 'Palestine', 'Portugal', 'Palau', 'Paraguay', 'Qatar', 'Réunion', 'Romania', 'Serbia', 'Russia', 'Rwanda', 'Saudi Arabia', 'Solomon Islands', 'Seychelles', 'Sudan', 'Sweden', 'Singapore', 'Saint Helena', 'Slovenia', 'Svalbard and Jan Mayen', 'Slovakia', 'Sierra Leone', 'San Marino', 'Senegal', 'Somalia', 'Suriname', 'South Sudan', 'São Tomé and Príncipe', 'El Salvador', 'Sint Maarten', 'Syria', 'Eswatini', 'Turks and Caicos Islands', 'Chad', 'French Southern Territories', 'Togo', 'Thailand', 'Tajikistan', 'Tokelau', 'Timor-Leste', 'Turkmenistan', 'Tunisia', 'Tonga', 'Türkiye', 'Trinidad and Tobago', 'Tuvalu', 'Taiwan', 'Tanzania', 'Ukraine', 'Uganda', 'U.S. Outlying Islands', 'United States', 'Uruguay', 'Uzbekistan', 'Vatican City', 'St Vincent and Grenadines', 'Venezuela', 'British Virgin Islands', 'U.S. Virgin Islands', 'Vietnam', 'Vanuatu', 'Wallis and Futuna', 'Samoa', 'Kosovo', 'Yemen', 'Mayotte', 'South Africa', 'Zambia', 'Zimbabwe']
2025-01-30 13:39:43,015 - __main__ - INFO - Response time for the request: 0.60 seconds
2025-01-30 13:39:43,016 - __main__ - INFO - ----------------------------------------------------------------------------------------------------
2025-01-30 13:39:45,195 - __main__ - INFO - response: <Response 213 bytes [200 OK]>
2025-01-30 13:39:45,197 - __main__ - INFO - Response time for the request: 3.09 seconds
2025-01-30 13:39:45,197 - __main__ - INFO - ----------------------------------------------------------------------------------------------------
2025-01-30 13:39:45,372 - __main__ - INFO - response: <Response 213 bytes [200 OK]>
2025-01-30 13:39:45,372 - __main__ - INFO - Response time for the request: 3.53 seconds
2025-01-30 13:39:45,372 - __main__ - INFO - ----------------------------------------------------------------------------------------------------
2025-01-30 13:40:19,304 - __main__ - INFO - Request came to fetch all countries.
2025-01-30 13:40:19,679 - __main__ - INFO - response: ['Andorra', 'United Arab Emirates', 'Afghanistan', 'Antigua and Barbuda', 'Anguilla', 'Albania', 'Armenia', 'Angola', 'Antarctica', 'Argentina', 'American Samoa', 'Austria', 'Australia', 'Aruba', 'Åland', 'Azerbaijan', 'Bosnia and Herzegovina', 'Barbados', 'Bangladesh', 'Belgium', 'Burkina Faso', 'Bulgaria', 'Bahrain', 'Burundi', 'Benin', 'Saint Barthélemy', 'Bermuda', 'Brunei', 'Bolivia', 'Bonaire, Sint Eustatius, and Saba', 'Brazil', 'Bahamas', 'Bhutan', 'Bouvet Island', 'Botswana', 'Belarus', 'Belize', 'Canada', 'Cocos (Keeling) Islands', 'DR Congo', 'Central African Republic', 'Congo Republic', 'Switzerland', 'Ivory Coast', 'Cook Islands', 'Chile', 'Cameroon', 'China', 'Colombia', 'Costa Rica', 'Cuba', 'Cabo Verde', 'Curaçao', 'Christmas Island', 'Cyprus', 'Czechia', 'Germany', 'Djibouti', 'Denmark', 'Dominica', 'Dominican Republic', 'Algeria', 'Ecuador', 'Estonia', 'Egypt', 'Western Sahara', 'Eritrea', 'Spain', 'Ethiopia', 'Finland', 'Fiji', 'Falkland Islands', 'Micronesia', 'Faroe Islands', 'France', 'Gabon', 'United Kingdom', 'Grenada', 'Georgia', 'French Guiana', 'Guernsey', 'Ghana', 'Gibraltar', 'Greenland', 'The Gambia', 'Guinea', 'Guadeloupe', 'Equatorial Guinea', 'Greece', 'South Georgia and South Sandwich Islands', 'Guatemala', 'Guam', 'Guinea-Bissau', 'Guyana', 'Hong Kong', 'Heard and McDonald Islands', 'Honduras', 'Croatia', 'Haiti', 'Hungary', 'Indonesia', 'Ireland', 'Israel', 'Isle of Man', 'India', 'British Indian Ocean Territory', 'Iraq', 'Iran', 'Iceland', 'Italy', 'Jersey', 'Jamaica', 'Jordan', 'Japan', 'Kenya', 'Kyrgyzstan', 'Cambodia', 'Kiribati', 'Comoros', 'St Kitts and Nevis', 'North Korea', 'South Korea', 'Kuwait', 'Cayman Islands', 'Kazakhstan', 'Laos', 'Lebanon', 'Saint Lucia', 'Liechtenstein', 'Sri Lanka', 'Liberia', 'Lesotho', 'Lithuania', 'Luxembourg', 'Latvia', 'Libya', 'Morocco', 'Monaco', 'Moldova', 'Montenegro', 'Saint Martin', 'Madagascar', 'Marshall Islands', 'North Macedonia', 'Mali', 'Myanmar', 'Mongolia', 'Macao', 'Northern Mariana Islands', 'Martinique', 'Mauritania', 'Montserrat', 'Malta', 'Mauritius', 'Maldives', 'Malawi', 'Mexico', 'Malaysia', 'Mozambique', 'Namibia', 'New Caledonia', 'Niger', 'Norfolk Island', 'Nigeria', 'Nicaragua', 'The Netherlands', 'Norway', 'Nepal', 'Nauru', 'Niue', 'New Zealand', 'Oman', 'Panama', 'Peru', 'French Polynesia', 'Papua New Guinea', 'Philippines', 'Pakistan', 'Poland', 'Saint Pierre and Miquelon', 'Pitcairn Islands', 'Puerto Rico', 'Palestine', 'Portugal', 'Palau', 'Paraguay', 'Qatar', 'Réunion', 'Romania', 'Serbia', 'Russia', 'Rwanda', 'Saudi Arabia', 'Solomon Islands', 'Seychelles', 'Sudan', 'Sweden', 'Singapore', 'Saint Helena', 'Slovenia', 'Svalbard and Jan Mayen', 'Slovakia', 'Sierra Leone', 'San Marino', 'Senegal', 'Somalia', 'Suriname', 'South Sudan', 'São Tomé and Príncipe', 'El Salvador', 'Sint Maarten', 'Syria', 'Eswatini', 'Turks and Caicos Islands', 'Chad', 'French Southern Territories', 'Togo', 'Thailand', 'Tajikistan', 'Tokelau', 'Timor-Leste', 'Turkmenistan', 'Tunisia', 'Tonga', 'Türkiye', 'Trinidad and Tobago', 'Tuvalu', 'Taiwan', 'Tanzania', 'Ukraine', 'Uganda', 'U.S. Outlying Islands', 'United States', 'Uruguay', 'Uzbekistan', 'Vatican City', 'St Vincent and Grenadines', 'Venezuela', 'British Virgin Islands', 'U.S. Virgin Islands', 'Vietnam', 'Vanuatu', 'Wallis and Futuna', 'Samoa', 'Kosovo', 'Yemen', 'Mayotte', 'South Africa', 'Zambia', 'Zimbabwe']
2025-01-30 13:40:19,697 - __main__ - INFO - Response time for the request: 0.39 seconds
2025-01-30 13:40:19,701 - __main__ - INFO - ----------------------------------------------------------------------------------------------------
2025-01-30 13:40:19,726 - __main__ - INFO - Received request: {'latitude': 13.092958, 'longitude': 80.198554}
2025-01-30 13:40:19,827 - __main__ - INFO - Received request: {'latitude': 13.092958, 'longitude': 80.198554}
2025-01-30 13:40:19,966 - __main__ - INFO - Request came to fetch all countries.
2025-01-30 13:40:20,171 - __main__ - INFO - response: ['Andorra', 'United Arab Emirates', 'Afghanistan', 'Antigua and Barbuda', 'Anguilla', 'Albania', 'Armenia', 'Angola', 'Antarctica', 'Argentina', 'American Samoa', 'Austria', 'Australia', 'Aruba', 'Åland', 'Azerbaijan', 'Bosnia and Herzegovina', 'Barbados', 'Bangladesh', 'Belgium', 'Burkina Faso', 'Bulgaria', 'Bahrain', 'Burundi', 'Benin', 'Saint Barthélemy', 'Bermuda', 'Brunei', 'Bolivia', 'Bonaire, Sint Eustatius, and Saba', 'Brazil', 'Bahamas', 'Bhutan', 'Bouvet Island', 'Botswana', 'Belarus', 'Belize', 'Canada', 'Cocos (Keeling) Islands', 'DR Congo', 'Central African Republic', 'Congo Republic', 'Switzerland', 'Ivory Coast', 'Cook Islands', 'Chile', 'Cameroon', 'China', 'Colombia', 'Costa Rica', 'Cuba', 'Cabo Verde', 'Curaçao', 'Christmas Island', 'Cyprus', 'Czechia', 'Germany', 'Djibouti', 'Denmark', 'Dominica', 'Dominican Republic', 'Algeria', 'Ecuador', 'Estonia', 'Egypt', 'Western Sahara', 'Eritrea', 'Spain', 'Ethiopia', 'Finland', 'Fiji', 'Falkland Islands', 'Micronesia', 'Faroe Islands', 'France', 'Gabon', 'United Kingdom', 'Grenada', 'Georgia', 'French Guiana', 'Guernsey', 'Ghana', 'Gibraltar', 'Greenland', 'The Gambia', 'Guinea', 'Guadeloupe', 'Equatorial Guinea', 'Greece', 'South Georgia and South Sandwich Islands', 'Guatemala', 'Guam', 'Guinea-Bissau', 'Guyana', 'Hong Kong', 'Heard and McDonald Islands', 'Honduras', 'Croatia', 'Haiti', 'Hungary', 'Indonesia', 'Ireland', 'Israel', 'Isle of Man', 'India', 'British Indian Ocean Territory', 'Iraq', 'Iran', 'Iceland', 'Italy', 'Jersey', 'Jamaica', 'Jordan', 'Japan', 'Kenya', 'Kyrgyzstan', 'Cambodia', 'Kiribati', 'Comoros', 'St Kitts and Nevis', 'North Korea', 'South Korea', 'Kuwait', 'Cayman Islands', 'Kazakhstan', 'Laos', 'Lebanon', 'Saint Lucia', 'Liechtenstein', 'Sri Lanka', 'Liberia', 'Lesotho', 'Lithuania', 'Luxembourg', 'Latvia', 'Libya', 'Morocco', 'Monaco', 'Moldova', 'Montenegro', 'Saint Martin', 'Madagascar', 'Marshall Islands', 'North Macedonia', 'Mali', 'Myanmar', 'Mongolia', 'Macao', 'Northern Mariana Islands', 'Martinique', 'Mauritania', 'Montserrat', 'Malta', 'Mauritius', 'Maldives', 'Malawi', 'Mexico', 'Malaysia', 'Mozambique', 'Namibia', 'New Caledonia', 'Niger', 'Norfolk Island', 'Nigeria', 'Nicaragua', 'The Netherlands', 'Norway', 'Nepal', 'Nauru', 'Niue', 'New Zealand', 'Oman', 'Panama', 'Peru', 'French Polynesia', 'Papua New Guinea', 'Philippines', 'Pakistan', 'Poland', 'Saint Pierre and Miquelon', 'Pitcairn Islands', 'Puerto Rico', 'Palestine', 'Portugal', 'Palau', 'Paraguay', 'Qatar', 'Réunion', 'Romania', 'Serbia', 'Russia', 'Rwanda', 'Saudi Arabia', 'Solomon Islands', 'Seychelles', 'Sudan', 'Sweden', 'Singapore', 'Saint Helena', 'Slovenia', 'Svalbard and Jan Mayen', 'Slovakia', 'Sierra Leone', 'San Marino', 'Senegal', 'Somalia', 'Suriname', 'South Sudan', 'São Tomé and Príncipe', 'El Salvador', 'Sint Maarten', 'Syria', 'Eswatini', 'Turks and Caicos Islands', 'Chad', 'French Southern Territories', 'Togo', 'Thailand', 'Tajikistan', 'Tokelau', 'Timor-Leste', 'Turkmenistan', 'Tunisia', 'Tonga', 'Türkiye', 'Trinidad and Tobago', 'Tuvalu', 'Taiwan', 'Tanzania', 'Ukraine', 'Uganda', 'U.S. Outlying Islands', 'United States', 'Uruguay', 'Uzbekistan', 'Vatican City', 'St Vincent and Grenadines', 'Venezuela', 'British Virgin Islands', 'U.S. Virgin Islands', 'Vietnam', 'Vanuatu', 'Wallis and Futuna', 'Samoa', 'Kosovo', 'Yemen', 'Mayotte', 'South Africa', 'Zambia', 'Zimbabwe']
2025-01-30 13:40:20,179 - __main__ - INFO - Response time for the request: 0.21 seconds
2025-01-30 13:40:20,179 - __main__ - INFO - ----------------------------------------------------------------------------------------------------
2025-01-30 13:40:21,334 - __main__ - INFO - response: <Response 213 bytes [200 OK]>
2025-01-30 13:40:21,335 - __main__ - INFO - Response time for the request: 1.61 seconds
2025-01-30 13:40:21,335 - __main__ - INFO - ----------------------------------------------------------------------------------------------------
2025-01-30 13:40:21,492 - __main__ - INFO - response: <Response 213 bytes [200 OK]>
2025-01-30 13:40:21,493 - __main__ - INFO - Response time for the request: 1.67 seconds
2025-01-30 13:40:21,493 - __main__ - INFO - ----------------------------------------------------------------------------------------------------
2025-01-30 13:40:50,883 - __main__ - INFO - Request came to fetch all countries.
2025-01-30 13:40:51,503 - __main__ - INFO - Received request: {'latitude': 13.092958, 'longitude': 80.198554}
2025-01-30 13:40:51,603 - __main__ - INFO - Received request: {'latitude': 13.092958, 'longitude': 80.198554}
2025-01-30 13:40:51,703 - __main__ - INFO - response: ['Andorra', 'United Arab Emirates', 'Afghanistan', 'Antigua and Barbuda', 'Anguilla', 'Albania', 'Armenia', 'Angola', 'Antarctica', 'Argentina', 'American Samoa', 'Austria', 'Australia', 'Aruba', 'Åland', 'Azerbaijan', 'Bosnia and Herzegovina', 'Barbados', 'Bangladesh', 'Belgium', 'Burkina Faso', 'Bulgaria', 'Bahrain', 'Burundi', 'Benin', 'Saint Barthélemy', 'Bermuda', 'Brunei', 'Bolivia', 'Bonaire, Sint Eustatius, and Saba', 'Brazil', 'Bahamas', 'Bhutan', 'Bouvet Island', 'Botswana', 'Belarus', 'Belize', 'Canada', 'Cocos (Keeling) Islands', 'DR Congo', 'Central African Republic', 'Congo Republic', 'Switzerland', 'Ivory Coast', 'Cook Islands', 'Chile', 'Cameroon', 'China', 'Colombia', 'Costa Rica', 'Cuba', 'Cabo Verde', 'Curaçao', 'Christmas Island', 'Cyprus', 'Czechia', 'Germany', 'Djibouti', 'Denmark', 'Dominica', 'Dominican Republic', 'Algeria', 'Ecuador', 'Estonia', 'Egypt', 'Western Sahara', 'Eritrea', 'Spain', 'Ethiopia', 'Finland', 'Fiji', 'Falkland Islands', 'Micronesia', 'Faroe Islands', 'France', 'Gabon', 'United Kingdom', 'Grenada', 'Georgia', 'French Guiana', 'Guernsey', 'Ghana', 'Gibraltar', 'Greenland', 'The Gambia', 'Guinea', 'Guadeloupe', 'Equatorial Guinea', 'Greece', 'South Georgia and South Sandwich Islands', 'Guatemala', 'Guam', 'Guinea-Bissau', 'Guyana', 'Hong Kong', 'Heard and McDonald Islands', 'Honduras', 'Croatia', 'Haiti', 'Hungary', 'Indonesia', 'Ireland', 'Israel', 'Isle of Man', 'India', 'British Indian Ocean Territory', 'Iraq', 'Iran', 'Iceland', 'Italy', 'Jersey', 'Jamaica', 'Jordan', 'Japan', 'Kenya', 'Kyrgyzstan', 'Cambodia', 'Kiribati', 'Comoros', 'St Kitts and Nevis', 'North Korea', 'South Korea', 'Kuwait', 'Cayman Islands', 'Kazakhstan', 'Laos', 'Lebanon', 'Saint Lucia', 'Liechtenstein', 'Sri Lanka', 'Liberia', 'Lesotho', 'Lithuania', 'Luxembourg', 'Latvia', 'Libya', 'Morocco', 'Monaco', 'Moldova', 'Montenegro', 'Saint Martin', 'Madagascar', 'Marshall Islands', 'North Macedonia', 'Mali', 'Myanmar', 'Mongolia', 'Macao', 'Northern Mariana Islands', 'Martinique', 'Mauritania', 'Montserrat', 'Malta', 'Mauritius', 'Maldives', 'Malawi', 'Mexico', 'Malaysia', 'Mozambique', 'Namibia', 'New Caledonia', 'Niger', 'Norfolk Island', 'Nigeria', 'Nicaragua', 'The Netherlands', 'Norway', 'Nepal', 'Nauru', 'Niue', 'New Zealand', 'Oman', 'Panama', 'Peru', 'French Polynesia', 'Papua New Guinea', 'Philippines', 'Pakistan', 'Poland', 'Saint Pierre and Miquelon', 'Pitcairn Islands', 'Puerto Rico', 'Palestine', 'Portugal', 'Palau', 'Paraguay', 'Qatar', 'Réunion', 'Romania', 'Serbia', 'Russia', 'Rwanda', 'Saudi Arabia', 'Solomon Islands', 'Seychelles', 'Sudan', 'Sweden', 'Singapore', 'Saint Helena', 'Slovenia', 'Svalbard and Jan Mayen', 'Slovakia', 'Sierra Leone', 'San Marino', 'Senegal', 'Somalia', 'Suriname', 'South Sudan', 'São Tomé and Príncipe', 'El Salvador', 'Sint Maarten', 'Syria', 'Eswatini', 'Turks and Caicos Islands', 'Chad', 'French Southern Territories', 'Togo', 'Thailand', 'Tajikistan', 'Tokelau', 'Timor-Leste', 'Turkmenistan', 'Tunisia', 'Tonga', 'Türkiye', 'Trinidad and Tobago', 'Tuvalu', 'Taiwan', 'Tanzania', 'Ukraine', 'Uganda', 'U.S. Outlying Islands', 'United States', 'Uruguay', 'Uzbekistan', 'Vatican City', 'St Vincent and Grenadines', 'Venezuela', 'British Virgin Islands', 'U.S. Virgin Islands', 'Vietnam', 'Vanuatu', 'Wallis and Futuna', 'Samoa', 'Kosovo', 'Yemen', 'Mayotte', 'South Africa', 'Zambia', 'Zimbabwe']
2025-01-30 13:40:51,709 - __main__ - INFO - Response time for the request: 0.83 seconds
2025-01-30 13:40:51,709 - __main__ - INFO - ----------------------------------------------------------------------------------------------------
2025-01-30 13:40:51,821 - __main__ - INFO - Request came to fetch all countries.
2025-01-30 13:40:52,171 - __main__ - INFO - response: ['Andorra', 'United Arab Emirates', 'Afghanistan', 'Antigua and Barbuda', 'Anguilla', 'Albania', 'Armenia', 'Angola', 'Antarctica', 'Argentina', 'American Samoa', 'Austria', 'Australia', 'Aruba', 'Åland', 'Azerbaijan', 'Bosnia and Herzegovina', 'Barbados', 'Bangladesh', 'Belgium', 'Burkina Faso', 'Bulgaria', 'Bahrain', 'Burundi', 'Benin', 'Saint Barthélemy', 'Bermuda', 'Brunei', 'Bolivia', 'Bonaire, Sint Eustatius, and Saba', 'Brazil', 'Bahamas', 'Bhutan', 'Bouvet Island', 'Botswana', 'Belarus', 'Belize', 'Canada', 'Cocos (Keeling) Islands', 'DR Congo', 'Central African Republic', 'Congo Republic', 'Switzerland', 'Ivory Coast', 'Cook Islands', 'Chile', 'Cameroon', 'China', 'Colombia', 'Costa Rica', 'Cuba', 'Cabo Verde', 'Curaçao', 'Christmas Island', 'Cyprus', 'Czechia', 'Germany', 'Djibouti', 'Denmark', 'Dominica', 'Dominican Republic', 'Algeria', 'Ecuador', 'Estonia', 'Egypt', 'Western Sahara', 'Eritrea', 'Spain', 'Ethiopia', 'Finland', 'Fiji', 'Falkland Islands', 'Micronesia', 'Faroe Islands', 'France', 'Gabon', 'United Kingdom', 'Grenada', 'Georgia', 'French Guiana', 'Guernsey', 'Ghana', 'Gibraltar', 'Greenland', 'The Gambia', 'Guinea', 'Guadeloupe', 'Equatorial Guinea', 'Greece', 'South Georgia and South Sandwich Islands', 'Guatemala', 'Guam', 'Guinea-Bissau', 'Guyana', 'Hong Kong', 'Heard and McDonald Islands', 'Honduras', 'Croatia', 'Haiti', 'Hungary', 'Indonesia', 'Ireland', 'Israel', 'Isle of Man', 'India', 'British Indian Ocean Territory', 'Iraq', 'Iran', 'Iceland', 'Italy', 'Jersey', 'Jamaica', 'Jordan', 'Japan', 'Kenya', 'Kyrgyzstan', 'Cambodia', 'Kiribati', 'Comoros', 'St Kitts and Nevis', 'North Korea', 'South Korea', 'Kuwait', 'Cayman Islands', 'Kazakhstan', 'Laos', 'Lebanon', 'Saint Lucia', 'Liechtenstein', 'Sri Lanka', 'Liberia', 'Lesotho', 'Lithuania', 'Luxembourg', 'Latvia', 'Libya', 'Morocco', 'Monaco', 'Moldova', 'Montenegro', 'Saint Martin', 'Madagascar', 'Marshall Islands', 'North Macedonia', 'Mali', 'Myanmar', 'Mongolia', 'Macao', 'Northern Mariana Islands', 'Martinique', 'Mauritania', 'Montserrat', 'Malta', 'Mauritius', 'Maldives', 'Malawi', 'Mexico', 'Malaysia', 'Mozambique', 'Namibia', 'New Caledonia', 'Niger', 'Norfolk Island', 'Nigeria', 'Nicaragua', 'The Netherlands', 'Norway', 'Nepal', 'Nauru', 'Niue', 'New Zealand', 'Oman', 'Panama', 'Peru', 'French Polynesia', 'Papua New Guinea', 'Philippines', 'Pakistan', 'Poland', 'Saint Pierre and Miquelon', 'Pitcairn Islands', 'Puerto Rico', 'Palestine', 'Portugal', 'Palau', 'Paraguay', 'Qatar', 'Réunion', 'Romania', 'Serbia', 'Russia', 'Rwanda', 'Saudi Arabia', 'Solomon Islands', 'Seychelles', 'Sudan', 'Sweden', 'Singapore', 'Saint Helena', 'Slovenia', 'Svalbard and Jan Mayen', 'Slovakia', 'Sierra Leone', 'San Marino', 'Senegal', 'Somalia', 'Suriname', 'South Sudan', 'São Tomé and Príncipe', 'El Salvador', 'Sint Maarten', 'Syria', 'Eswatini', 'Turks and Caicos Islands', 'Chad', 'French Southern Territories', 'Togo', 'Thailand', 'Tajikistan', 'Tokelau', 'Timor-Leste', 'Turkmenistan', 'Tunisia', 'Tonga', 'Türkiye', 'Trinidad and Tobago', 'Tuvalu', 'Taiwan', 'Tanzania', 'Ukraine', 'Uganda', 'U.S. Outlying Islands', 'United States', 'Uruguay', 'Uzbekistan', 'Vatican City', 'St Vincent and Grenadines', 'Venezuela', 'British Virgin Islands', 'U.S. Virgin Islands', 'Vietnam', 'Vanuatu', 'Wallis and Futuna', 'Samoa', 'Kosovo', 'Yemen', 'Mayotte', 'South Africa', 'Zambia', 'Zimbabwe']
2025-01-30 13:40:52,177 - __main__ - INFO - Response time for the request: 0.36 seconds
2025-01-30 13:40:52,177 - __main__ - INFO - ----------------------------------------------------------------------------------------------------
2025-01-30 13:40:56,451 - __main__ - INFO - response: <Response 213 bytes [200 OK]>
2025-01-30 13:40:56,452 - __main__ - INFO - Response time for the request: 4.85 seconds
2025-01-30 13:40:56,452 - __main__ - INFO - ----------------------------------------------------------------------------------------------------
2025-01-30 13:40:56,465 - __main__ - INFO - response: <Response 213 bytes [200 OK]>
2025-01-30 13:40:56,465 - __main__ - INFO - Response time for the request: 5.00 seconds
2025-01-30 13:40:56,466 - __main__ - INFO - ----------------------------------------------------------------------------------------------------
2025-01-30 13:42:22,683 - __main__ - INFO - Request came to fetch all countries.
2025-01-30 13:42:22,819 - __main__ - INFO - response: ['Andorra', 'United Arab Emirates', 'Afghanistan', 'Antigua and Barbuda', 'Anguilla', 'Albania', 'Armenia', 'Angola', 'Antarctica', 'Argentina', 'American Samoa', 'Austria', 'Australia', 'Aruba', 'Åland', 'Azerbaijan', 'Bosnia and Herzegovina', 'Barbados', 'Bangladesh', 'Belgium', 'Burkina Faso', 'Bulgaria', 'Bahrain', 'Burundi', 'Benin', 'Saint Barthélemy', 'Bermuda', 'Brunei', 'Bolivia', 'Bonaire, Sint Eustatius, and Saba', 'Brazil', 'Bahamas', 'Bhutan', 'Bouvet Island', 'Botswana', 'Belarus', 'Belize', 'Canada', 'Cocos (Keeling) Islands', 'DR Congo', 'Central African Republic', 'Congo Republic', 'Switzerland', 'Ivory Coast', 'Cook Islands', 'Chile', 'Cameroon', 'China', 'Colombia', 'Costa Rica', 'Cuba', 'Cabo Verde', 'Curaçao', 'Christmas Island', 'Cyprus', 'Czechia', 'Germany', 'Djibouti', 'Denmark', 'Dominica', 'Dominican Republic', 'Algeria', 'Ecuador', 'Estonia', 'Egypt', 'Western Sahara', 'Eritrea', 'Spain', 'Ethiopia', 'Finland', 'Fiji', 'Falkland Islands', 'Micronesia', 'Faroe Islands', 'France', 'Gabon', 'United Kingdom', 'Grenada', 'Georgia', 'French Guiana', 'Guernsey', 'Ghana', 'Gibraltar', 'Greenland', 'The Gambia', 'Guinea', 'Guadeloupe', 'Equatorial Guinea', 'Greece', 'South Georgia and South Sandwich Islands', 'Guatemala', 'Guam', 'Guinea-Bissau', 'Guyana', 'Hong Kong', 'Heard and McDonald Islands', 'Honduras', 'Croatia', 'Haiti', 'Hungary', 'Indonesia', 'Ireland', 'Israel', 'Isle of Man', 'India', 'British Indian Ocean Territory', 'Iraq', 'Iran', 'Iceland', 'Italy', 'Jersey', 'Jamaica', 'Jordan', 'Japan', 'Kenya', 'Kyrgyzstan', 'Cambodia', 'Kiribati', 'Comoros', 'St Kitts and Nevis', 'North Korea', 'South Korea', 'Kuwait', 'Cayman Islands', 'Kazakhstan', 'Laos', 'Lebanon', 'Saint Lucia', 'Liechtenstein', 'Sri Lanka', 'Liberia', 'Lesotho', 'Lithuania', 'Luxembourg', 'Latvia', 'Libya', 'Morocco', 'Monaco', 'Moldova', 'Montenegro', 'Saint Martin', 'Madagascar', 'Marshall Islands', 'North Macedonia', 'Mali', 'Myanmar', 'Mongolia', 'Macao', 'Northern Mariana Islands', 'Martinique', 'Mauritania', 'Montserrat', 'Malta', 'Mauritius', 'Maldives', 'Malawi', 'Mexico', 'Malaysia', 'Mozambique', 'Namibia', 'New Caledonia', 'Niger', 'Norfolk Island', 'Nigeria', 'Nicaragua', 'The Netherlands', 'Norway', 'Nepal', 'Nauru', 'Niue', 'New Zealand', 'Oman', 'Panama', 'Peru', 'French Polynesia', 'Papua New Guinea', 'Philippines', 'Pakistan', 'Poland', 'Saint Pierre and Miquelon', 'Pitcairn Islands', 'Puerto Rico', 'Palestine', 'Portugal', 'Palau', 'Paraguay', 'Qatar', 'Réunion', 'Romania', 'Serbia', 'Russia', 'Rwanda', 'Saudi Arabia', 'Solomon Islands', 'Seychelles', 'Sudan', 'Sweden', 'Singapore', 'Saint Helena', 'Slovenia', 'Svalbard and Jan Mayen', 'Slovakia', 'Sierra Leone', 'San Marino', 'Senegal', 'Somalia', 'Suriname', 'South Sudan', 'São Tomé and Príncipe', 'El Salvador', 'Sint Maarten', 'Syria', 'Eswatini', 'Turks and Caicos Islands', 'Chad', 'French Southern Territories', 'Togo', 'Thailand', 'Tajikistan', 'Tokelau', 'Timor-Leste', 'Turkmenistan', 'Tunisia', 'Tonga', 'Türkiye', 'Trinidad and Tobago', 'Tuvalu', 'Taiwan', 'Tanzania', 'Ukraine', 'Uganda', 'U.S. Outlying Islands', 'United States', 'Uruguay', 'Uzbekistan', 'Vatican City', 'St Vincent and Grenadines', 'Venezuela', 'British Virgin Islands', 'U.S. Virgin Islands', 'Vietnam', 'Vanuatu', 'Wallis and Futuna', 'Samoa', 'Kosovo', 'Yemen', 'Mayotte', 'South Africa', 'Zambia', 'Zimbabwe']
2025-01-30 13:42:22,823 - __main__ - INFO - Response time for the request: 0.14 seconds
2025-01-30 13:42:22,823 - __main__ - INFO - ----------------------------------------------------------------------------------------------------
2025-01-30 13:42:23,037 - __main__ - INFO - Request came to fetch all countries.
2025-01-30 13:42:23,132 - __main__ - INFO - response: ['Andorra', 'United Arab Emirates', 'Afghanistan', 'Antigua and Barbuda', 'Anguilla', 'Albania', 'Armenia', 'Angola', 'Antarctica', 'Argentina', 'American Samoa', 'Austria', 'Australia', 'Aruba', 'Åland', 'Azerbaijan', 'Bosnia and Herzegovina', 'Barbados', 'Bangladesh', 'Belgium', 'Burkina Faso', 'Bulgaria', 'Bahrain', 'Burundi', 'Benin', 'Saint Barthélemy', 'Bermuda', 'Brunei', 'Bolivia', 'Bonaire, Sint Eustatius, and Saba', 'Brazil', 'Bahamas', 'Bhutan', 'Bouvet Island', 'Botswana', 'Belarus', 'Belize', 'Canada', 'Cocos (Keeling) Islands', 'DR Congo', 'Central African Republic', 'Congo Republic', 'Switzerland', 'Ivory Coast', 'Cook Islands', 'Chile', 'Cameroon', 'China', 'Colombia', 'Costa Rica', 'Cuba', 'Cabo Verde', 'Curaçao', 'Christmas Island', 'Cyprus', 'Czechia', 'Germany', 'Djibouti', 'Denmark', 'Dominica', 'Dominican Republic', 'Algeria', 'Ecuador', 'Estonia', 'Egypt', 'Western Sahara', 'Eritrea', 'Spain', 'Ethiopia', 'Finland', 'Fiji', 'Falkland Islands', 'Micronesia', 'Faroe Islands', 'France', 'Gabon', 'United Kingdom', 'Grenada', 'Georgia', 'French Guiana', 'Guernsey', 'Ghana', 'Gibraltar', 'Greenland', 'The Gambia', 'Guinea', 'Guadeloupe', 'Equatorial Guinea', 'Greece', 'South Georgia and South Sandwich Islands', 'Guatemala', 'Guam', 'Guinea-Bissau', 'Guyana', 'Hong Kong', 'Heard and McDonald Islands', 'Honduras', 'Croatia', 'Haiti', 'Hungary', 'Indonesia', 'Ireland', 'Israel', 'Isle of Man', 'India', 'British Indian Ocean Territory', 'Iraq', 'Iran', 'Iceland', 'Italy', 'Jersey', 'Jamaica', 'Jordan', 'Japan', 'Kenya', 'Kyrgyzstan', 'Cambodia', 'Kiribati', 'Comoros', 'St Kitts and Nevis', 'North Korea', 'South Korea', 'Kuwait', 'Cayman Islands', 'Kazakhstan', 'Laos', 'Lebanon', 'Saint Lucia', 'Liechtenstein', 'Sri Lanka', 'Liberia', 'Lesotho', 'Lithuania', 'Luxembourg', 'Latvia', 'Libya', 'Morocco', 'Monaco', 'Moldova', 'Montenegro', 'Saint Martin', 'Madagascar', 'Marshall Islands', 'North Macedonia', 'Mali', 'Myanmar', 'Mongolia', 'Macao', 'Northern Mariana Islands', 'Martinique', 'Mauritania', 'Montserrat', 'Malta', 'Mauritius', 'Maldives', 'Malawi', 'Mexico', 'Malaysia', 'Mozambique', 'Namibia', 'New Caledonia', 'Niger', 'Norfolk Island', 'Nigeria', 'Nicaragua', 'The Netherlands', 'Norway', 'Nepal', 'Nauru', 'Niue', 'New Zealand', 'Oman', 'Panama', 'Peru', 'French Polynesia', 'Papua New Guinea', 'Philippines', 'Pakistan', 'Poland', 'Saint Pierre and Miquelon', 'Pitcairn Islands', 'Puerto Rico', 'Palestine', 'Portugal', 'Palau', 'Paraguay', 'Qatar', 'Réunion', 'Romania', 'Serbia', 'Russia', 'Rwanda', 'Saudi Arabia', 'Solomon Islands', 'Seychelles', 'Sudan', 'Sweden', 'Singapore', 'Saint Helena', 'Slovenia', 'Svalbard and Jan Mayen', 'Slovakia', 'Sierra Leone', 'San Marino', 'Senegal', 'Somalia', 'Suriname', 'South Sudan', 'São Tomé and Príncipe', 'El Salvador', 'Sint Maarten', 'Syria', 'Eswatini', 'Turks and Caicos Islands', 'Chad', 'French Southern Territories', 'Togo', 'Thailand', 'Tajikistan', 'Tokelau', 'Timor-Leste', 'Turkmenistan', 'Tunisia', 'Tonga', 'Türkiye', 'Trinidad and Tobago', 'Tuvalu', 'Taiwan', 'Tanzania', 'Ukraine', 'Uganda', 'U.S. Outlying Islands', 'United States', 'Uruguay', 'Uzbekistan', 'Vatican City', 'St Vincent and Grenadines', 'Venezuela', 'British Virgin Islands', 'U.S. Virgin Islands', 'Vietnam', 'Vanuatu', 'Wallis and Futuna', 'Samoa', 'Kosovo', 'Yemen', 'Mayotte', 'South Africa', 'Zambia', 'Zimbabwe']
2025-01-30 13:42:23,136 - __main__ - INFO - Response time for the request: 0.10 seconds
2025-01-30 13:42:23,136 - __main__ - INFO - ----------------------------------------------------------------------------------------------------
2025-01-30 13:42:34,880 - __main__ - INFO - Request came to fetch all countries.
2025-01-30 13:42:35,087 - __main__ - INFO - Received request: {'latitude': 13.092958, 'longitude': 80.198554}
2025-01-30 13:42:35,366 - __main__ - INFO - Received request: {'latitude': 13.092958, 'longitude': 80.198554}
2025-01-30 13:42:35,374 - __main__ - INFO - response: ['Andorra', 'United Arab Emirates', 'Afghanistan', 'Antigua and Barbuda', 'Anguilla', 'Albania', 'Armenia', 'Angola', 'Antarctica', 'Argentina', 'American Samoa', 'Austria', 'Australia', 'Aruba', 'Åland', 'Azerbaijan', 'Bosnia and Herzegovina', 'Barbados', 'Bangladesh', 'Belgium', 'Burkina Faso', 'Bulgaria', 'Bahrain', 'Burundi', 'Benin', 'Saint Barthélemy', 'Bermuda', 'Brunei', 'Bolivia', 'Bonaire, Sint Eustatius, and Saba', 'Brazil', 'Bahamas', 'Bhutan', 'Bouvet Island', 'Botswana', 'Belarus', 'Belize', 'Canada', 'Cocos (Keeling) Islands', 'DR Congo', 'Central African Republic', 'Congo Republic', 'Switzerland', 'Ivory Coast', 'Cook Islands', 'Chile', 'Cameroon', 'China', 'Colombia', 'Costa Rica', 'Cuba', 'Cabo Verde', 'Curaçao', 'Christmas Island', 'Cyprus', 'Czechia', 'Germany', 'Djibouti', 'Denmark', 'Dominica', 'Dominican Republic', 'Algeria', 'Ecuador', 'Estonia', 'Egypt', 'Western Sahara', 'Eritrea', 'Spain', 'Ethiopia', 'Finland', 'Fiji', 'Falkland Islands', 'Micronesia', 'Faroe Islands', 'France', 'Gabon', 'United Kingdom', 'Grenada', 'Georgia', 'French Guiana', 'Guernsey', 'Ghana', 'Gibraltar', 'Greenland', 'The Gambia', 'Guinea', 'Guadeloupe', 'Equatorial Guinea', 'Greece', 'South Georgia and South Sandwich Islands', 'Guatemala', 'Guam', 'Guinea-Bissau', 'Guyana', 'Hong Kong', 'Heard and McDonald Islands', 'Honduras', 'Croatia', 'Haiti', 'Hungary', 'Indonesia', 'Ireland', 'Israel', 'Isle of Man', 'India', 'British Indian Ocean Territory', 'Iraq', 'Iran', 'Iceland', 'Italy', 'Jersey', 'Jamaica', 'Jordan', 'Japan', 'Kenya', 'Kyrgyzstan', 'Cambodia', 'Kiribati', 'Comoros', 'St Kitts and Nevis', 'North Korea', 'South Korea', 'Kuwait', 'Cayman Islands', 'Kazakhstan', 'Laos', 'Lebanon', 'Saint Lucia', 'Liechtenstein', 'Sri Lanka', 'Liberia', 'Lesotho', 'Lithuania', 'Luxembourg', 'Latvia', 'Libya', 'Morocco', 'Monaco', 'Moldova', 'Montenegro', 'Saint Martin', 'Madagascar', 'Marshall Islands', 'North Macedonia', 'Mali', 'Myanmar', 'Mongolia', 'Macao', 'Northern Mariana Islands', 'Martinique', 'Mauritania', 'Montserrat', 'Malta', 'Mauritius', 'Maldives', 'Malawi', 'Mexico', 'Malaysia', 'Mozambique', 'Namibia', 'New Caledonia', 'Niger', 'Norfolk Island', 'Nigeria', 'Nicaragua', 'The Netherlands', 'Norway', 'Nepal', 'Nauru', 'Niue', 'New Zealand', 'Oman', 'Panama', 'Peru', 'French Polynesia', 'Papua New Guinea', 'Philippines', 'Pakistan', 'Poland', 'Saint Pierre and Miquelon', 'Pitcairn Islands', 'Puerto Rico', 'Palestine', 'Portugal', 'Palau', 'Paraguay', 'Qatar', 'Réunion', 'Romania', 'Serbia', 'Russia', 'Rwanda', 'Saudi Arabia', 'Solomon Islands', 'Seychelles', 'Sudan', 'Sweden', 'Singapore', 'Saint Helena', 'Slovenia', 'Svalbard and Jan Mayen', 'Slovakia', 'Sierra Leone', 'San Marino', 'Senegal', 'Somalia', 'Suriname', 'South Sudan', 'São Tomé and Príncipe', 'El Salvador', 'Sint Maarten', 'Syria', 'Eswatini', 'Turks and Caicos Islands', 'Chad', 'French Southern Territories', 'Togo', 'Thailand', 'Tajikistan', 'Tokelau', 'Timor-Leste', 'Turkmenistan', 'Tunisia', 'Tonga', 'Türkiye', 'Trinidad and Tobago', 'Tuvalu', 'Taiwan', 'Tanzania', 'Ukraine', 'Uganda', 'U.S. Outlying Islands', 'United States', 'Uruguay', 'Uzbekistan', 'Vatican City', 'St Vincent and Grenadines', 'Venezuela', 'British Virgin Islands', 'U.S. Virgin Islands', 'Vietnam', 'Vanuatu', 'Wallis and Futuna', 'Samoa', 'Kosovo', 'Yemen', 'Mayotte', 'South Africa', 'Zambia', 'Zimbabwe']
2025-01-30 13:42:35,399 - __main__ - INFO - Response time for the request: 0.52 seconds
2025-01-30 13:42:35,406 - __main__ - INFO - ----------------------------------------------------------------------------------------------------
2025-01-30 13:42:35,515 - __main__ - INFO - Request came to fetch all countries.
2025-01-30 13:42:35,719 - __main__ - INFO - response: ['Andorra', 'United Arab Emirates', 'Afghanistan', 'Antigua and Barbuda', 'Anguilla', 'Albania', 'Armenia', 'Angola', 'Antarctica', 'Argentina', 'American Samoa', 'Austria', 'Australia', 'Aruba', 'Åland', 'Azerbaijan', 'Bosnia and Herzegovina', 'Barbados', 'Bangladesh', 'Belgium', 'Burkina Faso', 'Bulgaria', 'Bahrain', 'Burundi', 'Benin', 'Saint Barthélemy', 'Bermuda', 'Brunei', 'Bolivia', 'Bonaire, Sint Eustatius, and Saba', 'Brazil', 'Bahamas', 'Bhutan', 'Bouvet Island', 'Botswana', 'Belarus', 'Belize', 'Canada', 'Cocos (Keeling) Islands', 'DR Congo', 'Central African Republic', 'Congo Republic', 'Switzerland', 'Ivory Coast', 'Cook Islands', 'Chile', 'Cameroon', 'China', 'Colombia', 'Costa Rica', 'Cuba', 'Cabo Verde', 'Curaçao', 'Christmas Island', 'Cyprus', 'Czechia', 'Germany', 'Djibouti', 'Denmark', 'Dominica', 'Dominican Republic', 'Algeria', 'Ecuador', 'Estonia', 'Egypt', 'Western Sahara', 'Eritrea', 'Spain', 'Ethiopia', 'Finland', 'Fiji', 'Falkland Islands', 'Micronesia', 'Faroe Islands', 'France', 'Gabon', 'United Kingdom', 'Grenada', 'Georgia', 'French Guiana', 'Guernsey', 'Ghana', 'Gibraltar', 'Greenland', 'The Gambia', 'Guinea', 'Guadeloupe', 'Equatorial Guinea', 'Greece', 'South Georgia and South Sandwich Islands', 'Guatemala', 'Guam', 'Guinea-Bissau', 'Guyana', 'Hong Kong', 'Heard and McDonald Islands', 'Honduras', 'Croatia', 'Haiti', 'Hungary', 'Indonesia', 'Ireland', 'Israel', 'Isle of Man', 'India', 'British Indian Ocean Territory', 'Iraq', 'Iran', 'Iceland', 'Italy', 'Jersey', 'Jamaica', 'Jordan', 'Japan', 'Kenya', 'Kyrgyzstan', 'Cambodia', 'Kiribati', 'Comoros', 'St Kitts and Nevis', 'North Korea', 'South Korea', 'Kuwait', 'Cayman Islands', 'Kazakhstan', 'Laos', 'Lebanon', 'Saint Lucia', 'Liechtenstein', 'Sri Lanka', 'Liberia', 'Lesotho', 'Lithuania', 'Luxembourg', 'Latvia', 'Libya', 'Morocco', 'Monaco', 'Moldova', 'Montenegro', 'Saint Martin', 'Madagascar', 'Marshall Islands', 'North Macedonia', 'Mali', 'Myanmar', 'Mongolia', 'Macao', 'Northern Mariana Islands', 'Martinique', 'Mauritania', 'Montserrat', 'Malta', 'Mauritius', 'Maldives', 'Malawi', 'Mexico', 'Malaysia', 'Mozambique', 'Namibia', 'New Caledonia', 'Niger', 'Norfolk Island', 'Nigeria', 'Nicaragua', 'The Netherlands', 'Norway', 'Nepal', 'Nauru', 'Niue', 'New Zealand', 'Oman', 'Panama', 'Peru', 'French Polynesia', 'Papua New Guinea', 'Philippines', 'Pakistan', 'Poland', 'Saint Pierre and Miquelon', 'Pitcairn Islands', 'Puerto Rico', 'Palestine', 'Portugal', 'Palau', 'Paraguay', 'Qatar', 'Réunion', 'Romania', 'Serbia', 'Russia', 'Rwanda', 'Saudi Arabia', 'Solomon Islands', 'Seychelles', 'Sudan', 'Sweden', 'Singapore', 'Saint Helena', 'Slovenia', 'Svalbard and Jan Mayen', 'Slovakia', 'Sierra Leone', 'San Marino', 'Senegal', 'Somalia', 'Suriname', 'South Sudan', 'São Tomé and Príncipe', 'El Salvador', 'Sint Maarten', 'Syria', 'Eswatini', 'Turks and Caicos Islands', 'Chad', 'French Southern Territories', 'Togo', 'Thailand', 'Tajikistan', 'Tokelau', 'Timor-Leste', 'Turkmenistan', 'Tunisia', 'Tonga', 'Türkiye', 'Trinidad and Tobago', 'Tuvalu', 'Taiwan', 'Tanzania', 'Ukraine', 'Uganda', 'U.S. Outlying Islands', 'United States', 'Uruguay', 'Uzbekistan', 'Vatican City', 'St Vincent and Grenadines', 'Venezuela', 'British Virgin Islands', 'U.S. Virgin Islands', 'Vietnam', 'Vanuatu', 'Wallis and Futuna', 'Samoa', 'Kosovo', 'Yemen', 'Mayotte', 'South Africa', 'Zambia', 'Zimbabwe']
2025-01-30 13:42:35,726 - __main__ - INFO - Response time for the request: 0.21 seconds
2025-01-30 13:42:35,726 - __main__ - INFO - ----------------------------------------------------------------------------------------------------
2025-01-30 13:42:38,145 - __main__ - INFO - response: <Response 213 bytes [200 OK]>
2025-01-30 13:42:38,162 - __main__ - INFO - response: <Response 213 bytes [200 OK]>
2025-01-30 13:42:38,165 - __main__ - INFO - Response time for the request: 2.80 seconds
2025-01-30 13:42:38,166 - __main__ - INFO - Response time for the request: 3.08 seconds
2025-01-30 13:42:38,166 - __main__ - INFO - ----------------------------------------------------------------------------------------------------
2025-01-30 13:42:38,167 - __main__ - INFO - ----------------------------------------------------------------------------------------------------
2025-01-30 13:44:21,265 - __main__ - INFO - Request came to fetch all countries.
2025-01-30 13:44:21,576 - __main__ - INFO - Received request: {'latitude': 13.092958, 'longitude': 80.198554}
2025-01-30 13:44:21,582 - __main__ - INFO - response: ['Andorra', 'United Arab Emirates', 'Afghanistan', 'Antigua and Barbuda', 'Anguilla', 'Albania', 'Armenia', 'Angola', 'Antarctica', 'Argentina', 'American Samoa', 'Austria', 'Australia', 'Aruba', 'Åland', 'Azerbaijan', 'Bosnia and Herzegovina', 'Barbados', 'Bangladesh', 'Belgium', 'Burkina Faso', 'Bulgaria', 'Bahrain', 'Burundi', 'Benin', 'Saint Barthélemy', 'Bermuda', 'Brunei', 'Bolivia', 'Bonaire, Sint Eustatius, and Saba', 'Brazil', 'Bahamas', 'Bhutan', 'Bouvet Island', 'Botswana', 'Belarus', 'Belize', 'Canada', 'Cocos (Keeling) Islands', 'DR Congo', 'Central African Republic', 'Congo Republic', 'Switzerland', 'Ivory Coast', 'Cook Islands', 'Chile', 'Cameroon', 'China', 'Colombia', 'Costa Rica', 'Cuba', 'Cabo Verde', 'Curaçao', 'Christmas Island', 'Cyprus', 'Czechia', 'Germany', 'Djibouti', 'Denmark', 'Dominica', 'Dominican Republic', 'Algeria', 'Ecuador', 'Estonia', 'Egypt', 'Western Sahara', 'Eritrea', 'Spain', 'Ethiopia', 'Finland', 'Fiji', 'Falkland Islands', 'Micronesia', 'Faroe Islands', 'France', 'Gabon', 'United Kingdom', 'Grenada', 'Georgia', 'French Guiana', 'Guernsey', 'Ghana', 'Gibraltar', 'Greenland', 'The Gambia', 'Guinea', 'Guadeloupe', 'Equatorial Guinea', 'Greece', 'South Georgia and South Sandwich Islands', 'Guatemala', 'Guam', 'Guinea-Bissau', 'Guyana', 'Hong Kong', 'Heard and McDonald Islands', 'Honduras', 'Croatia', 'Haiti', 'Hungary', 'Indonesia', 'Ireland', 'Israel', 'Isle of Man', 'India', 'British Indian Ocean Territory', 'Iraq', 'Iran', 'Iceland', 'Italy', 'Jersey', 'Jamaica', 'Jordan', 'Japan', 'Kenya', 'Kyrgyzstan', 'Cambodia', 'Kiribati', 'Comoros', 'St Kitts and Nevis', 'North Korea', 'South Korea', 'Kuwait', 'Cayman Islands', 'Kazakhstan', 'Laos', 'Lebanon', 'Saint Lucia', 'Liechtenstein', 'Sri Lanka', 'Liberia', 'Lesotho', 'Lithuania', 'Luxembourg', 'Latvia', 'Libya', 'Morocco', 'Monaco', 'Moldova', 'Montenegro', 'Saint Martin', 'Madagascar', 'Marshall Islands', 'North Macedonia', 'Mali', 'Myanmar', 'Mongolia', 'Macao', 'Northern Mariana Islands', 'Martinique', 'Mauritania', 'Montserrat', 'Malta', 'Mauritius', 'Maldives', 'Malawi', 'Mexico', 'Malaysia', 'Mozambique', 'Namibia', 'New Caledonia', 'Niger', 'Norfolk Island', 'Nigeria', 'Nicaragua', 'The Netherlands', 'Norway', 'Nepal', 'Nauru', 'Niue', 'New Zealand', 'Oman', 'Panama', 'Peru', 'French Polynesia', 'Papua New Guinea', 'Philippines', 'Pakistan', 'Poland', 'Saint Pierre and Miquelon', 'Pitcairn Islands', 'Puerto Rico', 'Palestine', 'Portugal', 'Palau', 'Paraguay', 'Qatar', 'Réunion', 'Romania', 'Serbia', 'Russia', 'Rwanda', 'Saudi Arabia', 'Solomon Islands', 'Seychelles', 'Sudan', 'Sweden', 'Singapore', 'Saint Helena', 'Slovenia', 'Svalbard and Jan Mayen', 'Slovakia', 'Sierra Leone', 'San Marino', 'Senegal', 'Somalia', 'Suriname', 'South Sudan', 'São Tomé and Príncipe', 'El Salvador', 'Sint Maarten', 'Syria', 'Eswatini', 'Turks and Caicos Islands', 'Chad', 'French Southern Territories', 'Togo', 'Thailand', 'Tajikistan', 'Tokelau', 'Timor-Leste', 'Turkmenistan', 'Tunisia', 'Tonga', 'Türkiye', 'Trinidad and Tobago', 'Tuvalu', 'Taiwan', 'Tanzania', 'Ukraine', 'Uganda', 'U.S. Outlying Islands', 'United States', 'Uruguay', 'Uzbekistan', 'Vatican City', 'St Vincent and Grenadines', 'Venezuela', 'British Virgin Islands', 'U.S. Virgin Islands', 'Vietnam', 'Vanuatu', 'Wallis and Futuna', 'Samoa', 'Kosovo', 'Yemen', 'Mayotte', 'South Africa', 'Zambia', 'Zimbabwe']
2025-01-30 13:44:21,589 - __main__ - INFO - Response time for the request: 0.32 seconds
2025-01-30 13:44:21,639 - __main__ - INFO - ----------------------------------------------------------------------------------------------------
2025-01-30 13:44:21,766 - __main__ - INFO - Received request: {'latitude': 13.092958, 'longitude': 80.198554}
2025-01-30 13:44:21,834 - __main__ - INFO - Request came to fetch all countries.
2025-01-30 13:44:22,262 - __main__ - INFO - response: ['Andorra', 'United Arab Emirates', 'Afghanistan', 'Antigua and Barbuda', 'Anguilla', 'Albania', 'Armenia', 'Angola', 'Antarctica', 'Argentina', 'American Samoa', 'Austria', 'Australia', 'Aruba', 'Åland', 'Azerbaijan', 'Bosnia and Herzegovina', 'Barbados', 'Bangladesh', 'Belgium', 'Burkina Faso', 'Bulgaria', 'Bahrain', 'Burundi', 'Benin', 'Saint Barthélemy', 'Bermuda', 'Brunei', 'Bolivia', 'Bonaire, Sint Eustatius, and Saba', 'Brazil', 'Bahamas', 'Bhutan', 'Bouvet Island', 'Botswana', 'Belarus', 'Belize', 'Canada', 'Cocos (Keeling) Islands', 'DR Congo', 'Central African Republic', 'Congo Republic', 'Switzerland', 'Ivory Coast', 'Cook Islands', 'Chile', 'Cameroon', 'China', 'Colombia', 'Costa Rica', 'Cuba', 'Cabo Verde', 'Curaçao', 'Christmas Island', 'Cyprus', 'Czechia', 'Germany', 'Djibouti', 'Denmark', 'Dominica', 'Dominican Republic', 'Algeria', 'Ecuador', 'Estonia', 'Egypt', 'Western Sahara', 'Eritrea', 'Spain', 'Ethiopia', 'Finland', 'Fiji', 'Falkland Islands', 'Micronesia', 'Faroe Islands', 'France', 'Gabon', 'United Kingdom', 'Grenada', 'Georgia', 'French Guiana', 'Guernsey', 'Ghana', 'Gibraltar', 'Greenland', 'The Gambia', 'Guinea', 'Guadeloupe', 'Equatorial Guinea', 'Greece', 'South Georgia and South Sandwich Islands', 'Guatemala', 'Guam', 'Guinea-Bissau', 'Guyana', 'Hong Kong', 'Heard and McDonald Islands', 'Honduras', 'Croatia', 'Haiti', 'Hungary', 'Indonesia', 'Ireland', 'Israel', 'Isle of Man', 'India', 'British Indian Ocean Territory', 'Iraq', 'Iran', 'Iceland', 'Italy', 'Jersey', 'Jamaica', 'Jordan', 'Japan', 'Kenya', 'Kyrgyzstan', 'Cambodia', 'Kiribati', 'Comoros', 'St Kitts and Nevis', 'North Korea', 'South Korea', 'Kuwait', 'Cayman Islands', 'Kazakhstan', 'Laos', 'Lebanon', 'Saint Lucia', 'Liechtenstein', 'Sri Lanka', 'Liberia', 'Lesotho', 'Lithuania', 'Luxembourg', 'Latvia', 'Libya', 'Morocco', 'Monaco', 'Moldova', 'Montenegro', 'Saint Martin', 'Madagascar', 'Marshall Islands', 'North Macedonia', 'Mali', 'Myanmar', 'Mongolia', 'Macao', 'Northern Mariana Islands', 'Martinique', 'Mauritania', 'Montserrat', 'Malta', 'Mauritius', 'Maldives', 'Malawi', 'Mexico', 'Malaysia', 'Mozambique', 'Namibia', 'New Caledonia', 'Niger', 'Norfolk Island', 'Nigeria', 'Nicaragua', 'The Netherlands', 'Norway', 'Nepal', 'Nauru', 'Niue', 'New Zealand', 'Oman', 'Panama', 'Peru', 'French Polynesia', 'Papua New Guinea', 'Philippines', 'Pakistan', 'Poland', 'Saint Pierre and Miquelon', 'Pitcairn Islands', 'Puerto Rico', 'Palestine', 'Portugal', 'Palau', 'Paraguay', 'Qatar', 'Réunion', 'Romania', 'Serbia', 'Russia', 'Rwanda', 'Saudi Arabia', 'Solomon Islands', 'Seychelles', 'Sudan', 'Sweden', 'Singapore', 'Saint Helena', 'Slovenia', 'Svalbard and Jan Mayen', 'Slovakia', 'Sierra Leone', 'San Marino', 'Senegal', 'Somalia', 'Suriname', 'South Sudan', 'São Tomé and Príncipe', 'El Salvador', 'Sint Maarten', 'Syria', 'Eswatini', 'Turks and Caicos Islands', 'Chad', 'French Southern Territories', 'Togo', 'Thailand', 'Tajikistan', 'Tokelau', 'Timor-Leste', 'Turkmenistan', 'Tunisia', 'Tonga', 'Türkiye', 'Trinidad and Tobago', 'Tuvalu', 'Taiwan', 'Tanzania', 'Ukraine', 'Uganda', 'U.S. Outlying Islands', 'United States', 'Uruguay', 'Uzbekistan', 'Vatican City', 'St Vincent and Grenadines', 'Venezuela', 'British Virgin Islands', 'U.S. Virgin Islands', 'Vietnam', 'Vanuatu', 'Wallis and Futuna', 'Samoa', 'Kosovo', 'Yemen', 'Mayotte', 'South Africa', 'Zambia', 'Zimbabwe']
2025-01-30 13:44:22,267 - __main__ - INFO - Response time for the request: 0.43 seconds
2025-01-30 13:44:22,267 - __main__ - INFO - ----------------------------------------------------------------------------------------------------
2025-01-30 13:44:23,689 - __main__ - INFO - response: <Response 213 bytes [200 OK]>
2025-01-30 13:44:23,690 - __main__ - INFO - Response time for the request: 1.92 seconds
2025-01-30 13:44:23,690 - __main__ - INFO - ----------------------------------------------------------------------------------------------------
2025-01-30 13:44:23,709 - __main__ - INFO - response: <Response 213 bytes [200 OK]>
2025-01-30 13:44:23,710 - __main__ - INFO - Response time for the request: 2.13 seconds
2025-01-30 13:44:23,710 - __main__ - INFO - ----------------------------------------------------------------------------------------------------
2025-01-30 13:47:38,049 - __main__ - INFO - Request came to fetch all countries.
2025-01-30 13:47:38,249 - __main__ - INFO - Received request: {'latitude': 13.092958, 'longitude': 80.198554}
2025-01-30 13:47:38,616 - __main__ - INFO - Received request: {'latitude': 13.092958, 'longitude': 80.198554}
2025-01-30 13:47:38,683 - __main__ - INFO - response: ['Andorra', 'United Arab Emirates', 'Afghanistan', 'Antigua and Barbuda', 'Anguilla', 'Albania', 'Armenia', 'Angola', 'Antarctica', 'Argentina', 'American Samoa', 'Austria', 'Australia', 'Aruba', 'Åland', 'Azerbaijan', 'Bosnia and Herzegovina', 'Barbados', 'Bangladesh', 'Belgium', 'Burkina Faso', 'Bulgaria', 'Bahrain', 'Burundi', 'Benin', 'Saint Barthélemy', 'Bermuda', 'Brunei', 'Bolivia', 'Bonaire, Sint Eustatius, and Saba', 'Brazil', 'Bahamas', 'Bhutan', 'Bouvet Island', 'Botswana', 'Belarus', 'Belize', 'Canada', 'Cocos (Keeling) Islands', 'DR Congo', 'Central African Republic', 'Congo Republic', 'Switzerland', 'Ivory Coast', 'Cook Islands', 'Chile', 'Cameroon', 'China', 'Colombia', 'Costa Rica', 'Cuba', 'Cabo Verde', 'Curaçao', 'Christmas Island', 'Cyprus', 'Czechia', 'Germany', 'Djibouti', 'Denmark', 'Dominica', 'Dominican Republic', 'Algeria', 'Ecuador', 'Estonia', 'Egypt', 'Western Sahara', 'Eritrea', 'Spain', 'Ethiopia', 'Finland', 'Fiji', 'Falkland Islands', 'Micronesia', 'Faroe Islands', 'France', 'Gabon', 'United Kingdom', 'Grenada', 'Georgia', 'French Guiana', 'Guernsey', 'Ghana', 'Gibraltar', 'Greenland', 'The Gambia', 'Guinea', 'Guadeloupe', 'Equatorial Guinea', 'Greece', 'South Georgia and South Sandwich Islands', 'Guatemala', 'Guam', 'Guinea-Bissau', 'Guyana', 'Hong Kong', 'Heard and McDonald Islands', 'Honduras', 'Croatia', 'Haiti', 'Hungary', 'Indonesia', 'Ireland', 'Israel', 'Isle of Man', 'India', 'British Indian Ocean Territory', 'Iraq', 'Iran', 'Iceland', 'Italy', 'Jersey', 'Jamaica', 'Jordan', 'Japan', 'Kenya', 'Kyrgyzstan', 'Cambodia', 'Kiribati', 'Comoros', 'St Kitts and Nevis', 'North Korea', 'South Korea', 'Kuwait', 'Cayman Islands', 'Kazakhstan', 'Laos', 'Lebanon', 'Saint Lucia', 'Liechtenstein', 'Sri Lanka', 'Liberia', 'Lesotho', 'Lithuania', 'Luxembourg', 'Latvia', 'Libya', 'Morocco', 'Monaco', 'Moldova', 'Montenegro', 'Saint Martin', 'Madagascar', 'Marshall Islands', 'North Macedonia', 'Mali', 'Myanmar', 'Mongolia', 'Macao', 'Northern Mariana Islands', 'Martinique', 'Mauritania', 'Montserrat', 'Malta', 'Mauritius', 'Maldives', 'Malawi', 'Mexico', 'Malaysia', 'Mozambique', 'Namibia', 'New Caledonia', 'Niger', 'Norfolk Island', 'Nigeria', 'Nicaragua', 'The Netherlands', 'Norway', 'Nepal', 'Nauru', 'Niue', 'New Zealand', 'Oman', 'Panama', 'Peru', 'French Polynesia', 'Papua New Guinea', 'Philippines', 'Pakistan', 'Poland', 'Saint Pierre and Miquelon', 'Pitcairn Islands', 'Puerto Rico', 'Palestine', 'Portugal', 'Palau', 'Paraguay', 'Qatar', 'Réunion', 'Romania', 'Serbia', 'Russia', 'Rwanda', 'Saudi Arabia', 'Solomon Islands', 'Seychelles', 'Sudan', 'Sweden', 'Singapore', 'Saint Helena', 'Slovenia', 'Svalbard and Jan Mayen', 'Slovakia', 'Sierra Leone', 'San Marino', 'Senegal', 'Somalia', 'Suriname', 'South Sudan', 'São Tomé and Príncipe', 'El Salvador', 'Sint Maarten', 'Syria', 'Eswatini', 'Turks and Caicos Islands', 'Chad', 'French Southern Territories', 'Togo', 'Thailand', 'Tajikistan', 'Tokelau', 'Timor-Leste', 'Turkmenistan', 'Tunisia', 'Tonga', 'Türkiye', 'Trinidad and Tobago', 'Tuvalu', 'Taiwan', 'Tanzania', 'Ukraine', 'Uganda', 'U.S. Outlying Islands', 'United States', 'Uruguay', 'Uzbekistan', 'Vatican City', 'St Vincent and Grenadines', 'Venezuela', 'British Virgin Islands', 'U.S. Virgin Islands', 'Vietnam', 'Vanuatu', 'Wallis and Futuna', 'Samoa', 'Kosovo', 'Yemen', 'Mayotte', 'South Africa', 'Zambia', 'Zimbabwe']
2025-01-30 13:47:38,689 - __main__ - INFO - Response time for the request: 0.64 seconds
2025-01-30 13:47:38,689 - __main__ - INFO - ----------------------------------------------------------------------------------------------------
2025-01-30 13:47:39,211 - __main__ - INFO - Request came to fetch all countries.
2025-01-30 13:47:39,733 - __main__ - INFO - response: ['Andorra', 'United Arab Emirates', 'Afghanistan', 'Antigua and Barbuda', 'Anguilla', 'Albania', 'Armenia', 'Angola', 'Antarctica', 'Argentina', 'American Samoa', 'Austria', 'Australia', 'Aruba', 'Åland', 'Azerbaijan', 'Bosnia and Herzegovina', 'Barbados', 'Bangladesh', 'Belgium', 'Burkina Faso', 'Bulgaria', 'Bahrain', 'Burundi', 'Benin', 'Saint Barthélemy', 'Bermuda', 'Brunei', 'Bolivia', 'Bonaire, Sint Eustatius, and Saba', 'Brazil', 'Bahamas', 'Bhutan', 'Bouvet Island', 'Botswana', 'Belarus', 'Belize', 'Canada', 'Cocos (Keeling) Islands', 'DR Congo', 'Central African Republic', 'Congo Republic', 'Switzerland', 'Ivory Coast', 'Cook Islands', 'Chile', 'Cameroon', 'China', 'Colombia', 'Costa Rica', 'Cuba', 'Cabo Verde', 'Curaçao', 'Christmas Island', 'Cyprus', 'Czechia', 'Germany', 'Djibouti', 'Denmark', 'Dominica', 'Dominican Republic', 'Algeria', 'Ecuador', 'Estonia', 'Egypt', 'Western Sahara', 'Eritrea', 'Spain', 'Ethiopia', 'Finland', 'Fiji', 'Falkland Islands', 'Micronesia', 'Faroe Islands', 'France', 'Gabon', 'United Kingdom', 'Grenada', 'Georgia', 'French Guiana', 'Guernsey', 'Ghana', 'Gibraltar', 'Greenland', 'The Gambia', 'Guinea', 'Guadeloupe', 'Equatorial Guinea', 'Greece', 'South Georgia and South Sandwich Islands', 'Guatemala', 'Guam', 'Guinea-Bissau', 'Guyana', 'Hong Kong', 'Heard and McDonald Islands', 'Honduras', 'Croatia', 'Haiti', 'Hungary', 'Indonesia', 'Ireland', 'Israel', 'Isle of Man', 'India', 'British Indian Ocean Territory', 'Iraq', 'Iran', 'Iceland', 'Italy', 'Jersey', 'Jamaica', 'Jordan', 'Japan', 'Kenya', 'Kyrgyzstan', 'Cambodia', 'Kiribati', 'Comoros', 'St Kitts and Nevis', 'North Korea', 'South Korea', 'Kuwait', 'Cayman Islands', 'Kazakhstan', 'Laos', 'Lebanon', 'Saint Lucia', 'Liechtenstein', 'Sri Lanka', 'Liberia', 'Lesotho', 'Lithuania', 'Luxembourg', 'Latvia', 'Libya', 'Morocco', 'Monaco', 'Moldova', 'Montenegro', 'Saint Martin', 'Madagascar', 'Marshall Islands', 'North Macedonia', 'Mali', 'Myanmar', 'Mongolia', 'Macao', 'Northern Mariana Islands', 'Martinique', 'Mauritania', 'Montserrat', 'Malta', 'Mauritius', 'Maldives', 'Malawi', 'Mexico', 'Malaysia', 'Mozambique', 'Namibia', 'New Caledonia', 'Niger', 'Norfolk Island', 'Nigeria', 'Nicaragua', 'The Netherlands', 'Norway', 'Nepal', 'Nauru', 'Niue', 'New Zealand', 'Oman', 'Panama', 'Peru', 'French Polynesia', 'Papua New Guinea', 'Philippines', 'Pakistan', 'Poland', 'Saint Pierre and Miquelon', 'Pitcairn Islands', 'Puerto Rico', 'Palestine', 'Portugal', 'Palau', 'Paraguay', 'Qatar', 'Réunion', 'Romania', 'Serbia', 'Russia', 'Rwanda', 'Saudi Arabia', 'Solomon Islands', 'Seychelles', 'Sudan', 'Sweden', 'Singapore', 'Saint Helena', 'Slovenia', 'Svalbard and Jan Mayen', 'Slovakia', 'Sierra Leone', 'San Marino', 'Senegal', 'Somalia', 'Suriname', 'South Sudan', 'São Tomé and Príncipe', 'El Salvador', 'Sint Maarten', 'Syria', 'Eswatini', 'Turks and Caicos Islands', 'Chad', 'French Southern Territories', 'Togo', 'Thailand', 'Tajikistan', 'Tokelau', 'Timor-Leste', 'Turkmenistan', 'Tunisia', 'Tonga', 'Türkiye', 'Trinidad and Tobago', 'Tuvalu', 'Taiwan', 'Tanzania', 'Ukraine', 'Uganda', 'U.S. Outlying Islands', 'United States', 'Uruguay', 'Uzbekistan', 'Vatican City', 'St Vincent and Grenadines', 'Venezuela', 'British Virgin Islands', 'U.S. Virgin Islands', 'Vietnam', 'Vanuatu', 'Wallis and Futuna', 'Samoa', 'Kosovo', 'Yemen', 'Mayotte', 'South Africa', 'Zambia', 'Zimbabwe']
2025-01-30 13:47:39,739 - __main__ - INFO - Response time for the request: 0.53 seconds
2025-01-30 13:47:39,740 - __main__ - INFO - ----------------------------------------------------------------------------------------------------
2025-01-30 13:47:41,486 - __main__ - INFO - response: <Response 213 bytes [200 OK]>
2025-01-30 13:47:41,486 - __main__ - INFO - Response time for the request: 3.24 seconds
2025-01-30 13:47:41,486 - __main__ - INFO - ----------------------------------------------------------------------------------------------------
2025-01-30 13:47:41,516 - __main__ - INFO - response: <Response 213 bytes [200 OK]>
2025-01-30 13:47:41,516 - __main__ - INFO - Response time for the request: 2.90 seconds
2025-01-30 13:47:41,517 - __main__ - INFO - ----------------------------------------------------------------------------------------------------
2025-01-30 13:48:38,505 - __main__ - INFO - Request came to fetch all countries.
2025-01-30 13:48:38,736 - __main__ - INFO - Received request: {'latitude': 13.092958, 'longitude': 80.198554}
2025-01-30 13:48:38,773 - __main__ - INFO - response: ['Andorra', 'United Arab Emirates', 'Afghanistan', 'Antigua and Barbuda', 'Anguilla', 'Albania', 'Armenia', 'Angola', 'Antarctica', 'Argentina', 'American Samoa', 'Austria', 'Australia', 'Aruba', 'Åland', 'Azerbaijan', 'Bosnia and Herzegovina', 'Barbados', 'Bangladesh', 'Belgium', 'Burkina Faso', 'Bulgaria', 'Bahrain', 'Burundi', 'Benin', 'Saint Barthélemy', 'Bermuda', 'Brunei', 'Bolivia', 'Bonaire, Sint Eustatius, and Saba', 'Brazil', 'Bahamas', 'Bhutan', 'Bouvet Island', 'Botswana', 'Belarus', 'Belize', 'Canada', 'Cocos (Keeling) Islands', 'DR Congo', 'Central African Republic', 'Congo Republic', 'Switzerland', 'Ivory Coast', 'Cook Islands', 'Chile', 'Cameroon', 'China', 'Colombia', 'Costa Rica', 'Cuba', 'Cabo Verde', 'Curaçao', 'Christmas Island', 'Cyprus', 'Czechia', 'Germany', 'Djibouti', 'Denmark', 'Dominica', 'Dominican Republic', 'Algeria', 'Ecuador', 'Estonia', 'Egypt', 'Western Sahara', 'Eritrea', 'Spain', 'Ethiopia', 'Finland', 'Fiji', 'Falkland Islands', 'Micronesia', 'Faroe Islands', 'France', 'Gabon', 'United Kingdom', 'Grenada', 'Georgia', 'French Guiana', 'Guernsey', 'Ghana', 'Gibraltar', 'Greenland', 'The Gambia', 'Guinea', 'Guadeloupe', 'Equatorial Guinea', 'Greece', 'South Georgia and South Sandwich Islands', 'Guatemala', 'Guam', 'Guinea-Bissau', 'Guyana', 'Hong Kong', 'Heard and McDonald Islands', 'Honduras', 'Croatia', 'Haiti', 'Hungary', 'Indonesia', 'Ireland', 'Israel', 'Isle of Man', 'India', 'British Indian Ocean Territory', 'Iraq', 'Iran', 'Iceland', 'Italy', 'Jersey', 'Jamaica', 'Jordan', 'Japan', 'Kenya', 'Kyrgyzstan', 'Cambodia', 'Kiribati', 'Comoros', 'St Kitts and Nevis', 'North Korea', 'South Korea', 'Kuwait', 'Cayman Islands', 'Kazakhstan', 'Laos', 'Lebanon', 'Saint Lucia', 'Liechtenstein', 'Sri Lanka', 'Liberia', 'Lesotho', 'Lithuania', 'Luxembourg', 'Latvia', 'Libya', 'Morocco', 'Monaco', 'Moldova', 'Montenegro', 'Saint Martin', 'Madagascar', 'Marshall Islands', 'North Macedonia', 'Mali', 'Myanmar', 'Mongolia', 'Macao', 'Northern Mariana Islands', 'Martinique', 'Mauritania', 'Montserrat', 'Malta', 'Mauritius', 'Maldives', 'Malawi', 'Mexico', 'Malaysia', 'Mozambique', 'Namibia', 'New Caledonia', 'Niger', 'Norfolk Island', 'Nigeria', 'Nicaragua', 'The Netherlands', 'Norway', 'Nepal', 'Nauru', 'Niue', 'New Zealand', 'Oman', 'Panama', 'Peru', 'French Polynesia', 'Papua New Guinea', 'Philippines', 'Pakistan', 'Poland', 'Saint Pierre and Miquelon', 'Pitcairn Islands', 'Puerto Rico', 'Palestine', 'Portugal', 'Palau', 'Paraguay', 'Qatar', 'Réunion', 'Romania', 'Serbia', 'Russia', 'Rwanda', 'Saudi Arabia', 'Solomon Islands', 'Seychelles', 'Sudan', 'Sweden', 'Singapore', 'Saint Helena', 'Slovenia', 'Svalbard and Jan Mayen', 'Slovakia', 'Sierra Leone', 'San Marino', 'Senegal', 'Somalia', 'Suriname', 'South Sudan', 'São Tomé and Príncipe', 'El Salvador', 'Sint Maarten', 'Syria', 'Eswatini', 'Turks and Caicos Islands', 'Chad', 'French Southern Territories', 'Togo', 'Thailand', 'Tajikistan', 'Tokelau', 'Timor-Leste', 'Turkmenistan', 'Tunisia', 'Tonga', 'Türkiye', 'Trinidad and Tobago', 'Tuvalu', 'Taiwan', 'Tanzania', 'Ukraine', 'Uganda', 'U.S. Outlying Islands', 'United States', 'Uruguay', 'Uzbekistan', 'Vatican City', 'St Vincent and Grenadines', 'Venezuela', 'British Virgin Islands', 'U.S. Virgin Islands', 'Vietnam', 'Vanuatu', 'Wallis and Futuna', 'Samoa', 'Kosovo', 'Yemen', 'Mayotte', 'South Africa', 'Zambia', 'Zimbabwe']
2025-01-30 13:48:38,783 - __main__ - INFO - Response time for the request: 0.28 seconds
2025-01-30 13:48:38,783 - __main__ - INFO - ----------------------------------------------------------------------------------------------------
2025-01-30 13:48:38,955 - __main__ - INFO - Received request: {'latitude': 13.092958, 'longitude': 80.198554}
2025-01-30 13:48:39,087 - __main__ - INFO - Request came to fetch all countries.
2025-01-30 13:48:39,524 - __main__ - INFO - response: ['Andorra', 'United Arab Emirates', 'Afghanistan', 'Antigua and Barbuda', 'Anguilla', 'Albania', 'Armenia', 'Angola', 'Antarctica', 'Argentina', 'American Samoa', 'Austria', 'Australia', 'Aruba', 'Åland', 'Azerbaijan', 'Bosnia and Herzegovina', 'Barbados', 'Bangladesh', 'Belgium', 'Burkina Faso', 'Bulgaria', 'Bahrain', 'Burundi', 'Benin', 'Saint Barthélemy', 'Bermuda', 'Brunei', 'Bolivia', 'Bonaire, Sint Eustatius, and Saba', 'Brazil', 'Bahamas', 'Bhutan', 'Bouvet Island', 'Botswana', 'Belarus', 'Belize', 'Canada', 'Cocos (Keeling) Islands', 'DR Congo', 'Central African Republic', 'Congo Republic', 'Switzerland', 'Ivory Coast', 'Cook Islands', 'Chile', 'Cameroon', 'China', 'Colombia', 'Costa Rica', 'Cuba', 'Cabo Verde', 'Curaçao', 'Christmas Island', 'Cyprus', 'Czechia', 'Germany', 'Djibouti', 'Denmark', 'Dominica', 'Dominican Republic', 'Algeria', 'Ecuador', 'Estonia', 'Egypt', 'Western Sahara', 'Eritrea', 'Spain', 'Ethiopia', 'Finland', 'Fiji', 'Falkland Islands', 'Micronesia', 'Faroe Islands', 'France', 'Gabon', 'United Kingdom', 'Grenada', 'Georgia', 'French Guiana', 'Guernsey', 'Ghana', 'Gibraltar', 'Greenland', 'The Gambia', 'Guinea', 'Guadeloupe', 'Equatorial Guinea', 'Greece', 'South Georgia and South Sandwich Islands', 'Guatemala', 'Guam', 'Guinea-Bissau', 'Guyana', 'Hong Kong', 'Heard and McDonald Islands', 'Honduras', 'Croatia', 'Haiti', 'Hungary', 'Indonesia', 'Ireland', 'Israel', 'Isle of Man', 'India', 'British Indian Ocean Territory', 'Iraq', 'Iran', 'Iceland', 'Italy', 'Jersey', 'Jamaica', 'Jordan', 'Japan', 'Kenya', 'Kyrgyzstan', 'Cambodia', 'Kiribati', 'Comoros', 'St Kitts and Nevis', 'North Korea', 'South Korea', 'Kuwait', 'Cayman Islands', 'Kazakhstan', 'Laos', 'Lebanon', 'Saint Lucia', 'Liechtenstein', 'Sri Lanka', 'Liberia', 'Lesotho', 'Lithuania', 'Luxembourg', 'Latvia', 'Libya', 'Morocco', 'Monaco', 'Moldova', 'Montenegro', 'Saint Martin', 'Madagascar', 'Marshall Islands', 'North Macedonia', 'Mali', 'Myanmar', 'Mongolia', 'Macao', 'Northern Mariana Islands', 'Martinique', 'Mauritania', 'Montserrat', 'Malta', 'Mauritius', 'Maldives', 'Malawi', 'Mexico', 'Malaysia', 'Mozambique', 'Namibia', 'New Caledonia', 'Niger', 'Norfolk Island', 'Nigeria', 'Nicaragua', 'The Netherlands', 'Norway', 'Nepal', 'Nauru', 'Niue', 'New Zealand', 'Oman', 'Panama', 'Peru', 'French Polynesia', 'Papua New Guinea', 'Philippines', 'Pakistan', 'Poland', 'Saint Pierre and Miquelon', 'Pitcairn Islands', 'Puerto Rico', 'Palestine', 'Portugal', 'Palau', 'Paraguay', 'Qatar', 'Réunion', 'Romania', 'Serbia', 'Russia', 'Rwanda', 'Saudi Arabia', 'Solomon Islands', 'Seychelles', 'Sudan', 'Sweden', 'Singapore', 'Saint Helena', 'Slovenia', 'Svalbard and Jan Mayen', 'Slovakia', 'Sierra Leone', 'San Marino', 'Senegal', 'Somalia', 'Suriname', 'South Sudan', 'São Tomé and Príncipe', 'El Salvador', 'Sint Maarten', 'Syria', 'Eswatini', 'Turks and Caicos Islands', 'Chad', 'French Southern Territories', 'Togo', 'Thailand', 'Tajikistan', 'Tokelau', 'Timor-Leste', 'Turkmenistan', 'Tunisia', 'Tonga', 'Türkiye', 'Trinidad and Tobago', 'Tuvalu', 'Taiwan', 'Tanzania', 'Ukraine', 'Uganda', 'U.S. Outlying Islands', 'United States', 'Uruguay', 'Uzbekistan', 'Vatican City', 'St Vincent and Grenadines', 'Venezuela', 'British Virgin Islands', 'U.S. Virgin Islands', 'Vietnam', 'Vanuatu', 'Wallis and Futuna', 'Samoa', 'Kosovo', 'Yemen', 'Mayotte', 'South Africa', 'Zambia', 'Zimbabwe']
2025-01-30 13:48:39,564 - __main__ - INFO - Response time for the request: 0.48 seconds
2025-01-30 13:48:39,565 - __main__ - INFO - ----------------------------------------------------------------------------------------------------
2025-01-30 13:48:40,572 - __main__ - INFO - response: <Response 213 bytes [200 OK]>
2025-01-30 13:48:40,572 - __main__ - INFO - Response time for the request: 1.84 seconds
2025-01-30 13:48:40,573 - __main__ - INFO - ----------------------------------------------------------------------------------------------------
2025-01-30 13:48:40,839 - __main__ - INFO - response: <Response 213 bytes [200 OK]>
2025-01-30 13:48:40,839 - __main__ - INFO - Response time for the request: 1.88 seconds
2025-01-30 13:48:40,840 - __main__ - INFO - ----------------------------------------------------------------------------------------------------
2025-01-30 13:48:49,116 - __main__ - INFO - Request came to fetch all states from india.
2025-01-30 13:48:49,501 - __main__ - INFO - response: ['Andaman and Nicobar', 'Andhra Pradesh', 'Arunachal Pradesh', 'Assam', 'Bihar', 'Chandigarh', 'Chhattisgarh', 'Dadra and Nagar Haveli and Daman and Diu', 'Delhi', 'Goa', 'Gujarat', 'Haryana', 'Himachal Pradesh', 'Jammu and Kashmir', 'Jharkhand', 'Karnataka', 'Kerala', 'Ladakh', 'Lakshadweep', 'Madhya Pradesh', 'Maharashtra', 'Manipur', 'Meghalaya', 'Mizoram', 'Nagaland', 'Odisha', 'Puducherry', 'Punjab', 'Rajasthan', 'Sikkim', 'Tamil Nadu', 'Telangana', 'Tripura', 'Uttar Pradesh', 'Uttarakhand', 'West Bengal']
2025-01-30 13:48:49,502 - __main__ - INFO - Response time for the request: 0.39 seconds
2025-01-30 13:48:49,503 - __main__ - INFO - ----------------------------------------------------------------------------------------------------
2025-01-30 13:48:49,826 - __main__ - INFO - Request came to fetch all states from india.
2025-01-30 13:48:49,987 - __main__ - INFO - response: ['Andaman and Nicobar', 'Andhra Pradesh', 'Arunachal Pradesh', 'Assam', 'Bihar', 'Chandigarh', 'Chhattisgarh', 'Dadra and Nagar Haveli and Daman and Diu', 'Delhi', 'Goa', 'Gujarat', 'Haryana', 'Himachal Pradesh', 'Jammu and Kashmir', 'Jharkhand', 'Karnataka', 'Kerala', 'Ladakh', 'Lakshadweep', 'Madhya Pradesh', 'Maharashtra', 'Manipur', 'Meghalaya', 'Mizoram', 'Nagaland', 'Odisha', 'Puducherry', 'Punjab', 'Rajasthan', 'Sikkim', 'Tamil Nadu', 'Telangana', 'Tripura', 'Uttar Pradesh', 'Uttarakhand', 'West Bengal']
2025-01-30 13:48:49,988 - __main__ - INFO - Response time for the request: 0.16 seconds
2025-01-30 13:48:49,988 - __main__ - INFO - ----------------------------------------------------------------------------------------------------
2025-01-30 13:49:09,636 - __main__ - INFO - Request came to fetch all countries.
2025-01-30 13:49:09,936 - __main__ - INFO - Received request: {'latitude': 13.092958, 'longitude': 80.198554}
2025-01-30 13:49:10,101 - __main__ - INFO - response: ['Andorra', 'United Arab Emirates', 'Afghanistan', 'Antigua and Barbuda', 'Anguilla', 'Albania', 'Armenia', 'Angola', 'Antarctica', 'Argentina', 'American Samoa', 'Austria', 'Australia', 'Aruba', 'Åland', 'Azerbaijan', 'Bosnia and Herzegovina', 'Barbados', 'Bangladesh', 'Belgium', 'Burkina Faso', 'Bulgaria', 'Bahrain', 'Burundi', 'Benin', 'Saint Barthélemy', 'Bermuda', 'Brunei', 'Bolivia', 'Bonaire, Sint Eustatius, and Saba', 'Brazil', 'Bahamas', 'Bhutan', 'Bouvet Island', 'Botswana', 'Belarus', 'Belize', 'Canada', 'Cocos (Keeling) Islands', 'DR Congo', 'Central African Republic', 'Congo Republic', 'Switzerland', 'Ivory Coast', 'Cook Islands', 'Chile', 'Cameroon', 'China', 'Colombia', 'Costa Rica', 'Cuba', 'Cabo Verde', 'Curaçao', 'Christmas Island', 'Cyprus', 'Czechia', 'Germany', 'Djibouti', 'Denmark', 'Dominica', 'Dominican Republic', 'Algeria', 'Ecuador', 'Estonia', 'Egypt', 'Western Sahara', 'Eritrea', 'Spain', 'Ethiopia', 'Finland', 'Fiji', 'Falkland Islands', 'Micronesia', 'Faroe Islands', 'France', 'Gabon', 'United Kingdom', 'Grenada', 'Georgia', 'French Guiana', 'Guernsey', 'Ghana', 'Gibraltar', 'Greenland', 'The Gambia', 'Guinea', 'Guadeloupe', 'Equatorial Guinea', 'Greece', 'South Georgia and South Sandwich Islands', 'Guatemala', 'Guam', 'Guinea-Bissau', 'Guyana', 'Hong Kong', 'Heard and McDonald Islands', 'Honduras', 'Croatia', 'Haiti', 'Hungary', 'Indonesia', 'Ireland', 'Israel', 'Isle of Man', 'India', 'British Indian Ocean Territory', 'Iraq', 'Iran', 'Iceland', 'Italy', 'Jersey', 'Jamaica', 'Jordan', 'Japan', 'Kenya', 'Kyrgyzstan', 'Cambodia', 'Kiribati', 'Comoros', 'St Kitts and Nevis', 'North Korea', 'South Korea', 'Kuwait', 'Cayman Islands', 'Kazakhstan', 'Laos', 'Lebanon', 'Saint Lucia', 'Liechtenstein', 'Sri Lanka', 'Liberia', 'Lesotho', 'Lithuania', 'Luxembourg', 'Latvia', 'Libya', 'Morocco', 'Monaco', 'Moldova', 'Montenegro', 'Saint Martin', 'Madagascar', 'Marshall Islands', 'North Macedonia', 'Mali', 'Myanmar', 'Mongolia', 'Macao', 'Northern Mariana Islands', 'Martinique', 'Mauritania', 'Montserrat', 'Malta', 'Mauritius', 'Maldives', 'Malawi', 'Mexico', 'Malaysia', 'Mozambique', 'Namibia', 'New Caledonia', 'Niger', 'Norfolk Island', 'Nigeria', 'Nicaragua', 'The Netherlands', 'Norway', 'Nepal', 'Nauru', 'Niue', 'New Zealand', 'Oman', 'Panama', 'Peru', 'French Polynesia', 'Papua New Guinea', 'Philippines', 'Pakistan', 'Poland', 'Saint Pierre and Miquelon', 'Pitcairn Islands', 'Puerto Rico', 'Palestine', 'Portugal', 'Palau', 'Paraguay', 'Qatar', 'Réunion', 'Romania', 'Serbia', 'Russia', 'Rwanda', 'Saudi Arabia', 'Solomon Islands', 'Seychelles', 'Sudan', 'Sweden', 'Singapore', 'Saint Helena', 'Slovenia', 'Svalbard and Jan Mayen', 'Slovakia', 'Sierra Leone', 'San Marino', 'Senegal', 'Somalia', 'Suriname', 'South Sudan', 'São Tomé and Príncipe', 'El Salvador', 'Sint Maarten', 'Syria', 'Eswatini', 'Turks and Caicos Islands', 'Chad', 'French Southern Territories', 'Togo', 'Thailand', 'Tajikistan', 'Tokelau', 'Timor-Leste', 'Turkmenistan', 'Tunisia', 'Tonga', 'Türkiye', 'Trinidad and Tobago', 'Tuvalu', 'Taiwan', 'Tanzania', 'Ukraine', 'Uganda', 'U.S. Outlying Islands', 'United States', 'Uruguay', 'Uzbekistan', 'Vatican City', 'St Vincent and Grenadines', 'Venezuela', 'British Virgin Islands', 'U.S. Virgin Islands', 'Vietnam', 'Vanuatu', 'Wallis and Futuna', 'Samoa', 'Kosovo', 'Yemen', 'Mayotte', 'South Africa', 'Zambia', 'Zimbabwe']
2025-01-30 13:49:10,111 - __main__ - INFO - Response time for the request: 0.48 seconds
2025-01-30 13:49:10,112 - __main__ - INFO - ----------------------------------------------------------------------------------------------------
2025-01-30 13:49:10,233 - __main__ - INFO - Received request: {'latitude': 13.092958, 'longitude': 80.198554}
2025-01-30 13:49:10,551 - __main__ - INFO - Request came to fetch all countries.
2025-01-30 13:49:10,879 - __main__ - INFO - response: ['Andorra', 'United Arab Emirates', 'Afghanistan', 'Antigua and Barbuda', 'Anguilla', 'Albania', 'Armenia', 'Angola', 'Antarctica', 'Argentina', 'American Samoa', 'Austria', 'Australia', 'Aruba', 'Åland', 'Azerbaijan', 'Bosnia and Herzegovina', 'Barbados', 'Bangladesh', 'Belgium', 'Burkina Faso', 'Bulgaria', 'Bahrain', 'Burundi', 'Benin', 'Saint Barthélemy', 'Bermuda', 'Brunei', 'Bolivia', 'Bonaire, Sint Eustatius, and Saba', 'Brazil', 'Bahamas', 'Bhutan', 'Bouvet Island', 'Botswana', 'Belarus', 'Belize', 'Canada', 'Cocos (Keeling) Islands', 'DR Congo', 'Central African Republic', 'Congo Republic', 'Switzerland', 'Ivory Coast', 'Cook Islands', 'Chile', 'Cameroon', 'China', 'Colombia', 'Costa Rica', 'Cuba', 'Cabo Verde', 'Curaçao', 'Christmas Island', 'Cyprus', 'Czechia', 'Germany', 'Djibouti', 'Denmark', 'Dominica', 'Dominican Republic', 'Algeria', 'Ecuador', 'Estonia', 'Egypt', 'Western Sahara', 'Eritrea', 'Spain', 'Ethiopia', 'Finland', 'Fiji', 'Falkland Islands', 'Micronesia', 'Faroe Islands', 'France', 'Gabon', 'United Kingdom', 'Grenada', 'Georgia', 'French Guiana', 'Guernsey', 'Ghana', 'Gibraltar', 'Greenland', 'The Gambia', 'Guinea', 'Guadeloupe', 'Equatorial Guinea', 'Greece', 'South Georgia and South Sandwich Islands', 'Guatemala', 'Guam', 'Guinea-Bissau', 'Guyana', 'Hong Kong', 'Heard and McDonald Islands', 'Honduras', 'Croatia', 'Haiti', 'Hungary', 'Indonesia', 'Ireland', 'Israel', 'Isle of Man', 'India', 'British Indian Ocean Territory', 'Iraq', 'Iran', 'Iceland', 'Italy', 'Jersey', 'Jamaica', 'Jordan', 'Japan', 'Kenya', 'Kyrgyzstan', 'Cambodia', 'Kiribati', 'Comoros', 'St Kitts and Nevis', 'North Korea', 'South Korea', 'Kuwait', 'Cayman Islands', 'Kazakhstan', 'Laos', 'Lebanon', 'Saint Lucia', 'Liechtenstein', 'Sri Lanka', 'Liberia', 'Lesotho', 'Lithuania', 'Luxembourg', 'Latvia', 'Libya', 'Morocco', 'Monaco', 'Moldova', 'Montenegro', 'Saint Martin', 'Madagascar', 'Marshall Islands', 'North Macedonia', 'Mali', 'Myanmar', 'Mongolia', 'Macao', 'Northern Mariana Islands', 'Martinique', 'Mauritania', 'Montserrat', 'Malta', 'Mauritius', 'Maldives', 'Malawi', 'Mexico', 'Malaysia', 'Mozambique', 'Namibia', 'New Caledonia', 'Niger', 'Norfolk Island', 'Nigeria', 'Nicaragua', 'The Netherlands', 'Norway', 'Nepal', 'Nauru', 'Niue', 'New Zealand', 'Oman', 'Panama', 'Peru', 'French Polynesia', 'Papua New Guinea', 'Philippines', 'Pakistan', 'Poland', 'Saint Pierre and Miquelon', 'Pitcairn Islands', 'Puerto Rico', 'Palestine', 'Portugal', 'Palau', 'Paraguay', 'Qatar', 'Réunion', 'Romania', 'Serbia', 'Russia', 'Rwanda', 'Saudi Arabia', 'Solomon Islands', 'Seychelles', 'Sudan', 'Sweden', 'Singapore', 'Saint Helena', 'Slovenia', 'Svalbard and Jan Mayen', 'Slovakia', 'Sierra Leone', 'San Marino', 'Senegal', 'Somalia', 'Suriname', 'South Sudan', 'São Tomé and Príncipe', 'El Salvador', 'Sint Maarten', 'Syria', 'Eswatini', 'Turks and Caicos Islands', 'Chad', 'French Southern Territories', 'Togo', 'Thailand', 'Tajikistan', 'Tokelau', 'Timor-Leste', 'Turkmenistan', 'Tunisia', 'Tonga', 'Türkiye', 'Trinidad and Tobago', 'Tuvalu', 'Taiwan', 'Tanzania', 'Ukraine', 'Uganda', 'U.S. Outlying Islands', 'United States', 'Uruguay', 'Uzbekistan', 'Vatican City', 'St Vincent and Grenadines', 'Venezuela', 'British Virgin Islands', 'U.S. Virgin Islands', 'Vietnam', 'Vanuatu', 'Wallis and Futuna', 'Samoa', 'Kosovo', 'Yemen', 'Mayotte', 'South Africa', 'Zambia', 'Zimbabwe']
2025-01-30 13:49:10,884 - __main__ - INFO - Response time for the request: 0.33 seconds
2025-01-30 13:49:10,884 - __main__ - INFO - ----------------------------------------------------------------------------------------------------
2025-01-30 13:49:11,653 - __main__ - INFO - response: <Response 213 bytes [200 OK]>
2025-01-30 13:49:11,654 - __main__ - INFO - Response time for the request: 1.72 seconds
2025-01-30 13:49:11,654 - __main__ - INFO - ----------------------------------------------------------------------------------------------------
2025-01-30 13:49:11,751 - __main__ - INFO - response: <Response 213 bytes [200 OK]>
2025-01-30 13:49:11,752 - __main__ - INFO - Response time for the request: 1.52 seconds
2025-01-30 13:49:11,752 - __main__ - INFO - ----------------------------------------------------------------------------------------------------
2025-01-30 13:49:17,862 - __main__ - INFO - Request came to fetch all states from india.
2025-01-30 13:49:18,036 - __main__ - INFO - response: ['Andaman and Nicobar', 'Andhra Pradesh', 'Arunachal Pradesh', 'Assam', 'Bihar', 'Chandigarh', 'Chhattisgarh', 'Dadra and Nagar Haveli and Daman and Diu', 'Delhi', 'Goa', 'Gujarat', 'Haryana', 'Himachal Pradesh', 'Jammu and Kashmir', 'Jharkhand', 'Karnataka', 'Kerala', 'Ladakh', 'Lakshadweep', 'Madhya Pradesh', 'Maharashtra', 'Manipur', 'Meghalaya', 'Mizoram', 'Nagaland', 'Odisha', 'Puducherry', 'Punjab', 'Rajasthan', 'Sikkim', 'Tamil Nadu', 'Telangana', 'Tripura', 'Uttar Pradesh', 'Uttarakhand', 'West Bengal']
2025-01-30 13:49:18,038 - __main__ - INFO - Response time for the request: 0.18 seconds
2025-01-30 13:49:18,039 - __main__ - INFO - ----------------------------------------------------------------------------------------------------
2025-01-30 13:49:18,119 - __main__ - INFO - Request came to fetch all states from india.
2025-01-30 13:49:18,372 - __main__ - INFO - response: ['Andaman and Nicobar', 'Andhra Pradesh', 'Arunachal Pradesh', 'Assam', 'Bihar', 'Chandigarh', 'Chhattisgarh', 'Dadra and Nagar Haveli and Daman and Diu', 'Delhi', 'Goa', 'Gujarat', 'Haryana', 'Himachal Pradesh', 'Jammu and Kashmir', 'Jharkhand', 'Karnataka', 'Kerala', 'Ladakh', 'Lakshadweep', 'Madhya Pradesh', 'Maharashtra', 'Manipur', 'Meghalaya', 'Mizoram', 'Nagaland', 'Odisha', 'Puducherry', 'Punjab', 'Rajasthan', 'Sikkim', 'Tamil Nadu', 'Telangana', 'Tripura', 'Uttar Pradesh', 'Uttarakhand', 'West Bengal']
2025-01-30 13:49:18,376 - __main__ - INFO - Response time for the request: 0.26 seconds
2025-01-30 13:49:18,376 - __main__ - INFO - ----------------------------------------------------------------------------------------------------
2025-01-30 13:49:53,183 - __main__ - INFO - Request came to fetch all states from india.
2025-01-30 13:49:53,340 - __main__ - INFO - response: ['Andaman and Nicobar', 'Andhra Pradesh', 'Arunachal Pradesh', 'Assam', 'Bihar', 'Chandigarh', 'Chhattisgarh', 'Dadra and Nagar Haveli and Daman and Diu', 'Delhi', 'Goa', 'Gujarat', 'Haryana', 'Himachal Pradesh', 'Jammu and Kashmir', 'Jharkhand', 'Karnataka', 'Kerala', 'Ladakh', 'Lakshadweep', 'Madhya Pradesh', 'Maharashtra', 'Manipur', 'Meghalaya', 'Mizoram', 'Nagaland', 'Odisha', 'Puducherry', 'Punjab', 'Rajasthan', 'Sikkim', 'Tamil Nadu', 'Telangana', 'Tripura', 'Uttar Pradesh', 'Uttarakhand', 'West Bengal']
2025-01-30 13:49:53,341 - __main__ - INFO - Response time for the request: 0.16 seconds
2025-01-30 13:49:53,342 - __main__ - INFO - ----------------------------------------------------------------------------------------------------
2025-01-30 13:49:53,432 - __main__ - INFO - Request came to fetch all states from india.
2025-01-30 13:49:53,588 - __main__ - INFO - response: ['Andaman and Nicobar', 'Andhra Pradesh', 'Arunachal Pradesh', 'Assam', 'Bihar', 'Chandigarh', 'Chhattisgarh', 'Dadra and Nagar Haveli and Daman and Diu', 'Delhi', 'Goa', 'Gujarat', 'Haryana', 'Himachal Pradesh', 'Jammu and Kashmir', 'Jharkhand', 'Karnataka', 'Kerala', 'Ladakh', 'Lakshadweep', 'Madhya Pradesh', 'Maharashtra', 'Manipur', 'Meghalaya', 'Mizoram', 'Nagaland', 'Odisha', 'Puducherry', 'Punjab', 'Rajasthan', 'Sikkim', 'Tamil Nadu', 'Telangana', 'Tripura', 'Uttar Pradesh', 'Uttarakhand', 'West Bengal']
2025-01-30 13:49:53,589 - __main__ - INFO - Response time for the request: 0.16 seconds
2025-01-30 13:49:53,589 - __main__ - INFO - ----------------------------------------------------------------------------------------------------
2025-01-30 13:51:08,531 - __main__ - INFO - Request came to fetch all countries.
2025-01-30 13:51:08,642 - __main__ - INFO - response: ['Andorra', 'United Arab Emirates', 'Afghanistan', 'Antigua and Barbuda', 'Anguilla', 'Albania', 'Armenia', 'Angola', 'Antarctica', 'Argentina', 'American Samoa', 'Austria', 'Australia', 'Aruba', 'Åland', 'Azerbaijan', 'Bosnia and Herzegovina', 'Barbados', 'Bangladesh', 'Belgium', 'Burkina Faso', 'Bulgaria', 'Bahrain', 'Burundi', 'Benin', 'Saint Barthélemy', 'Bermuda', 'Brunei', 'Bolivia', 'Bonaire, Sint Eustatius, and Saba', 'Brazil', 'Bahamas', 'Bhutan', 'Bouvet Island', 'Botswana', 'Belarus', 'Belize', 'Canada', 'Cocos (Keeling) Islands', 'DR Congo', 'Central African Republic', 'Congo Republic', 'Switzerland', 'Ivory Coast', 'Cook Islands', 'Chile', 'Cameroon', 'China', 'Colombia', 'Costa Rica', 'Cuba', 'Cabo Verde', 'Curaçao', 'Christmas Island', 'Cyprus', 'Czechia', 'Germany', 'Djibouti', 'Denmark', 'Dominica', 'Dominican Republic', 'Algeria', 'Ecuador', 'Estonia', 'Egypt', 'Western Sahara', 'Eritrea', 'Spain', 'Ethiopia', 'Finland', 'Fiji', 'Falkland Islands', 'Micronesia', 'Faroe Islands', 'France', 'Gabon', 'United Kingdom', 'Grenada', 'Georgia', 'French Guiana', 'Guernsey', 'Ghana', 'Gibraltar', 'Greenland', 'The Gambia', 'Guinea', 'Guadeloupe', 'Equatorial Guinea', 'Greece', 'South Georgia and South Sandwich Islands', 'Guatemala', 'Guam', 'Guinea-Bissau', 'Guyana', 'Hong Kong', 'Heard and McDonald Islands', 'Honduras', 'Croatia', 'Haiti', 'Hungary', 'Indonesia', 'Ireland', 'Israel', 'Isle of Man', 'India', 'British Indian Ocean Territory', 'Iraq', 'Iran', 'Iceland', 'Italy', 'Jersey', 'Jamaica', 'Jordan', 'Japan', 'Kenya', 'Kyrgyzstan', 'Cambodia', 'Kiribati', 'Comoros', 'St Kitts and Nevis', 'North Korea', 'South Korea', 'Kuwait', 'Cayman Islands', 'Kazakhstan', 'Laos', 'Lebanon', 'Saint Lucia', 'Liechtenstein', 'Sri Lanka', 'Liberia', 'Lesotho', 'Lithuania', 'Luxembourg', 'Latvia', 'Libya', 'Morocco', 'Monaco', 'Moldova', 'Montenegro', 'Saint Martin', 'Madagascar', 'Marshall Islands', 'North Macedonia', 'Mali', 'Myanmar', 'Mongolia', 'Macao', 'Northern Mariana Islands', 'Martinique', 'Mauritania', 'Montserrat', 'Malta', 'Mauritius', 'Maldives', 'Malawi', 'Mexico', 'Malaysia', 'Mozambique', 'Namibia', 'New Caledonia', 'Niger', 'Norfolk Island', 'Nigeria', 'Nicaragua', 'The Netherlands', 'Norway', 'Nepal', 'Nauru', 'Niue', 'New Zealand', 'Oman', 'Panama', 'Peru', 'French Polynesia', 'Papua New Guinea', 'Philippines', 'Pakistan', 'Poland', 'Saint Pierre and Miquelon', 'Pitcairn Islands', 'Puerto Rico', 'Palestine', 'Portugal', 'Palau', 'Paraguay', 'Qatar', 'Réunion', 'Romania', 'Serbia', 'Russia', 'Rwanda', 'Saudi Arabia', 'Solomon Islands', 'Seychelles', 'Sudan', 'Sweden', 'Singapore', 'Saint Helena', 'Slovenia', 'Svalbard and Jan Mayen', 'Slovakia', 'Sierra Leone', 'San Marino', 'Senegal', 'Somalia', 'Suriname', 'South Sudan', 'São Tomé and Príncipe', 'El Salvador', 'Sint Maarten', 'Syria', 'Eswatini', 'Turks and Caicos Islands', 'Chad', 'French Southern Territories', 'Togo', 'Thailand', 'Tajikistan', 'Tokelau', 'Timor-Leste', 'Turkmenistan', 'Tunisia', 'Tonga', 'Türkiye', 'Trinidad and Tobago', 'Tuvalu', 'Taiwan', 'Tanzania', 'Ukraine', 'Uganda', 'U.S. Outlying Islands', 'United States', 'Uruguay', 'Uzbekistan', 'Vatican City', 'St Vincent and Grenadines', 'Venezuela', 'British Virgin Islands', 'U.S. Virgin Islands', 'Vietnam', 'Vanuatu', 'Wallis and Futuna', 'Samoa', 'Kosovo', 'Yemen', 'Mayotte', 'South Africa', 'Zambia', 'Zimbabwe']
2025-01-30 13:51:08,646 - __main__ - INFO - Response time for the request: 0.11 seconds
2025-01-30 13:51:08,646 - __main__ - INFO - ----------------------------------------------------------------------------------------------------
2025-01-30 13:51:08,788 - __main__ - INFO - Request came to fetch all countries.
2025-01-30 13:51:08,880 - __main__ - INFO - response: ['Andorra', 'United Arab Emirates', 'Afghanistan', 'Antigua and Barbuda', 'Anguilla', 'Albania', 'Armenia', 'Angola', 'Antarctica', 'Argentina', 'American Samoa', 'Austria', 'Australia', 'Aruba', 'Åland', 'Azerbaijan', 'Bosnia and Herzegovina', 'Barbados', 'Bangladesh', 'Belgium', 'Burkina Faso', 'Bulgaria', 'Bahrain', 'Burundi', 'Benin', 'Saint Barthélemy', 'Bermuda', 'Brunei', 'Bolivia', 'Bonaire, Sint Eustatius, and Saba', 'Brazil', 'Bahamas', 'Bhutan', 'Bouvet Island', 'Botswana', 'Belarus', 'Belize', 'Canada', 'Cocos (Keeling) Islands', 'DR Congo', 'Central African Republic', 'Congo Republic', 'Switzerland', 'Ivory Coast', 'Cook Islands', 'Chile', 'Cameroon', 'China', 'Colombia', 'Costa Rica', 'Cuba', 'Cabo Verde', 'Curaçao', 'Christmas Island', 'Cyprus', 'Czechia', 'Germany', 'Djibouti', 'Denmark', 'Dominica', 'Dominican Republic', 'Algeria', 'Ecuador', 'Estonia', 'Egypt', 'Western Sahara', 'Eritrea', 'Spain', 'Ethiopia', 'Finland', 'Fiji', 'Falkland Islands', 'Micronesia', 'Faroe Islands', 'France', 'Gabon', 'United Kingdom', 'Grenada', 'Georgia', 'French Guiana', 'Guernsey', 'Ghana', 'Gibraltar', 'Greenland', 'The Gambia', 'Guinea', 'Guadeloupe', 'Equatorial Guinea', 'Greece', 'South Georgia and South Sandwich Islands', 'Guatemala', 'Guam', 'Guinea-Bissau', 'Guyana', 'Hong Kong', 'Heard and McDonald Islands', 'Honduras', 'Croatia', 'Haiti', 'Hungary', 'Indonesia', 'Ireland', 'Israel', 'Isle of Man', 'India', 'British Indian Ocean Territory', 'Iraq', 'Iran', 'Iceland', 'Italy', 'Jersey', 'Jamaica', 'Jordan', 'Japan', 'Kenya', 'Kyrgyzstan', 'Cambodia', 'Kiribati', 'Comoros', 'St Kitts and Nevis', 'North Korea', 'South Korea', 'Kuwait', 'Cayman Islands', 'Kazakhstan', 'Laos', 'Lebanon', 'Saint Lucia', 'Liechtenstein', 'Sri Lanka', 'Liberia', 'Lesotho', 'Lithuania', 'Luxembourg', 'Latvia', 'Libya', 'Morocco', 'Monaco', 'Moldova', 'Montenegro', 'Saint Martin', 'Madagascar', 'Marshall Islands', 'North Macedonia', 'Mali', 'Myanmar', 'Mongolia', 'Macao', 'Northern Mariana Islands', 'Martinique', 'Mauritania', 'Montserrat', 'Malta', 'Mauritius', 'Maldives', 'Malawi', 'Mexico', 'Malaysia', 'Mozambique', 'Namibia', 'New Caledonia', 'Niger', 'Norfolk Island', 'Nigeria', 'Nicaragua', 'The Netherlands', 'Norway', 'Nepal', 'Nauru', 'Niue', 'New Zealand', 'Oman', 'Panama', 'Peru', 'French Polynesia', 'Papua New Guinea', 'Philippines', 'Pakistan', 'Poland', 'Saint Pierre and Miquelon', 'Pitcairn Islands', 'Puerto Rico', 'Palestine', 'Portugal', 'Palau', 'Paraguay', 'Qatar', 'Réunion', 'Romania', 'Serbia', 'Russia', 'Rwanda', 'Saudi Arabia', 'Solomon Islands', 'Seychelles', 'Sudan', 'Sweden', 'Singapore', 'Saint Helena', 'Slovenia', 'Svalbard and Jan Mayen', 'Slovakia', 'Sierra Leone', 'San Marino', 'Senegal', 'Somalia', 'Suriname', 'South Sudan', 'São Tomé and Príncipe', 'El Salvador', 'Sint Maarten', 'Syria', 'Eswatini', 'Turks and Caicos Islands', 'Chad', 'French Southern Territories', 'Togo', 'Thailand', 'Tajikistan', 'Tokelau', 'Timor-Leste', 'Turkmenistan', 'Tunisia', 'Tonga', 'Türkiye', 'Trinidad and Tobago', 'Tuvalu', 'Taiwan', 'Tanzania', 'Ukraine', 'Uganda', 'U.S. Outlying Islands', 'United States', 'Uruguay', 'Uzbekistan', 'Vatican City', 'St Vincent and Grenadines', 'Venezuela', 'British Virgin Islands', 'U.S. Virgin Islands', 'Vietnam', 'Vanuatu', 'Wallis and Futuna', 'Samoa', 'Kosovo', 'Yemen', 'Mayotte', 'South Africa', 'Zambia', 'Zimbabwe']
2025-01-30 13:51:08,884 - __main__ - INFO - Response time for the request: 0.10 seconds
2025-01-30 13:51:08,884 - __main__ - INFO - ----------------------------------------------------------------------------------------------------
2025-01-30 13:51:13,509 - __main__ - INFO - Request came to fetch all countries.
2025-01-30 13:51:13,663 - __main__ - INFO - response: ['Andorra', 'United Arab Emirates', 'Afghanistan', 'Antigua and Barbuda', 'Anguilla', 'Albania', 'Armenia', 'Angola', 'Antarctica', 'Argentina', 'American Samoa', 'Austria', 'Australia', 'Aruba', 'Åland', 'Azerbaijan', 'Bosnia and Herzegovina', 'Barbados', 'Bangladesh', 'Belgium', 'Burkina Faso', 'Bulgaria', 'Bahrain', 'Burundi', 'Benin', 'Saint Barthélemy', 'Bermuda', 'Brunei', 'Bolivia', 'Bonaire, Sint Eustatius, and Saba', 'Brazil', 'Bahamas', 'Bhutan', 'Bouvet Island', 'Botswana', 'Belarus', 'Belize', 'Canada', 'Cocos (Keeling) Islands', 'DR Congo', 'Central African Republic', 'Congo Republic', 'Switzerland', 'Ivory Coast', 'Cook Islands', 'Chile', 'Cameroon', 'China', 'Colombia', 'Costa Rica', 'Cuba', 'Cabo Verde', 'Curaçao', 'Christmas Island', 'Cyprus', 'Czechia', 'Germany', 'Djibouti', 'Denmark', 'Dominica', 'Dominican Republic', 'Algeria', 'Ecuador', 'Estonia', 'Egypt', 'Western Sahara', 'Eritrea', 'Spain', 'Ethiopia', 'Finland', 'Fiji', 'Falkland Islands', 'Micronesia', 'Faroe Islands', 'France', 'Gabon', 'United Kingdom', 'Grenada', 'Georgia', 'French Guiana', 'Guernsey', 'Ghana', 'Gibraltar', 'Greenland', 'The Gambia', 'Guinea', 'Guadeloupe', 'Equatorial Guinea', 'Greece', 'South Georgia and South Sandwich Islands', 'Guatemala', 'Guam', 'Guinea-Bissau', 'Guyana', 'Hong Kong', 'Heard and McDonald Islands', 'Honduras', 'Croatia', 'Haiti', 'Hungary', 'Indonesia', 'Ireland', 'Israel', 'Isle of Man', 'India', 'British Indian Ocean Territory', 'Iraq', 'Iran', 'Iceland', 'Italy', 'Jersey', 'Jamaica', 'Jordan', 'Japan', 'Kenya', 'Kyrgyzstan', 'Cambodia', 'Kiribati', 'Comoros', 'St Kitts and Nevis', 'North Korea', 'South Korea', 'Kuwait', 'Cayman Islands', 'Kazakhstan', 'Laos', 'Lebanon', 'Saint Lucia', 'Liechtenstein', 'Sri Lanka', 'Liberia', 'Lesotho', 'Lithuania', 'Luxembourg', 'Latvia', 'Libya', 'Morocco', 'Monaco', 'Moldova', 'Montenegro', 'Saint Martin', 'Madagascar', 'Marshall Islands', 'North Macedonia', 'Mali', 'Myanmar', 'Mongolia', 'Macao', 'Northern Mariana Islands', 'Martinique', 'Mauritania', 'Montserrat', 'Malta', 'Mauritius', 'Maldives', 'Malawi', 'Mexico', 'Malaysia', 'Mozambique', 'Namibia', 'New Caledonia', 'Niger', 'Norfolk Island', 'Nigeria', 'Nicaragua', 'The Netherlands', 'Norway', 'Nepal', 'Nauru', 'Niue', 'New Zealand', 'Oman', 'Panama', 'Peru', 'French Polynesia', 'Papua New Guinea', 'Philippines', 'Pakistan', 'Poland', 'Saint Pierre and Miquelon', 'Pitcairn Islands', 'Puerto Rico', 'Palestine', 'Portugal', 'Palau', 'Paraguay', 'Qatar', 'Réunion', 'Romania', 'Serbia', 'Russia', 'Rwanda', 'Saudi Arabia', 'Solomon Islands', 'Seychelles', 'Sudan', 'Sweden', 'Singapore', 'Saint Helena', 'Slovenia', 'Svalbard and Jan Mayen', 'Slovakia', 'Sierra Leone', 'San Marino', 'Senegal', 'Somalia', 'Suriname', 'South Sudan', 'São Tomé and Príncipe', 'El Salvador', 'Sint Maarten', 'Syria', 'Eswatini', 'Turks and Caicos Islands', 'Chad', 'French Southern Territories', 'Togo', 'Thailand', 'Tajikistan', 'Tokelau', 'Timor-Leste', 'Turkmenistan', 'Tunisia', 'Tonga', 'Türkiye', 'Trinidad and Tobago', 'Tuvalu', 'Taiwan', 'Tanzania', 'Ukraine', 'Uganda', 'U.S. Outlying Islands', 'United States', 'Uruguay', 'Uzbekistan', 'Vatican City', 'St Vincent and Grenadines', 'Venezuela', 'British Virgin Islands', 'U.S. Virgin Islands', 'Vietnam', 'Vanuatu', 'Wallis and Futuna', 'Samoa', 'Kosovo', 'Yemen', 'Mayotte', 'South Africa', 'Zambia', 'Zimbabwe']
2025-01-30 13:51:13,674 - __main__ - INFO - Response time for the request: 0.17 seconds
2025-01-30 13:51:13,675 - __main__ - INFO - ----------------------------------------------------------------------------------------------------
2025-01-30 13:51:14,613 - __main__ - INFO - Request came to fetch all countries.
2025-01-30 13:51:14,745 - __main__ - INFO - response: ['Andorra', 'United Arab Emirates', 'Afghanistan', 'Antigua and Barbuda', 'Anguilla', 'Albania', 'Armenia', 'Angola', 'Antarctica', 'Argentina', 'American Samoa', 'Austria', 'Australia', 'Aruba', 'Åland', 'Azerbaijan', 'Bosnia and Herzegovina', 'Barbados', 'Bangladesh', 'Belgium', 'Burkina Faso', 'Bulgaria', 'Bahrain', 'Burundi', 'Benin', 'Saint Barthélemy', 'Bermuda', 'Brunei', 'Bolivia', 'Bonaire, Sint Eustatius, and Saba', 'Brazil', 'Bahamas', 'Bhutan', 'Bouvet Island', 'Botswana', 'Belarus', 'Belize', 'Canada', 'Cocos (Keeling) Islands', 'DR Congo', 'Central African Republic', 'Congo Republic', 'Switzerland', 'Ivory Coast', 'Cook Islands', 'Chile', 'Cameroon', 'China', 'Colombia', 'Costa Rica', 'Cuba', 'Cabo Verde', 'Curaçao', 'Christmas Island', 'Cyprus', 'Czechia', 'Germany', 'Djibouti', 'Denmark', 'Dominica', 'Dominican Republic', 'Algeria', 'Ecuador', 'Estonia', 'Egypt', 'Western Sahara', 'Eritrea', 'Spain', 'Ethiopia', 'Finland', 'Fiji', 'Falkland Islands', 'Micronesia', 'Faroe Islands', 'France', 'Gabon', 'United Kingdom', 'Grenada', 'Georgia', 'French Guiana', 'Guernsey', 'Ghana', 'Gibraltar', 'Greenland', 'The Gambia', 'Guinea', 'Guadeloupe', 'Equatorial Guinea', 'Greece', 'South Georgia and South Sandwich Islands', 'Guatemala', 'Guam', 'Guinea-Bissau', 'Guyana', 'Hong Kong', 'Heard and McDonald Islands', 'Honduras', 'Croatia', 'Haiti', 'Hungary', 'Indonesia', 'Ireland', 'Israel', 'Isle of Man', 'India', 'British Indian Ocean Territory', 'Iraq', 'Iran', 'Iceland', 'Italy', 'Jersey', 'Jamaica', 'Jordan', 'Japan', 'Kenya', 'Kyrgyzstan', 'Cambodia', 'Kiribati', 'Comoros', 'St Kitts and Nevis', 'North Korea', 'South Korea', 'Kuwait', 'Cayman Islands', 'Kazakhstan', 'Laos', 'Lebanon', 'Saint Lucia', 'Liechtenstein', 'Sri Lanka', 'Liberia', 'Lesotho', 'Lithuania', 'Luxembourg', 'Latvia', 'Libya', 'Morocco', 'Monaco', 'Moldova', 'Montenegro', 'Saint Martin', 'Madagascar', 'Marshall Islands', 'North Macedonia', 'Mali', 'Myanmar', 'Mongolia', 'Macao', 'Northern Mariana Islands', 'Martinique', 'Mauritania', 'Montserrat', 'Malta', 'Mauritius', 'Maldives', 'Malawi', 'Mexico', 'Malaysia', 'Mozambique', 'Namibia', 'New Caledonia', 'Niger', 'Norfolk Island', 'Nigeria', 'Nicaragua', 'The Netherlands', 'Norway', 'Nepal', 'Nauru', 'Niue', 'New Zealand', 'Oman', 'Panama', 'Peru', 'French Polynesia', 'Papua New Guinea', 'Philippines', 'Pakistan', 'Poland', 'Saint Pierre and Miquelon', 'Pitcairn Islands', 'Puerto Rico', 'Palestine', 'Portugal', 'Palau', 'Paraguay', 'Qatar', 'Réunion', 'Romania', 'Serbia', 'Russia', 'Rwanda', 'Saudi Arabia', 'Solomon Islands', 'Seychelles', 'Sudan', 'Sweden', 'Singapore', 'Saint Helena', 'Slovenia', 'Svalbard and Jan Mayen', 'Slovakia', 'Sierra Leone', 'San Marino', 'Senegal', 'Somalia', 'Suriname', 'South Sudan', 'São Tomé and Príncipe', 'El Salvador', 'Sint Maarten', 'Syria', 'Eswatini', 'Turks and Caicos Islands', 'Chad', 'French Southern Territories', 'Togo', 'Thailand', 'Tajikistan', 'Tokelau', 'Timor-Leste', 'Turkmenistan', 'Tunisia', 'Tonga', 'Türkiye', 'Trinidad and Tobago', 'Tuvalu', 'Taiwan', 'Tanzania', 'Ukraine', 'Uganda', 'U.S. Outlying Islands', 'United States', 'Uruguay', 'Uzbekistan', 'Vatican City', 'St Vincent and Grenadines', 'Venezuela', 'British Virgin Islands', 'U.S. Virgin Islands', 'Vietnam', 'Vanuatu', 'Wallis and Futuna', 'Samoa', 'Kosovo', 'Yemen', 'Mayotte', 'South Africa', 'Zambia', 'Zimbabwe']
2025-01-30 13:51:14,749 - __main__ - INFO - Response time for the request: 0.14 seconds
2025-01-30 13:51:14,749 - __main__ - INFO - ----------------------------------------------------------------------------------------------------
2025-01-30 13:51:21,354 - __main__ - INFO - Received request: {'latitude': 13.092958, 'longitude': 80.198554}
2025-01-30 13:51:21,462 - __main__ - INFO - Received request: {'latitude': 13.092958, 'longitude': 80.198554}
2025-01-30 13:51:24,004 - __main__ - INFO - response: <Response 213 bytes [200 OK]>
2025-01-30 13:51:24,004 - __main__ - INFO - Response time for the request: 2.65 seconds
2025-01-30 13:51:24,008 - __main__ - INFO - ----------------------------------------------------------------------------------------------------
2025-01-30 13:51:24,110 - __main__ - INFO - response: <Response 213 bytes [200 OK]>
2025-01-30 13:51:24,111 - __main__ - INFO - Response time for the request: 2.65 seconds
2025-01-30 13:51:24,111 - __main__ - INFO - ----------------------------------------------------------------------------------------------------
2025-01-30 13:52:01,413 - __main__ - INFO - Request came to fetch all countries.
2025-01-30 13:52:01,599 - __main__ - INFO - response: ['Andorra', 'United Arab Emirates', 'Afghanistan', 'Antigua and Barbuda', 'Anguilla', 'Albania', 'Armenia', 'Angola', 'Antarctica', 'Argentina', 'American Samoa', 'Austria', 'Australia', 'Aruba', 'Åland', 'Azerbaijan', 'Bosnia and Herzegovina', 'Barbados', 'Bangladesh', 'Belgium', 'Burkina Faso', 'Bulgaria', 'Bahrain', 'Burundi', 'Benin', 'Saint Barthélemy', 'Bermuda', 'Brunei', 'Bolivia', 'Bonaire, Sint Eustatius, and Saba', 'Brazil', 'Bahamas', 'Bhutan', 'Bouvet Island', 'Botswana', 'Belarus', 'Belize', 'Canada', 'Cocos (Keeling) Islands', 'DR Congo', 'Central African Republic', 'Congo Republic', 'Switzerland', 'Ivory Coast', 'Cook Islands', 'Chile', 'Cameroon', 'China', 'Colombia', 'Costa Rica', 'Cuba', 'Cabo Verde', 'Curaçao', 'Christmas Island', 'Cyprus', 'Czechia', 'Germany', 'Djibouti', 'Denmark', 'Dominica', 'Dominican Republic', 'Algeria', 'Ecuador', 'Estonia', 'Egypt', 'Western Sahara', 'Eritrea', 'Spain', 'Ethiopia', 'Finland', 'Fiji', 'Falkland Islands', 'Micronesia', 'Faroe Islands', 'France', 'Gabon', 'United Kingdom', 'Grenada', 'Georgia', 'French Guiana', 'Guernsey', 'Ghana', 'Gibraltar', 'Greenland', 'The Gambia', 'Guinea', 'Guadeloupe', 'Equatorial Guinea', 'Greece', 'South Georgia and South Sandwich Islands', 'Guatemala', 'Guam', 'Guinea-Bissau', 'Guyana', 'Hong Kong', 'Heard and McDonald Islands', 'Honduras', 'Croatia', 'Haiti', 'Hungary', 'Indonesia', 'Ireland', 'Israel', 'Isle of Man', 'India', 'British Indian Ocean Territory', 'Iraq', 'Iran', 'Iceland', 'Italy', 'Jersey', 'Jamaica', 'Jordan', 'Japan', 'Kenya', 'Kyrgyzstan', 'Cambodia', 'Kiribati', 'Comoros', 'St Kitts and Nevis', 'North Korea', 'South Korea', 'Kuwait', 'Cayman Islands', 'Kazakhstan', 'Laos', 'Lebanon', 'Saint Lucia', 'Liechtenstein', 'Sri Lanka', 'Liberia', 'Lesotho', 'Lithuania', 'Luxembourg', 'Latvia', 'Libya', 'Morocco', 'Monaco', 'Moldova', 'Montenegro', 'Saint Martin', 'Madagascar', 'Marshall Islands', 'North Macedonia', 'Mali', 'Myanmar', 'Mongolia', 'Macao', 'Northern Mariana Islands', 'Martinique', 'Mauritania', 'Montserrat', 'Malta', 'Mauritius', 'Maldives', 'Malawi', 'Mexico', 'Malaysia', 'Mozambique', 'Namibia', 'New Caledonia', 'Niger', 'Norfolk Island', 'Nigeria', 'Nicaragua', 'The Netherlands', 'Norway', 'Nepal', 'Nauru', 'Niue', 'New Zealand', 'Oman', 'Panama', 'Peru', 'French Polynesia', 'Papua New Guinea', 'Philippines', 'Pakistan', 'Poland', 'Saint Pierre and Miquelon', 'Pitcairn Islands', 'Puerto Rico', 'Palestine', 'Portugal', 'Palau', 'Paraguay', 'Qatar', 'Réunion', 'Romania', 'Serbia', 'Russia', 'Rwanda', 'Saudi Arabia', 'Solomon Islands', 'Seychelles', 'Sudan', 'Sweden', 'Singapore', 'Saint Helena', 'Slovenia', 'Svalbard and Jan Mayen', 'Slovakia', 'Sierra Leone', 'San Marino', 'Senegal', 'Somalia', 'Suriname', 'South Sudan', 'São Tomé and Príncipe', 'El Salvador', 'Sint Maarten', 'Syria', 'Eswatini', 'Turks and Caicos Islands', 'Chad', 'French Southern Territories', 'Togo', 'Thailand', 'Tajikistan', 'Tokelau', 'Timor-Leste', 'Turkmenistan', 'Tunisia', 'Tonga', 'Türkiye', 'Trinidad and Tobago', 'Tuvalu', 'Taiwan', 'Tanzania', 'Ukraine', 'Uganda', 'U.S. Outlying Islands', 'United States', 'Uruguay', 'Uzbekistan', 'Vatican City', 'St Vincent and Grenadines', 'Venezuela', 'British Virgin Islands', 'U.S. Virgin Islands', 'Vietnam', 'Vanuatu', 'Wallis and Futuna', 'Samoa', 'Kosovo', 'Yemen', 'Mayotte', 'South Africa', 'Zambia', 'Zimbabwe']
2025-01-30 13:52:01,604 - __main__ - INFO - Response time for the request: 0.19 seconds
2025-01-30 13:52:01,605 - __main__ - INFO - ----------------------------------------------------------------------------------------------------
2025-01-30 13:52:01,688 - __main__ - INFO - Request came to fetch all countries.
2025-01-30 13:52:01,776 - __main__ - INFO - response: ['Andorra', 'United Arab Emirates', 'Afghanistan', 'Antigua and Barbuda', 'Anguilla', 'Albania', 'Armenia', 'Angola', 'Antarctica', 'Argentina', 'American Samoa', 'Austria', 'Australia', 'Aruba', 'Åland', 'Azerbaijan', 'Bosnia and Herzegovina', 'Barbados', 'Bangladesh', 'Belgium', 'Burkina Faso', 'Bulgaria', 'Bahrain', 'Burundi', 'Benin', 'Saint Barthélemy', 'Bermuda', 'Brunei', 'Bolivia', 'Bonaire, Sint Eustatius, and Saba', 'Brazil', 'Bahamas', 'Bhutan', 'Bouvet Island', 'Botswana', 'Belarus', 'Belize', 'Canada', 'Cocos (Keeling) Islands', 'DR Congo', 'Central African Republic', 'Congo Republic', 'Switzerland', 'Ivory Coast', 'Cook Islands', 'Chile', 'Cameroon', 'China', 'Colombia', 'Costa Rica', 'Cuba', 'Cabo Verde', 'Curaçao', 'Christmas Island', 'Cyprus', 'Czechia', 'Germany', 'Djibouti', 'Denmark', 'Dominica', 'Dominican Republic', 'Algeria', 'Ecuador', 'Estonia', 'Egypt', 'Western Sahara', 'Eritrea', 'Spain', 'Ethiopia', 'Finland', 'Fiji', 'Falkland Islands', 'Micronesia', 'Faroe Islands', 'France', 'Gabon', 'United Kingdom', 'Grenada', 'Georgia', 'French Guiana', 'Guernsey', 'Ghana', 'Gibraltar', 'Greenland', 'The Gambia', 'Guinea', 'Guadeloupe', 'Equatorial Guinea', 'Greece', 'South Georgia and South Sandwich Islands', 'Guatemala', 'Guam', 'Guinea-Bissau', 'Guyana', 'Hong Kong', 'Heard and McDonald Islands', 'Honduras', 'Croatia', 'Haiti', 'Hungary', 'Indonesia', 'Ireland', 'Israel', 'Isle of Man', 'India', 'British Indian Ocean Territory', 'Iraq', 'Iran', 'Iceland', 'Italy', 'Jersey', 'Jamaica', 'Jordan', 'Japan', 'Kenya', 'Kyrgyzstan', 'Cambodia', 'Kiribati', 'Comoros', 'St Kitts and Nevis', 'North Korea', 'South Korea', 'Kuwait', 'Cayman Islands', 'Kazakhstan', 'Laos', 'Lebanon', 'Saint Lucia', 'Liechtenstein', 'Sri Lanka', 'Liberia', 'Lesotho', 'Lithuania', 'Luxembourg', 'Latvia', 'Libya', 'Morocco', 'Monaco', 'Moldova', 'Montenegro', 'Saint Martin', 'Madagascar', 'Marshall Islands', 'North Macedonia', 'Mali', 'Myanmar', 'Mongolia', 'Macao', 'Northern Mariana Islands', 'Martinique', 'Mauritania', 'Montserrat', 'Malta', 'Mauritius', 'Maldives', 'Malawi', 'Mexico', 'Malaysia', 'Mozambique', 'Namibia', 'New Caledonia', 'Niger', 'Norfolk Island', 'Nigeria', 'Nicaragua', 'The Netherlands', 'Norway', 'Nepal', 'Nauru', 'Niue', 'New Zealand', 'Oman', 'Panama', 'Peru', 'French Polynesia', 'Papua New Guinea', 'Philippines', 'Pakistan', 'Poland', 'Saint Pierre and Miquelon', 'Pitcairn Islands', 'Puerto Rico', 'Palestine', 'Portugal', 'Palau', 'Paraguay', 'Qatar', 'Réunion', 'Romania', 'Serbia', 'Russia', 'Rwanda', 'Saudi Arabia', 'Solomon Islands', 'Seychelles', 'Sudan', 'Sweden', 'Singapore', 'Saint Helena', 'Slovenia', 'Svalbard and Jan Mayen', 'Slovakia', 'Sierra Leone', 'San Marino', 'Senegal', 'Somalia', 'Suriname', 'South Sudan', 'São Tomé and Príncipe', 'El Salvador', 'Sint Maarten', 'Syria', 'Eswatini', 'Turks and Caicos Islands', 'Chad', 'French Southern Territories', 'Togo', 'Thailand', 'Tajikistan', 'Tokelau', 'Timor-Leste', 'Turkmenistan', 'Tunisia', 'Tonga', 'Türkiye', 'Trinidad and Tobago', 'Tuvalu', 'Taiwan', 'Tanzania', 'Ukraine', 'Uganda', 'U.S. Outlying Islands', 'United States', 'Uruguay', 'Uzbekistan', 'Vatican City', 'St Vincent and Grenadines', 'Venezuela', 'British Virgin Islands', 'U.S. Virgin Islands', 'Vietnam', 'Vanuatu', 'Wallis and Futuna', 'Samoa', 'Kosovo', 'Yemen', 'Mayotte', 'South Africa', 'Zambia', 'Zimbabwe']
2025-01-30 13:52:01,779 - __main__ - INFO - Response time for the request: 0.09 seconds
2025-01-30 13:52:01,779 - __main__ - INFO - ----------------------------------------------------------------------------------------------------
2025-01-30 13:52:20,112 - __main__ - INFO - Request came to fetch all countries.
2025-01-30 13:52:20,345 - __main__ - INFO - response: ['Andorra', 'United Arab Emirates', 'Afghanistan', 'Antigua and Barbuda', 'Anguilla', 'Albania', 'Armenia', 'Angola', 'Antarctica', 'Argentina', 'American Samoa', 'Austria', 'Australia', 'Aruba', 'Åland', 'Azerbaijan', 'Bosnia and Herzegovina', 'Barbados', 'Bangladesh', 'Belgium', 'Burkina Faso', 'Bulgaria', 'Bahrain', 'Burundi', 'Benin', 'Saint Barthélemy', 'Bermuda', 'Brunei', 'Bolivia', 'Bonaire, Sint Eustatius, and Saba', 'Brazil', 'Bahamas', 'Bhutan', 'Bouvet Island', 'Botswana', 'Belarus', 'Belize', 'Canada', 'Cocos (Keeling) Islands', 'DR Congo', 'Central African Republic', 'Congo Republic', 'Switzerland', 'Ivory Coast', 'Cook Islands', 'Chile', 'Cameroon', 'China', 'Colombia', 'Costa Rica', 'Cuba', 'Cabo Verde', 'Curaçao', 'Christmas Island', 'Cyprus', 'Czechia', 'Germany', 'Djibouti', 'Denmark', 'Dominica', 'Dominican Republic', 'Algeria', 'Ecuador', 'Estonia', 'Egypt', 'Western Sahara', 'Eritrea', 'Spain', 'Ethiopia', 'Finland', 'Fiji', 'Falkland Islands', 'Micronesia', 'Faroe Islands', 'France', 'Gabon', 'United Kingdom', 'Grenada', 'Georgia', 'French Guiana', 'Guernsey', 'Ghana', 'Gibraltar', 'Greenland', 'The Gambia', 'Guinea', 'Guadeloupe', 'Equatorial Guinea', 'Greece', 'South Georgia and South Sandwich Islands', 'Guatemala', 'Guam', 'Guinea-Bissau', 'Guyana', 'Hong Kong', 'Heard and McDonald Islands', 'Honduras', 'Croatia', 'Haiti', 'Hungary', 'Indonesia', 'Ireland', 'Israel', 'Isle of Man', 'India', 'British Indian Ocean Territory', 'Iraq', 'Iran', 'Iceland', 'Italy', 'Jersey', 'Jamaica', 'Jordan', 'Japan', 'Kenya', 'Kyrgyzstan', 'Cambodia', 'Kiribati', 'Comoros', 'St Kitts and Nevis', 'North Korea', 'South Korea', 'Kuwait', 'Cayman Islands', 'Kazakhstan', 'Laos', 'Lebanon', 'Saint Lucia', 'Liechtenstein', 'Sri Lanka', 'Liberia', 'Lesotho', 'Lithuania', 'Luxembourg', 'Latvia', 'Libya', 'Morocco', 'Monaco', 'Moldova', 'Montenegro', 'Saint Martin', 'Madagascar', 'Marshall Islands', 'North Macedonia', 'Mali', 'Myanmar', 'Mongolia', 'Macao', 'Northern Mariana Islands', 'Martinique', 'Mauritania', 'Montserrat', 'Malta', 'Mauritius', 'Maldives', 'Malawi', 'Mexico', 'Malaysia', 'Mozambique', 'Namibia', 'New Caledonia', 'Niger', 'Norfolk Island', 'Nigeria', 'Nicaragua', 'The Netherlands', 'Norway', 'Nepal', 'Nauru', 'Niue', 'New Zealand', 'Oman', 'Panama', 'Peru', 'French Polynesia', 'Papua New Guinea', 'Philippines', 'Pakistan', 'Poland', 'Saint Pierre and Miquelon', 'Pitcairn Islands', 'Puerto Rico', 'Palestine', 'Portugal', 'Palau', 'Paraguay', 'Qatar', 'Réunion', 'Romania', 'Serbia', 'Russia', 'Rwanda', 'Saudi Arabia', 'Solomon Islands', 'Seychelles', 'Sudan', 'Sweden', 'Singapore', 'Saint Helena', 'Slovenia', 'Svalbard and Jan Mayen', 'Slovakia', 'Sierra Leone', 'San Marino', 'Senegal', 'Somalia', 'Suriname', 'South Sudan', 'São Tomé and Príncipe', 'El Salvador', 'Sint Maarten', 'Syria', 'Eswatini', 'Turks and Caicos Islands', 'Chad', 'French Southern Territories', 'Togo', 'Thailand', 'Tajikistan', 'Tokelau', 'Timor-Leste', 'Turkmenistan', 'Tunisia', 'Tonga', 'Türkiye', 'Trinidad and Tobago', 'Tuvalu', 'Taiwan', 'Tanzania', 'Ukraine', 'Uganda', 'U.S. Outlying Islands', 'United States', 'Uruguay', 'Uzbekistan', 'Vatican City', 'St Vincent and Grenadines', 'Venezuela', 'British Virgin Islands', 'U.S. Virgin Islands', 'Vietnam', 'Vanuatu', 'Wallis and Futuna', 'Samoa', 'Kosovo', 'Yemen', 'Mayotte', 'South Africa', 'Zambia', 'Zimbabwe']
2025-01-30 13:52:20,354 - __main__ - INFO - Response time for the request: 0.24 seconds
2025-01-30 13:52:20,354 - __main__ - INFO - ----------------------------------------------------------------------------------------------------
2025-01-30 13:52:20,421 - __main__ - INFO - Received request: {'latitude': 13.092958, 'longitude': 80.198554}
2025-01-30 13:52:20,619 - __main__ - INFO - Received request: {'latitude': 13.092958, 'longitude': 80.198554}
2025-01-30 13:52:20,658 - __main__ - INFO - Request came to fetch all countries.
2025-01-30 13:52:21,044 - __main__ - INFO - response: ['Andorra', 'United Arab Emirates', 'Afghanistan', 'Antigua and Barbuda', 'Anguilla', 'Albania', 'Armenia', 'Angola', 'Antarctica', 'Argentina', 'American Samoa', 'Austria', 'Australia', 'Aruba', 'Åland', 'Azerbaijan', 'Bosnia and Herzegovina', 'Barbados', 'Bangladesh', 'Belgium', 'Burkina Faso', 'Bulgaria', 'Bahrain', 'Burundi', 'Benin', 'Saint Barthélemy', 'Bermuda', 'Brunei', 'Bolivia', 'Bonaire, Sint Eustatius, and Saba', 'Brazil', 'Bahamas', 'Bhutan', 'Bouvet Island', 'Botswana', 'Belarus', 'Belize', 'Canada', 'Cocos (Keeling) Islands', 'DR Congo', 'Central African Republic', 'Congo Republic', 'Switzerland', 'Ivory Coast', 'Cook Islands', 'Chile', 'Cameroon', 'China', 'Colombia', 'Costa Rica', 'Cuba', 'Cabo Verde', 'Curaçao', 'Christmas Island', 'Cyprus', 'Czechia', 'Germany', 'Djibouti', 'Denmark', 'Dominica', 'Dominican Republic', 'Algeria', 'Ecuador', 'Estonia', 'Egypt', 'Western Sahara', 'Eritrea', 'Spain', 'Ethiopia', 'Finland', 'Fiji', 'Falkland Islands', 'Micronesia', 'Faroe Islands', 'France', 'Gabon', 'United Kingdom', 'Grenada', 'Georgia', 'French Guiana', 'Guernsey', 'Ghana', 'Gibraltar', 'Greenland', 'The Gambia', 'Guinea', 'Guadeloupe', 'Equatorial Guinea', 'Greece', 'South Georgia and South Sandwich Islands', 'Guatemala', 'Guam', 'Guinea-Bissau', 'Guyana', 'Hong Kong', 'Heard and McDonald Islands', 'Honduras', 'Croatia', 'Haiti', 'Hungary', 'Indonesia', 'Ireland', 'Israel', 'Isle of Man', 'India', 'British Indian Ocean Territory', 'Iraq', 'Iran', 'Iceland', 'Italy', 'Jersey', 'Jamaica', 'Jordan', 'Japan', 'Kenya', 'Kyrgyzstan', 'Cambodia', 'Kiribati', 'Comoros', 'St Kitts and Nevis', 'North Korea', 'South Korea', 'Kuwait', 'Cayman Islands', 'Kazakhstan', 'Laos', 'Lebanon', 'Saint Lucia', 'Liechtenstein', 'Sri Lanka', 'Liberia', 'Lesotho', 'Lithuania', 'Luxembourg', 'Latvia', 'Libya', 'Morocco', 'Monaco', 'Moldova', 'Montenegro', 'Saint Martin', 'Madagascar', 'Marshall Islands', 'North Macedonia', 'Mali', 'Myanmar', 'Mongolia', 'Macao', 'Northern Mariana Islands', 'Martinique', 'Mauritania', 'Montserrat', 'Malta', 'Mauritius', 'Maldives', 'Malawi', 'Mexico', 'Malaysia', 'Mozambique', 'Namibia', 'New Caledonia', 'Niger', 'Norfolk Island', 'Nigeria', 'Nicaragua', 'The Netherlands', 'Norway', 'Nepal', 'Nauru', 'Niue', 'New Zealand', 'Oman', 'Panama', 'Peru', 'French Polynesia', 'Papua New Guinea', 'Philippines', 'Pakistan', 'Poland', 'Saint Pierre and Miquelon', 'Pitcairn Islands', 'Puerto Rico', 'Palestine', 'Portugal', 'Palau', 'Paraguay', 'Qatar', 'Réunion', 'Romania', 'Serbia', 'Russia', 'Rwanda', 'Saudi Arabia', 'Solomon Islands', 'Seychelles', 'Sudan', 'Sweden', 'Singapore', 'Saint Helena', 'Slovenia', 'Svalbard and Jan Mayen', 'Slovakia', 'Sierra Leone', 'San Marino', 'Senegal', 'Somalia', 'Suriname', 'South Sudan', 'São Tomé and Príncipe', 'El Salvador', 'Sint Maarten', 'Syria', 'Eswatini', 'Turks and Caicos Islands', 'Chad', 'French Southern Territories', 'Togo', 'Thailand', 'Tajikistan', 'Tokelau', 'Timor-Leste', 'Turkmenistan', 'Tunisia', 'Tonga', 'Türkiye', 'Trinidad and Tobago', 'Tuvalu', 'Taiwan', 'Tanzania', 'Ukraine', 'Uganda', 'U.S. Outlying Islands', 'United States', 'Uruguay', 'Uzbekistan', 'Vatican City', 'St Vincent and Grenadines', 'Venezuela', 'British Virgin Islands', 'U.S. Virgin Islands', 'Vietnam', 'Vanuatu', 'Wallis and Futuna', 'Samoa', 'Kosovo', 'Yemen', 'Mayotte', 'South Africa', 'Zambia', 'Zimbabwe']
2025-01-30 13:52:21,049 - __main__ - INFO - Response time for the request: 0.39 seconds
2025-01-30 13:52:21,050 - __main__ - INFO - ----------------------------------------------------------------------------------------------------
2025-01-30 13:52:22,558 - __main__ - INFO - response: <Response 213 bytes [200 OK]>
2025-01-30 13:52:22,559 - __main__ - INFO - Response time for the request: 2.14 seconds
2025-01-30 13:52:22,559 - __main__ - INFO - ----------------------------------------------------------------------------------------------------
2025-01-30 13:52:22,678 - __main__ - INFO - response: <Response 213 bytes [200 OK]>
2025-01-30 13:52:22,678 - __main__ - INFO - Response time for the request: 2.07 seconds
2025-01-30 13:52:22,679 - __main__ - INFO - ----------------------------------------------------------------------------------------------------
2025-01-30 13:52:40,180 - __main__ - INFO - Request came to fetch all states from india.
2025-01-30 13:52:40,487 - __main__ - INFO - response: ['Andaman and Nicobar', 'Andhra Pradesh', 'Arunachal Pradesh', 'Assam', 'Bihar', 'Chandigarh', 'Chhattisgarh', 'Dadra and Nagar Haveli and Daman and Diu', 'Delhi', 'Goa', 'Gujarat', 'Haryana', 'Himachal Pradesh', 'Jammu and Kashmir', 'Jharkhand', 'Karnataka', 'Kerala', 'Ladakh', 'Lakshadweep', 'Madhya Pradesh', 'Maharashtra', 'Manipur', 'Meghalaya', 'Mizoram', 'Nagaland', 'Odisha', 'Puducherry', 'Punjab', 'Rajasthan', 'Sikkim', 'Tamil Nadu', 'Telangana', 'Tripura', 'Uttar Pradesh', 'Uttarakhand', 'West Bengal']
2025-01-30 13:52:40,492 - __main__ - INFO - Response time for the request: 0.31 seconds
2025-01-30 13:52:40,492 - __main__ - INFO - ----------------------------------------------------------------------------------------------------
2025-01-30 13:52:40,807 - __main__ - INFO - Request came to fetch all states from india.
2025-01-30 13:52:40,984 - __main__ - INFO - response: ['Andaman and Nicobar', 'Andhra Pradesh', 'Arunachal Pradesh', 'Assam', 'Bihar', 'Chandigarh', 'Chhattisgarh', 'Dadra and Nagar Haveli and Daman and Diu', 'Delhi', 'Goa', 'Gujarat', 'Haryana', 'Himachal Pradesh', 'Jammu and Kashmir', 'Jharkhand', 'Karnataka', 'Kerala', 'Ladakh', 'Lakshadweep', 'Madhya Pradesh', 'Maharashtra', 'Manipur', 'Meghalaya', 'Mizoram', 'Nagaland', 'Odisha', 'Puducherry', 'Punjab', 'Rajasthan', 'Sikkim', 'Tamil Nadu', 'Telangana', 'Tripura', 'Uttar Pradesh', 'Uttarakhand', 'West Bengal']
2025-01-30 13:52:40,985 - __main__ - INFO - Response time for the request: 0.18 seconds
2025-01-30 13:52:40,985 - __main__ - INFO - ----------------------------------------------------------------------------------------------------
2025-01-30 13:52:47,745 - __main__ - INFO - Request came to fetch all districts from tamil nadu, india.
2025-01-30 13:52:48,028 - __main__ - INFO - response: ['Ariyalur District', 'Chengalpattu district', 'Chennai', 'Coimbatore district', 'Cuddalore', 'Dharmapuri', 'Dindigul', 'Erode', 'Kallakurichi district', 'Kanchipuram', 'Kanniyakumari', 'Karur', 'Krishnagiri', 'Madurai', 'Mayiladuthurai district', 'Nagapattinam', 'Namakkal district', 'Perambalur', 'Pudukkottai', 'Ramanathapuram', 'Ranipet district', 'Salem district', 'Sivaganga', 'Tenkasi district', 'Thanjavur', 'The Nilgiris', 'Theni', 'Thiruvallur', 'Thiruvarur', 'Tiruchirappalli', 'Tirunelveli', 'Tirupattur district', 'Tiruppur district', 'Tiruvannamalai', 'Tuticorin', 'Vellore', 'Villupuram', 'Virudhunagar']
2025-01-30 13:52:48,033 - __main__ - INFO - Response time for the request: 0.29 seconds
2025-01-30 13:52:48,035 - __main__ - INFO - ----------------------------------------------------------------------------------------------------
2025-01-30 13:52:48,340 - __main__ - INFO - Request came to fetch all districts from tamil nadu, india.
2025-01-30 13:52:48,610 - __main__ - INFO - response: ['Ariyalur District', 'Chengalpattu district', 'Chennai', 'Coimbatore district', 'Cuddalore', 'Dharmapuri', 'Dindigul', 'Erode', 'Kallakurichi district', 'Kanchipuram', 'Kanniyakumari', 'Karur', 'Krishnagiri', 'Madurai', 'Mayiladuthurai district', 'Nagapattinam', 'Namakkal district', 'Perambalur', 'Pudukkottai', 'Ramanathapuram', 'Ranipet district', 'Salem district', 'Sivaganga', 'Tenkasi district', 'Thanjavur', 'The Nilgiris', 'Theni', 'Thiruvallur', 'Thiruvarur', 'Tiruchirappalli', 'Tirunelveli', 'Tirupattur district', 'Tiruppur district', 'Tiruvannamalai', 'Tuticorin', 'Vellore', 'Villupuram', 'Virudhunagar']
2025-01-30 13:52:48,611 - __main__ - INFO - Response time for the request: 0.27 seconds
2025-01-30 13:52:48,611 - __main__ - INFO - ----------------------------------------------------------------------------------------------------
2025-01-30 13:53:06,601 - __main__ - INFO - Request came to fetch all districts from kerala, india.
2025-01-30 13:53:06,872 - __main__ - INFO - response: ['Alleppey District', 'Ernakulam', 'Idukki', 'Kannur district', 'Kasargod District', 'Kollam', 'Kottayam', 'Kozhikode', 'Malappuram', 'Palakkad', 'Pathanamthitta', 'Thiruvananthapuram', 'Thrissur', 'Wayanad']
2025-01-30 13:53:06,873 - __main__ - INFO - Response time for the request: 0.27 seconds
2025-01-30 13:53:06,873 - __main__ - INFO - ----------------------------------------------------------------------------------------------------
2025-01-30 13:53:15,182 - __main__ - INFO - Request came to fetch all districts from tamil nadu, india.
2025-01-30 13:53:15,454 - __main__ - INFO - response: ['Ariyalur District', 'Chengalpattu district', 'Chennai', 'Coimbatore district', 'Cuddalore', 'Dharmapuri', 'Dindigul', 'Erode', 'Kallakurichi district', 'Kanchipuram', 'Kanniyakumari', 'Karur', 'Krishnagiri', 'Madurai', 'Mayiladuthurai district', 'Nagapattinam', 'Namakkal district', 'Perambalur', 'Pudukkottai', 'Ramanathapuram', 'Ranipet district', 'Salem district', 'Sivaganga', 'Tenkasi district', 'Thanjavur', 'The Nilgiris', 'Theni', 'Thiruvallur', 'Thiruvarur', 'Tiruchirappalli', 'Tirunelveli', 'Tirupattur district', 'Tiruppur district', 'Tiruvannamalai', 'Tuticorin', 'Vellore', 'Villupuram', 'Virudhunagar']
2025-01-30 13:53:15,455 - __main__ - INFO - Response time for the request: 0.27 seconds
2025-01-30 13:53:15,455 - __main__ - INFO - ----------------------------------------------------------------------------------------------------
2025-01-30 13:55:23,866 - __main__ - INFO - Request came to fetch all countries.
2025-01-30 13:55:23,995 - __main__ - INFO - response: ['Andorra', 'United Arab Emirates', 'Afghanistan', 'Antigua and Barbuda', 'Anguilla', 'Albania', 'Armenia', 'Angola', 'Antarctica', 'Argentina', 'American Samoa', 'Austria', 'Australia', 'Aruba', 'Åland', 'Azerbaijan', 'Bosnia and Herzegovina', 'Barbados', 'Bangladesh', 'Belgium', 'Burkina Faso', 'Bulgaria', 'Bahrain', 'Burundi', 'Benin', 'Saint Barthélemy', 'Bermuda', 'Brunei', 'Bolivia', 'Bonaire, Sint Eustatius, and Saba', 'Brazil', 'Bahamas', 'Bhutan', 'Bouvet Island', 'Botswana', 'Belarus', 'Belize', 'Canada', 'Cocos (Keeling) Islands', 'DR Congo', 'Central African Republic', 'Congo Republic', 'Switzerland', 'Ivory Coast', 'Cook Islands', 'Chile', 'Cameroon', 'China', 'Colombia', 'Costa Rica', 'Cuba', 'Cabo Verde', 'Curaçao', 'Christmas Island', 'Cyprus', 'Czechia', 'Germany', 'Djibouti', 'Denmark', 'Dominica', 'Dominican Republic', 'Algeria', 'Ecuador', 'Estonia', 'Egypt', 'Western Sahara', 'Eritrea', 'Spain', 'Ethiopia', 'Finland', 'Fiji', 'Falkland Islands', 'Micronesia', 'Faroe Islands', 'France', 'Gabon', 'United Kingdom', 'Grenada', 'Georgia', 'French Guiana', 'Guernsey', 'Ghana', 'Gibraltar', 'Greenland', 'The Gambia', 'Guinea', 'Guadeloupe', 'Equatorial Guinea', 'Greece', 'South Georgia and South Sandwich Islands', 'Guatemala', 'Guam', 'Guinea-Bissau', 'Guyana', 'Hong Kong', 'Heard and McDonald Islands', 'Honduras', 'Croatia', 'Haiti', 'Hungary', 'Indonesia', 'Ireland', 'Israel', 'Isle of Man', 'India', 'British Indian Ocean Territory', 'Iraq', 'Iran', 'Iceland', 'Italy', 'Jersey', 'Jamaica', 'Jordan', 'Japan', 'Kenya', 'Kyrgyzstan', 'Cambodia', 'Kiribati', 'Comoros', 'St Kitts and Nevis', 'North Korea', 'South Korea', 'Kuwait', 'Cayman Islands', 'Kazakhstan', 'Laos', 'Lebanon', 'Saint Lucia', 'Liechtenstein', 'Sri Lanka', 'Liberia', 'Lesotho', 'Lithuania', 'Luxembourg', 'Latvia', 'Libya', 'Morocco', 'Monaco', 'Moldova', 'Montenegro', 'Saint Martin', 'Madagascar', 'Marshall Islands', 'North Macedonia', 'Mali', 'Myanmar', 'Mongolia', 'Macao', 'Northern Mariana Islands', 'Martinique', 'Mauritania', 'Montserrat', 'Malta', 'Mauritius', 'Maldives', 'Malawi', 'Mexico', 'Malaysia', 'Mozambique', 'Namibia', 'New Caledonia', 'Niger', 'Norfolk Island', 'Nigeria', 'Nicaragua', 'The Netherlands', 'Norway', 'Nepal', 'Nauru', 'Niue', 'New Zealand', 'Oman', 'Panama', 'Peru', 'French Polynesia', 'Papua New Guinea', 'Philippines', 'Pakistan', 'Poland', 'Saint Pierre and Miquelon', 'Pitcairn Islands', 'Puerto Rico', 'Palestine', 'Portugal', 'Palau', 'Paraguay', 'Qatar', 'Réunion', 'Romania', 'Serbia', 'Russia', 'Rwanda', 'Saudi Arabia', 'Solomon Islands', 'Seychelles', 'Sudan', 'Sweden', 'Singapore', 'Saint Helena', 'Slovenia', 'Svalbard and Jan Mayen', 'Slovakia', 'Sierra Leone', 'San Marino', 'Senegal', 'Somalia', 'Suriname', 'South Sudan', 'São Tomé and Príncipe', 'El Salvador', 'Sint Maarten', 'Syria', 'Eswatini', 'Turks and Caicos Islands', 'Chad', 'French Southern Territories', 'Togo', 'Thailand', 'Tajikistan', 'Tokelau', 'Timor-Leste', 'Turkmenistan', 'Tunisia', 'Tonga', 'Türkiye', 'Trinidad and Tobago', 'Tuvalu', 'Taiwan', 'Tanzania', 'Ukraine', 'Uganda', 'U.S. Outlying Islands', 'United States', 'Uruguay', 'Uzbekistan', 'Vatican City', 'St Vincent and Grenadines', 'Venezuela', 'British Virgin Islands', 'U.S. Virgin Islands', 'Vietnam', 'Vanuatu', 'Wallis and Futuna', 'Samoa', 'Kosovo', 'Yemen', 'Mayotte', 'South Africa', 'Zambia', 'Zimbabwe']
2025-01-30 13:55:23,999 - __main__ - INFO - Response time for the request: 0.13 seconds
2025-01-30 13:55:23,999 - __main__ - INFO - ----------------------------------------------------------------------------------------------------
2025-01-30 13:55:24,139 - __main__ - INFO - Request came to fetch all countries.
2025-01-30 13:55:24,254 - __main__ - INFO - response: ['Andorra', 'United Arab Emirates', 'Afghanistan', 'Antigua and Barbuda', 'Anguilla', 'Albania', 'Armenia', 'Angola', 'Antarctica', 'Argentina', 'American Samoa', 'Austria', 'Australia', 'Aruba', 'Åland', 'Azerbaijan', 'Bosnia and Herzegovina', 'Barbados', 'Bangladesh', 'Belgium', 'Burkina Faso', 'Bulgaria', 'Bahrain', 'Burundi', 'Benin', 'Saint Barthélemy', 'Bermuda', 'Brunei', 'Bolivia', 'Bonaire, Sint Eustatius, and Saba', 'Brazil', 'Bahamas', 'Bhutan', 'Bouvet Island', 'Botswana', 'Belarus', 'Belize', 'Canada', 'Cocos (Keeling) Islands', 'DR Congo', 'Central African Republic', 'Congo Republic', 'Switzerland', 'Ivory Coast', 'Cook Islands', 'Chile', 'Cameroon', 'China', 'Colombia', 'Costa Rica', 'Cuba', 'Cabo Verde', 'Curaçao', 'Christmas Island', 'Cyprus', 'Czechia', 'Germany', 'Djibouti', 'Denmark', 'Dominica', 'Dominican Republic', 'Algeria', 'Ecuador', 'Estonia', 'Egypt', 'Western Sahara', 'Eritrea', 'Spain', 'Ethiopia', 'Finland', 'Fiji', 'Falkland Islands', 'Micronesia', 'Faroe Islands', 'France', 'Gabon', 'United Kingdom', 'Grenada', 'Georgia', 'French Guiana', 'Guernsey', 'Ghana', 'Gibraltar', 'Greenland', 'The Gambia', 'Guinea', 'Guadeloupe', 'Equatorial Guinea', 'Greece', 'South Georgia and South Sandwich Islands', 'Guatemala', 'Guam', 'Guinea-Bissau', 'Guyana', 'Hong Kong', 'Heard and McDonald Islands', 'Honduras', 'Croatia', 'Haiti', 'Hungary', 'Indonesia', 'Ireland', 'Israel', 'Isle of Man', 'India', 'British Indian Ocean Territory', 'Iraq', 'Iran', 'Iceland', 'Italy', 'Jersey', 'Jamaica', 'Jordan', 'Japan', 'Kenya', 'Kyrgyzstan', 'Cambodia', 'Kiribati', 'Comoros', 'St Kitts and Nevis', 'North Korea', 'South Korea', 'Kuwait', 'Cayman Islands', 'Kazakhstan', 'Laos', 'Lebanon', 'Saint Lucia', 'Liechtenstein', 'Sri Lanka', 'Liberia', 'Lesotho', 'Lithuania', 'Luxembourg', 'Latvia', 'Libya', 'Morocco', 'Monaco', 'Moldova', 'Montenegro', 'Saint Martin', 'Madagascar', 'Marshall Islands', 'North Macedonia', 'Mali', 'Myanmar', 'Mongolia', 'Macao', 'Northern Mariana Islands', 'Martinique', 'Mauritania', 'Montserrat', 'Malta', 'Mauritius', 'Maldives', 'Malawi', 'Mexico', 'Malaysia', 'Mozambique', 'Namibia', 'New Caledonia', 'Niger', 'Norfolk Island', 'Nigeria', 'Nicaragua', 'The Netherlands', 'Norway', 'Nepal', 'Nauru', 'Niue', 'New Zealand', 'Oman', 'Panama', 'Peru', 'French Polynesia', 'Papua New Guinea', 'Philippines', 'Pakistan', 'Poland', 'Saint Pierre and Miquelon', 'Pitcairn Islands', 'Puerto Rico', 'Palestine', 'Portugal', 'Palau', 'Paraguay', 'Qatar', 'Réunion', 'Romania', 'Serbia', 'Russia', 'Rwanda', 'Saudi Arabia', 'Solomon Islands', 'Seychelles', 'Sudan', 'Sweden', 'Singapore', 'Saint Helena', 'Slovenia', 'Svalbard and Jan Mayen', 'Slovakia', 'Sierra Leone', 'San Marino', 'Senegal', 'Somalia', 'Suriname', 'South Sudan', 'São Tomé and Príncipe', 'El Salvador', 'Sint Maarten', 'Syria', 'Eswatini', 'Turks and Caicos Islands', 'Chad', 'French Southern Territories', 'Togo', 'Thailand', 'Tajikistan', 'Tokelau', 'Timor-Leste', 'Turkmenistan', 'Tunisia', 'Tonga', 'Türkiye', 'Trinidad and Tobago', 'Tuvalu', 'Taiwan', 'Tanzania', 'Ukraine', 'Uganda', 'U.S. Outlying Islands', 'United States', 'Uruguay', 'Uzbekistan', 'Vatican City', 'St Vincent and Grenadines', 'Venezuela', 'British Virgin Islands', 'U.S. Virgin Islands', 'Vietnam', 'Vanuatu', 'Wallis and Futuna', 'Samoa', 'Kosovo', 'Yemen', 'Mayotte', 'South Africa', 'Zambia', 'Zimbabwe']
2025-01-30 13:55:24,259 - __main__ - INFO - Response time for the request: 0.12 seconds
2025-01-30 13:55:24,259 - __main__ - INFO - ----------------------------------------------------------------------------------------------------
2025-01-30 13:55:29,254 - __main__ - INFO - Request came to fetch all states from india.
2025-01-30 13:55:29,415 - __main__ - INFO - response: ['Andaman and Nicobar', 'Andhra Pradesh', 'Arunachal Pradesh', 'Assam', 'Bihar', 'Chandigarh', 'Chhattisgarh', 'Dadra and Nagar Haveli and Daman and Diu', 'Delhi', 'Goa', 'Gujarat', 'Haryana', 'Himachal Pradesh', 'Jammu and Kashmir', 'Jharkhand', 'Karnataka', 'Kerala', 'Ladakh', 'Lakshadweep', 'Madhya Pradesh', 'Maharashtra', 'Manipur', 'Meghalaya', 'Mizoram', 'Nagaland', 'Odisha', 'Puducherry', 'Punjab', 'Rajasthan', 'Sikkim', 'Tamil Nadu', 'Telangana', 'Tripura', 'Uttar Pradesh', 'Uttarakhand', 'West Bengal']
2025-01-30 13:55:29,416 - __main__ - INFO - Response time for the request: 0.16 seconds
2025-01-30 13:55:29,416 - __main__ - INFO - ----------------------------------------------------------------------------------------------------
2025-01-30 13:55:29,832 - __main__ - INFO - Request came to fetch all states from india.
2025-01-30 13:55:29,987 - __main__ - INFO - response: ['Andaman and Nicobar', 'Andhra Pradesh', 'Arunachal Pradesh', 'Assam', 'Bihar', 'Chandigarh', 'Chhattisgarh', 'Dadra and Nagar Haveli and Daman and Diu', 'Delhi', 'Goa', 'Gujarat', 'Haryana', 'Himachal Pradesh', 'Jammu and Kashmir', 'Jharkhand', 'Karnataka', 'Kerala', 'Ladakh', 'Lakshadweep', 'Madhya Pradesh', 'Maharashtra', 'Manipur', 'Meghalaya', 'Mizoram', 'Nagaland', 'Odisha', 'Puducherry', 'Punjab', 'Rajasthan', 'Sikkim', 'Tamil Nadu', 'Telangana', 'Tripura', 'Uttar Pradesh', 'Uttarakhand', 'West Bengal']
2025-01-30 13:55:29,992 - __main__ - INFO - Response time for the request: 0.16 seconds
2025-01-30 13:55:29,992 - __main__ - INFO - ----------------------------------------------------------------------------------------------------
2025-01-30 13:55:33,526 - __main__ - INFO - Request came to fetch all districts from tamil nadu, india.
2025-01-30 13:55:33,929 - __main__ - INFO - response: ['Ariyalur District', 'Chengalpattu district', 'Chennai', 'Coimbatore district', 'Cuddalore', 'Dharmapuri', 'Dindigul', 'Erode', 'Kallakurichi district', 'Kanchipuram', 'Kanniyakumari', 'Karur', 'Krishnagiri', 'Madurai', 'Mayiladuthurai district', 'Nagapattinam', 'Namakkal district', 'Perambalur', 'Pudukkottai', 'Ramanathapuram', 'Ranipet district', 'Salem district', 'Sivaganga', 'Tenkasi district', 'Thanjavur', 'The Nilgiris', 'Theni', 'Thiruvallur', 'Thiruvarur', 'Tiruchirappalli', 'Tirunelveli', 'Tirupattur district', 'Tiruppur district', 'Tiruvannamalai', 'Tuticorin', 'Vellore', 'Villupuram', 'Virudhunagar']
2025-01-30 13:55:33,930 - __main__ - INFO - Response time for the request: 0.40 seconds
2025-01-30 13:55:33,930 - __main__ - INFO - ----------------------------------------------------------------------------------------------------
2025-01-30 13:55:34,249 - __main__ - INFO - Request came to fetch all districts from tamil nadu, india.
2025-01-30 13:55:34,529 - __main__ - INFO - response: ['Ariyalur District', 'Chengalpattu district', 'Chennai', 'Coimbatore district', 'Cuddalore', 'Dharmapuri', 'Dindigul', 'Erode', 'Kallakurichi district', 'Kanchipuram', 'Kanniyakumari', 'Karur', 'Krishnagiri', 'Madurai', 'Mayiladuthurai district', 'Nagapattinam', 'Namakkal district', 'Perambalur', 'Pudukkottai', 'Ramanathapuram', 'Ranipet district', 'Salem district', 'Sivaganga', 'Tenkasi district', 'Thanjavur', 'The Nilgiris', 'Theni', 'Thiruvallur', 'Thiruvarur', 'Tiruchirappalli', 'Tirunelveli', 'Tirupattur district', 'Tiruppur district', 'Tiruvannamalai', 'Tuticorin', 'Vellore', 'Villupuram', 'Virudhunagar']
2025-01-30 13:55:34,530 - __main__ - INFO - Response time for the request: 0.28 seconds
2025-01-30 13:55:34,530 - __main__ - INFO - ----------------------------------------------------------------------------------------------------
2025-01-30 14:06:42,697 - __main__ - INFO - Request came to fetch all countries.
2025-01-30 14:06:42,840 - __main__ - INFO - response: ['Andorra', 'United Arab Emirates', 'Afghanistan', 'Antigua and Barbuda', 'Anguilla', 'Albania', 'Armenia', 'Angola', 'Antarctica', 'Argentina', 'American Samoa', 'Austria', 'Australia', 'Aruba', 'Åland', 'Azerbaijan', 'Bosnia and Herzegovina', 'Barbados', 'Bangladesh', 'Belgium', 'Burkina Faso', 'Bulgaria', 'Bahrain', 'Burundi', 'Benin', 'Saint Barthélemy', 'Bermuda', 'Brunei', 'Bolivia', 'Bonaire, Sint Eustatius, and Saba', 'Brazil', 'Bahamas', 'Bhutan', 'Bouvet Island', 'Botswana', 'Belarus', 'Belize', 'Canada', 'Cocos (Keeling) Islands', 'DR Congo', 'Central African Republic', 'Congo Republic', 'Switzerland', 'Ivory Coast', 'Cook Islands', 'Chile', 'Cameroon', 'China', 'Colombia', 'Costa Rica', 'Cuba', 'Cabo Verde', 'Curaçao', 'Christmas Island', 'Cyprus', 'Czechia', 'Germany', 'Djibouti', 'Denmark', 'Dominica', 'Dominican Republic', 'Algeria', 'Ecuador', 'Estonia', 'Egypt', 'Western Sahara', 'Eritrea', 'Spain', 'Ethiopia', 'Finland', 'Fiji', 'Falkland Islands', 'Micronesia', 'Faroe Islands', 'France', 'Gabon', 'United Kingdom', 'Grenada', 'Georgia', 'French Guiana', 'Guernsey', 'Ghana', 'Gibraltar', 'Greenland', 'The Gambia', 'Guinea', 'Guadeloupe', 'Equatorial Guinea', 'Greece', 'South Georgia and South Sandwich Islands', 'Guatemala', 'Guam', 'Guinea-Bissau', 'Guyana', 'Hong Kong', 'Heard and McDonald Islands', 'Honduras', 'Croatia', 'Haiti', 'Hungary', 'Indonesia', 'Ireland', 'Israel', 'Isle of Man', 'India', 'British Indian Ocean Territory', 'Iraq', 'Iran', 'Iceland', 'Italy', 'Jersey', 'Jamaica', 'Jordan', 'Japan', 'Kenya', 'Kyrgyzstan', 'Cambodia', 'Kiribati', 'Comoros', 'St Kitts and Nevis', 'North Korea', 'South Korea', 'Kuwait', 'Cayman Islands', 'Kazakhstan', 'Laos', 'Lebanon', 'Saint Lucia', 'Liechtenstein', 'Sri Lanka', 'Liberia', 'Lesotho', 'Lithuania', 'Luxembourg', 'Latvia', 'Libya', 'Morocco', 'Monaco', 'Moldova', 'Montenegro', 'Saint Martin', 'Madagascar', 'Marshall Islands', 'North Macedonia', 'Mali', 'Myanmar', 'Mongolia', 'Macao', 'Northern Mariana Islands', 'Martinique', 'Mauritania', 'Montserrat', 'Malta', 'Mauritius', 'Maldives', 'Malawi', 'Mexico', 'Malaysia', 'Mozambique', 'Namibia', 'New Caledonia', 'Niger', 'Norfolk Island', 'Nigeria', 'Nicaragua', 'The Netherlands', 'Norway', 'Nepal', 'Nauru', 'Niue', 'New Zealand', 'Oman', 'Panama', 'Peru', 'French Polynesia', 'Papua New Guinea', 'Philippines', 'Pakistan', 'Poland', 'Saint Pierre and Miquelon', 'Pitcairn Islands', 'Puerto Rico', 'Palestine', 'Portugal', 'Palau', 'Paraguay', 'Qatar', 'Réunion', 'Romania', 'Serbia', 'Russia', 'Rwanda', 'Saudi Arabia', 'Solomon Islands', 'Seychelles', 'Sudan', 'Sweden', 'Singapore', 'Saint Helena', 'Slovenia', 'Svalbard and Jan Mayen', 'Slovakia', 'Sierra Leone', 'San Marino', 'Senegal', 'Somalia', 'Suriname', 'South Sudan', 'São Tomé and Príncipe', 'El Salvador', 'Sint Maarten', 'Syria', 'Eswatini', 'Turks and Caicos Islands', 'Chad', 'French Southern Territories', 'Togo', 'Thailand', 'Tajikistan', 'Tokelau', 'Timor-Leste', 'Turkmenistan', 'Tunisia', 'Tonga', 'Türkiye', 'Trinidad and Tobago', 'Tuvalu', 'Taiwan', 'Tanzania', 'Ukraine', 'Uganda', 'U.S. Outlying Islands', 'United States', 'Uruguay', 'Uzbekistan', 'Vatican City', 'St Vincent and Grenadines', 'Venezuela', 'British Virgin Islands', 'U.S. Virgin Islands', 'Vietnam', 'Vanuatu', 'Wallis and Futuna', 'Samoa', 'Kosovo', 'Yemen', 'Mayotte', 'South Africa', 'Zambia', 'Zimbabwe']
2025-01-30 14:06:42,844 - __main__ - INFO - Response time for the request: 0.15 seconds
2025-01-30 14:06:42,845 - __main__ - INFO - ----------------------------------------------------------------------------------------------------
2025-01-30 14:06:42,960 - __main__ - INFO - Request came to fetch all countries.
2025-01-30 14:06:43,028 - __main__ - INFO - response: ['Andorra', 'United Arab Emirates', 'Afghanistan', 'Antigua and Barbuda', 'Anguilla', 'Albania', 'Armenia', 'Angola', 'Antarctica', 'Argentina', 'American Samoa', 'Austria', 'Australia', 'Aruba', 'Åland', 'Azerbaijan', 'Bosnia and Herzegovina', 'Barbados', 'Bangladesh', 'Belgium', 'Burkina Faso', 'Bulgaria', 'Bahrain', 'Burundi', 'Benin', 'Saint Barthélemy', 'Bermuda', 'Brunei', 'Bolivia', 'Bonaire, Sint Eustatius, and Saba', 'Brazil', 'Bahamas', 'Bhutan', 'Bouvet Island', 'Botswana', 'Belarus', 'Belize', 'Canada', 'Cocos (Keeling) Islands', 'DR Congo', 'Central African Republic', 'Congo Republic', 'Switzerland', 'Ivory Coast', 'Cook Islands', 'Chile', 'Cameroon', 'China', 'Colombia', 'Costa Rica', 'Cuba', 'Cabo Verde', 'Curaçao', 'Christmas Island', 'Cyprus', 'Czechia', 'Germany', 'Djibouti', 'Denmark', 'Dominica', 'Dominican Republic', 'Algeria', 'Ecuador', 'Estonia', 'Egypt', 'Western Sahara', 'Eritrea', 'Spain', 'Ethiopia', 'Finland', 'Fiji', 'Falkland Islands', 'Micronesia', 'Faroe Islands', 'France', 'Gabon', 'United Kingdom', 'Grenada', 'Georgia', 'French Guiana', 'Guernsey', 'Ghana', 'Gibraltar', 'Greenland', 'The Gambia', 'Guinea', 'Guadeloupe', 'Equatorial Guinea', 'Greece', 'South Georgia and South Sandwich Islands', 'Guatemala', 'Guam', 'Guinea-Bissau', 'Guyana', 'Hong Kong', 'Heard and McDonald Islands', 'Honduras', 'Croatia', 'Haiti', 'Hungary', 'Indonesia', 'Ireland', 'Israel', 'Isle of Man', 'India', 'British Indian Ocean Territory', 'Iraq', 'Iran', 'Iceland', 'Italy', 'Jersey', 'Jamaica', 'Jordan', 'Japan', 'Kenya', 'Kyrgyzstan', 'Cambodia', 'Kiribati', 'Comoros', 'St Kitts and Nevis', 'North Korea', 'South Korea', 'Kuwait', 'Cayman Islands', 'Kazakhstan', 'Laos', 'Lebanon', 'Saint Lucia', 'Liechtenstein', 'Sri Lanka', 'Liberia', 'Lesotho', 'Lithuania', 'Luxembourg', 'Latvia', 'Libya', 'Morocco', 'Monaco', 'Moldova', 'Montenegro', 'Saint Martin', 'Madagascar', 'Marshall Islands', 'North Macedonia', 'Mali', 'Myanmar', 'Mongolia', 'Macao', 'Northern Mariana Islands', 'Martinique', 'Mauritania', 'Montserrat', 'Malta', 'Mauritius', 'Maldives', 'Malawi', 'Mexico', 'Malaysia', 'Mozambique', 'Namibia', 'New Caledonia', 'Niger', 'Norfolk Island', 'Nigeria', 'Nicaragua', 'The Netherlands', 'Norway', 'Nepal', 'Nauru', 'Niue', 'New Zealand', 'Oman', 'Panama', 'Peru', 'French Polynesia', 'Papua New Guinea', 'Philippines', 'Pakistan', 'Poland', 'Saint Pierre and Miquelon', 'Pitcairn Islands', 'Puerto Rico', 'Palestine', 'Portugal', 'Palau', 'Paraguay', 'Qatar', 'Réunion', 'Romania', 'Serbia', 'Russia', 'Rwanda', 'Saudi Arabia', 'Solomon Islands', 'Seychelles', 'Sudan', 'Sweden', 'Singapore', 'Saint Helena', 'Slovenia', 'Svalbard and Jan Mayen', 'Slovakia', 'Sierra Leone', 'San Marino', 'Senegal', 'Somalia', 'Suriname', 'South Sudan', 'São Tomé and Príncipe', 'El Salvador', 'Sint Maarten', 'Syria', 'Eswatini', 'Turks and Caicos Islands', 'Chad', 'French Southern Territories', 'Togo', 'Thailand', 'Tajikistan', 'Tokelau', 'Timor-Leste', 'Turkmenistan', 'Tunisia', 'Tonga', 'Türkiye', 'Trinidad and Tobago', 'Tuvalu', 'Taiwan', 'Tanzania', 'Ukraine', 'Uganda', 'U.S. Outlying Islands', 'United States', 'Uruguay', 'Uzbekistan', 'Vatican City', 'St Vincent and Grenadines', 'Venezuela', 'British Virgin Islands', 'U.S. Virgin Islands', 'Vietnam', 'Vanuatu', 'Wallis and Futuna', 'Samoa', 'Kosovo', 'Yemen', 'Mayotte', 'South Africa', 'Zambia', 'Zimbabwe']
2025-01-30 14:06:43,031 - __main__ - INFO - Response time for the request: 0.07 seconds
2025-01-30 14:06:43,032 - __main__ - INFO - ----------------------------------------------------------------------------------------------------
2025-01-30 14:06:48,270 - __main__ - INFO - Request came to fetch all states from india.
2025-01-30 14:06:48,536 - __main__ - INFO - response: ['Andaman and Nicobar', 'Andhra Pradesh', 'Arunachal Pradesh', 'Assam', 'Bihar', 'Chandigarh', 'Chhattisgarh', 'Dadra and Nagar Haveli and Daman and Diu', 'Delhi', 'Goa', 'Gujarat', 'Haryana', 'Himachal Pradesh', 'Jammu and Kashmir', 'Jharkhand', 'Karnataka', 'Kerala', 'Ladakh', 'Lakshadweep', 'Madhya Pradesh', 'Maharashtra', 'Manipur', 'Meghalaya', 'Mizoram', 'Nagaland', 'Odisha', 'Puducherry', 'Punjab', 'Rajasthan', 'Sikkim', 'Tamil Nadu', 'Telangana', 'Tripura', 'Uttar Pradesh', 'Uttarakhand', 'West Bengal']
2025-01-30 14:06:48,542 - __main__ - INFO - Response time for the request: 0.27 seconds
2025-01-30 14:06:48,544 - __main__ - INFO - ----------------------------------------------------------------------------------------------------
2025-01-30 14:06:48,877 - __main__ - INFO - Request came to fetch all states from india.
2025-01-30 14:06:49,020 - __main__ - INFO - response: ['Andaman and Nicobar', 'Andhra Pradesh', 'Arunachal Pradesh', 'Assam', 'Bihar', 'Chandigarh', 'Chhattisgarh', 'Dadra and Nagar Haveli and Daman and Diu', 'Delhi', 'Goa', 'Gujarat', 'Haryana', 'Himachal Pradesh', 'Jammu and Kashmir', 'Jharkhand', 'Karnataka', 'Kerala', 'Ladakh', 'Lakshadweep', 'Madhya Pradesh', 'Maharashtra', 'Manipur', 'Meghalaya', 'Mizoram', 'Nagaland', 'Odisha', 'Puducherry', 'Punjab', 'Rajasthan', 'Sikkim', 'Tamil Nadu', 'Telangana', 'Tripura', 'Uttar Pradesh', 'Uttarakhand', 'West Bengal']
2025-01-30 14:06:49,023 - __main__ - INFO - Response time for the request: 0.15 seconds
2025-01-30 14:06:49,024 - __main__ - INFO - ----------------------------------------------------------------------------------------------------
2025-01-30 14:06:56,693 - __main__ - INFO - Request came to fetch all districts from sikkim, india.
2025-01-30 14:06:57,350 - __main__ - INFO - response: ['Chungthang', 'Dentam', 'Dzongu', 'Gangtok', 'Gangtok district', 'Gyalshing', 'Kabi', 'Mangalbarey', 'Mangan', 'North District', 'Pakyong', 'Rabdang', 'Rangpo', 'Rongli', 'Soreng', 'South District', 'West Sikkim', 'Yuksom']
2025-01-30 14:06:57,350 - __main__ - INFO - Response time for the request: 0.66 seconds
2025-01-30 14:06:57,351 - __main__ - INFO - ----------------------------------------------------------------------------------------------------
2025-01-30 14:06:57,660 - __main__ - INFO - Request came to fetch all districts from sikkim, india.
2025-01-30 14:06:58,196 - __main__ - INFO - response: ['Chungthang', 'Dentam', 'Dzongu', 'Gangtok', 'Gangtok district', 'Gyalshing', 'Kabi', 'Mangalbarey', 'Mangan', 'North District', 'Pakyong', 'Rabdang', 'Rangpo', 'Rongli', 'Soreng', 'South District', 'West Sikkim', 'Yuksom']
2025-01-30 14:06:58,197 - __main__ - INFO - Response time for the request: 0.54 seconds
2025-01-30 14:06:58,197 - __main__ - INFO - ----------------------------------------------------------------------------------------------------
2025-01-30 14:07:00,632 - __main__ - INFO - Request came to fetch all districts from tamil nadu, india.
2025-01-30 14:07:01,449 - __main__ - INFO - Response time for the request: 0.82 seconds
2025-01-30 14:07:01,450 - __main__ - INFO - ----------------------------------------------------------------------------------------------------
2025-01-30 14:07:45,890 - __main__ - INFO - Request came to fetch all countries.
2025-01-30 14:07:46,043 - __main__ - INFO - response: ['Andorra', 'United Arab Emirates', 'Afghanistan', 'Antigua and Barbuda', 'Anguilla', 'Albania', 'Armenia', 'Angola', 'Antarctica', 'Argentina', 'American Samoa', 'Austria', 'Australia', 'Aruba', 'Åland', 'Azerbaijan', 'Bosnia and Herzegovina', 'Barbados', 'Bangladesh', 'Belgium', 'Burkina Faso', 'Bulgaria', 'Bahrain', 'Burundi', 'Benin', 'Saint Barthélemy', 'Bermuda', 'Brunei', 'Bolivia', 'Bonaire, Sint Eustatius, and Saba', 'Brazil', 'Bahamas', 'Bhutan', 'Bouvet Island', 'Botswana', 'Belarus', 'Belize', 'Canada', 'Cocos (Keeling) Islands', 'DR Congo', 'Central African Republic', 'Congo Republic', 'Switzerland', 'Ivory Coast', 'Cook Islands', 'Chile', 'Cameroon', 'China', 'Colombia', 'Costa Rica', 'Cuba', 'Cabo Verde', 'Curaçao', 'Christmas Island', 'Cyprus', 'Czechia', 'Germany', 'Djibouti', 'Denmark', 'Dominica', 'Dominican Republic', 'Algeria', 'Ecuador', 'Estonia', 'Egypt', 'Western Sahara', 'Eritrea', 'Spain', 'Ethiopia', 'Finland', 'Fiji', 'Falkland Islands', 'Micronesia', 'Faroe Islands', 'France', 'Gabon', 'United Kingdom', 'Grenada', 'Georgia', 'French Guiana', 'Guernsey', 'Ghana', 'Gibraltar', 'Greenland', 'The Gambia', 'Guinea', 'Guadeloupe', 'Equatorial Guinea', 'Greece', 'South Georgia and South Sandwich Islands', 'Guatemala', 'Guam', 'Guinea-Bissau', 'Guyana', 'Hong Kong', 'Heard and McDonald Islands', 'Honduras', 'Croatia', 'Haiti', 'Hungary', 'Indonesia', 'Ireland', 'Israel', 'Isle of Man', 'India', 'British Indian Ocean Territory', 'Iraq', 'Iran', 'Iceland', 'Italy', 'Jersey', 'Jamaica', 'Jordan', 'Japan', 'Kenya', 'Kyrgyzstan', 'Cambodia', 'Kiribati', 'Comoros', 'St Kitts and Nevis', 'North Korea', 'South Korea', 'Kuwait', 'Cayman Islands', 'Kazakhstan', 'Laos', 'Lebanon', 'Saint Lucia', 'Liechtenstein', 'Sri Lanka', 'Liberia', 'Lesotho', 'Lithuania', 'Luxembourg', 'Latvia', 'Libya', 'Morocco', 'Monaco', 'Moldova', 'Montenegro', 'Saint Martin', 'Madagascar', 'Marshall Islands', 'North Macedonia', 'Mali', 'Myanmar', 'Mongolia', 'Macao', 'Northern Mariana Islands', 'Martinique', 'Mauritania', 'Montserrat', 'Malta', 'Mauritius', 'Maldives', 'Malawi', 'Mexico', 'Malaysia', 'Mozambique', 'Namibia', 'New Caledonia', 'Niger', 'Norfolk Island', 'Nigeria', 'Nicaragua', 'The Netherlands', 'Norway', 'Nepal', 'Nauru', 'Niue', 'New Zealand', 'Oman', 'Panama', 'Peru', 'French Polynesia', 'Papua New Guinea', 'Philippines', 'Pakistan', 'Poland', 'Saint Pierre and Miquelon', 'Pitcairn Islands', 'Puerto Rico', 'Palestine', 'Portugal', 'Palau', 'Paraguay', 'Qatar', 'Réunion', 'Romania', 'Serbia', 'Russia', 'Rwanda', 'Saudi Arabia', 'Solomon Islands', 'Seychelles', 'Sudan', 'Sweden', 'Singapore', 'Saint Helena', 'Slovenia', 'Svalbard and Jan Mayen', 'Slovakia', 'Sierra Leone', 'San Marino', 'Senegal', 'Somalia', 'Suriname', 'South Sudan', 'São Tomé and Príncipe', 'El Salvador', 'Sint Maarten', 'Syria', 'Eswatini', 'Turks and Caicos Islands', 'Chad', 'French Southern Territories', 'Togo', 'Thailand', 'Tajikistan', 'Tokelau', 'Timor-Leste', 'Turkmenistan', 'Tunisia', 'Tonga', 'Türkiye', 'Trinidad and Tobago', 'Tuvalu', 'Taiwan', 'Tanzania', 'Ukraine', 'Uganda', 'U.S. Outlying Islands', 'United States', 'Uruguay', 'Uzbekistan', 'Vatican City', 'St Vincent and Grenadines', 'Venezuela', 'British Virgin Islands', 'U.S. Virgin Islands', 'Vietnam', 'Vanuatu', 'Wallis and Futuna', 'Samoa', 'Kosovo', 'Yemen', 'Mayotte', 'South Africa', 'Zambia', 'Zimbabwe']
2025-01-30 14:07:46,047 - __main__ - INFO - Response time for the request: 0.16 seconds
2025-01-30 14:07:46,047 - __main__ - INFO - ----------------------------------------------------------------------------------------------------
2025-01-30 14:07:58,100 - __main__ - INFO - Request came to fetch all countries.
2025-01-30 14:07:58,165 - __main__ - INFO - response: ['Andorra', 'United Arab Emirates', 'Afghanistan', 'Antigua and Barbuda', 'Anguilla', 'Albania', 'Armenia', 'Angola', 'Antarctica', 'Argentina', 'American Samoa', 'Austria', 'Australia', 'Aruba', 'Åland', 'Azerbaijan', 'Bosnia and Herzegovina', 'Barbados', 'Bangladesh', 'Belgium', 'Burkina Faso', 'Bulgaria', 'Bahrain', 'Burundi', 'Benin', 'Saint Barthélemy', 'Bermuda', 'Brunei', 'Bolivia', 'Bonaire, Sint Eustatius, and Saba', 'Brazil', 'Bahamas', 'Bhutan', 'Bouvet Island', 'Botswana', 'Belarus', 'Belize', 'Canada', 'Cocos (Keeling) Islands', 'DR Congo', 'Central African Republic', 'Congo Republic', 'Switzerland', 'Ivory Coast', 'Cook Islands', 'Chile', 'Cameroon', 'China', 'Colombia', 'Costa Rica', 'Cuba', 'Cabo Verde', 'Curaçao', 'Christmas Island', 'Cyprus', 'Czechia', 'Germany', 'Djibouti', 'Denmark', 'Dominica', 'Dominican Republic', 'Algeria', 'Ecuador', 'Estonia', 'Egypt', 'Western Sahara', 'Eritrea', 'Spain', 'Ethiopia', 'Finland', 'Fiji', 'Falkland Islands', 'Micronesia', 'Faroe Islands', 'France', 'Gabon', 'United Kingdom', 'Grenada', 'Georgia', 'French Guiana', 'Guernsey', 'Ghana', 'Gibraltar', 'Greenland', 'The Gambia', 'Guinea', 'Guadeloupe', 'Equatorial Guinea', 'Greece', 'South Georgia and South Sandwich Islands', 'Guatemala', 'Guam', 'Guinea-Bissau', 'Guyana', 'Hong Kong', 'Heard and McDonald Islands', 'Honduras', 'Croatia', 'Haiti', 'Hungary', 'Indonesia', 'Ireland', 'Israel', 'Isle of Man', 'India', 'British Indian Ocean Territory', 'Iraq', 'Iran', 'Iceland', 'Italy', 'Jersey', 'Jamaica', 'Jordan', 'Japan', 'Kenya', 'Kyrgyzstan', 'Cambodia', 'Kiribati', 'Comoros', 'St Kitts and Nevis', 'North Korea', 'South Korea', 'Kuwait', 'Cayman Islands', 'Kazakhstan', 'Laos', 'Lebanon', 'Saint Lucia', 'Liechtenstein', 'Sri Lanka', 'Liberia', 'Lesotho', 'Lithuania', 'Luxembourg', 'Latvia', 'Libya', 'Morocco', 'Monaco', 'Moldova', 'Montenegro', 'Saint Martin', 'Madagascar', 'Marshall Islands', 'North Macedonia', 'Mali', 'Myanmar', 'Mongolia', 'Macao', 'Northern Mariana Islands', 'Martinique', 'Mauritania', 'Montserrat', 'Malta', 'Mauritius', 'Maldives', 'Malawi', 'Mexico', 'Malaysia', 'Mozambique', 'Namibia', 'New Caledonia', 'Niger', 'Norfolk Island', 'Nigeria', 'Nicaragua', 'The Netherlands', 'Norway', 'Nepal', 'Nauru', 'Niue', 'New Zealand', 'Oman', 'Panama', 'Peru', 'French Polynesia', 'Papua New Guinea', 'Philippines', 'Pakistan', 'Poland', 'Saint Pierre and Miquelon', 'Pitcairn Islands', 'Puerto Rico', 'Palestine', 'Portugal', 'Palau', 'Paraguay', 'Qatar', 'Réunion', 'Romania', 'Serbia', 'Russia', 'Rwanda', 'Saudi Arabia', 'Solomon Islands', 'Seychelles', 'Sudan', 'Sweden', 'Singapore', 'Saint Helena', 'Slovenia', 'Svalbard and Jan Mayen', 'Slovakia', 'Sierra Leone', 'San Marino', 'Senegal', 'Somalia', 'Suriname', 'South Sudan', 'São Tomé and Príncipe', 'El Salvador', 'Sint Maarten', 'Syria', 'Eswatini', 'Turks and Caicos Islands', 'Chad', 'French Southern Territories', 'Togo', 'Thailand', 'Tajikistan', 'Tokelau', 'Timor-Leste', 'Turkmenistan', 'Tunisia', 'Tonga', 'Türkiye', 'Trinidad and Tobago', 'Tuvalu', 'Taiwan', 'Tanzania', 'Ukraine', 'Uganda', 'U.S. Outlying Islands', 'United States', 'Uruguay', 'Uzbekistan', 'Vatican City', 'St Vincent and Grenadines', 'Venezuela', 'British Virgin Islands', 'U.S. Virgin Islands', 'Vietnam', 'Vanuatu', 'Wallis and Futuna', 'Samoa', 'Kosovo', 'Yemen', 'Mayotte', 'South Africa', 'Zambia', 'Zimbabwe']
2025-01-30 14:07:58,169 - __main__ - INFO - Response time for the request: 0.07 seconds
2025-01-30 14:07:58,170 - __main__ - INFO - ----------------------------------------------------------------------------------------------------
2025-01-30 14:09:46,254 - __main__ - INFO - Request came to fetch all countries.
2025-01-30 14:09:46,386 - __main__ - INFO - response: ['Andorra', 'United Arab Emirates', 'Afghanistan', 'Antigua and Barbuda', 'Anguilla', 'Albania', 'Armenia', 'Angola', 'Antarctica', 'Argentina', 'American Samoa', 'Austria', 'Australia', 'Aruba', 'Åland', 'Azerbaijan', 'Bosnia and Herzegovina', 'Barbados', 'Bangladesh', 'Belgium', 'Burkina Faso', 'Bulgaria', 'Bahrain', 'Burundi', 'Benin', 'Saint Barthélemy', 'Bermuda', 'Brunei', 'Bolivia', 'Bonaire, Sint Eustatius, and Saba', 'Brazil', 'Bahamas', 'Bhutan', 'Bouvet Island', 'Botswana', 'Belarus', 'Belize', 'Canada', 'Cocos (Keeling) Islands', 'DR Congo', 'Central African Republic', 'Congo Republic', 'Switzerland', 'Ivory Coast', 'Cook Islands', 'Chile', 'Cameroon', 'China', 'Colombia', 'Costa Rica', 'Cuba', 'Cabo Verde', 'Curaçao', 'Christmas Island', 'Cyprus', 'Czechia', 'Germany', 'Djibouti', 'Denmark', 'Dominica', 'Dominican Republic', 'Algeria', 'Ecuador', 'Estonia', 'Egypt', 'Western Sahara', 'Eritrea', 'Spain', 'Ethiopia', 'Finland', 'Fiji', 'Falkland Islands', 'Micronesia', 'Faroe Islands', 'France', 'Gabon', 'United Kingdom', 'Grenada', 'Georgia', 'French Guiana', 'Guernsey', 'Ghana', 'Gibraltar', 'Greenland', 'The Gambia', 'Guinea', 'Guadeloupe', 'Equatorial Guinea', 'Greece', 'South Georgia and South Sandwich Islands', 'Guatemala', 'Guam', 'Guinea-Bissau', 'Guyana', 'Hong Kong', 'Heard and McDonald Islands', 'Honduras', 'Croatia', 'Haiti', 'Hungary', 'Indonesia', 'Ireland', 'Israel', 'Isle of Man', 'India', 'British Indian Ocean Territory', 'Iraq', 'Iran', 'Iceland', 'Italy', 'Jersey', 'Jamaica', 'Jordan', 'Japan', 'Kenya', 'Kyrgyzstan', 'Cambodia', 'Kiribati', 'Comoros', 'St Kitts and Nevis', 'North Korea', 'South Korea', 'Kuwait', 'Cayman Islands', 'Kazakhstan', 'Laos', 'Lebanon', 'Saint Lucia', 'Liechtenstein', 'Sri Lanka', 'Liberia', 'Lesotho', 'Lithuania', 'Luxembourg', 'Latvia', 'Libya', 'Morocco', 'Monaco', 'Moldova', 'Montenegro', 'Saint Martin', 'Madagascar', 'Marshall Islands', 'North Macedonia', 'Mali', 'Myanmar', 'Mongolia', 'Macao', 'Northern Mariana Islands', 'Martinique', 'Mauritania', 'Montserrat', 'Malta', 'Mauritius', 'Maldives', 'Malawi', 'Mexico', 'Malaysia', 'Mozambique', 'Namibia', 'New Caledonia', 'Niger', 'Norfolk Island', 'Nigeria', 'Nicaragua', 'The Netherlands', 'Norway', 'Nepal', 'Nauru', 'Niue', 'New Zealand', 'Oman', 'Panama', 'Peru', 'French Polynesia', 'Papua New Guinea', 'Philippines', 'Pakistan', 'Poland', 'Saint Pierre and Miquelon', 'Pitcairn Islands', 'Puerto Rico', 'Palestine', 'Portugal', 'Palau', 'Paraguay', 'Qatar', 'Réunion', 'Romania', 'Serbia', 'Russia', 'Rwanda', 'Saudi Arabia', 'Solomon Islands', 'Seychelles', 'Sudan', 'Sweden', 'Singapore', 'Saint Helena', 'Slovenia', 'Svalbard and Jan Mayen', 'Slovakia', 'Sierra Leone', 'San Marino', 'Senegal', 'Somalia', 'Suriname', 'South Sudan', 'São Tomé and Príncipe', 'El Salvador', 'Sint Maarten', 'Syria', 'Eswatini', 'Turks and Caicos Islands', 'Chad', 'French Southern Territories', 'Togo', 'Thailand', 'Tajikistan', 'Tokelau', 'Timor-Leste', 'Turkmenistan', 'Tunisia', 'Tonga', 'Türkiye', 'Trinidad and Tobago', 'Tuvalu', 'Taiwan', 'Tanzania', 'Ukraine', 'Uganda', 'U.S. Outlying Islands', 'United States', 'Uruguay', 'Uzbekistan', 'Vatican City', 'St Vincent and Grenadines', 'Venezuela', 'British Virgin Islands', 'U.S. Virgin Islands', 'Vietnam', 'Vanuatu', 'Wallis and Futuna', 'Samoa', 'Kosovo', 'Yemen', 'Mayotte', 'South Africa', 'Zambia', 'Zimbabwe']
2025-01-30 14:09:46,389 - __main__ - INFO - Response time for the request: 0.14 seconds
2025-01-30 14:09:46,390 - __main__ - INFO - ----------------------------------------------------------------------------------------------------
2025-01-30 14:09:46,519 - __main__ - INFO - Request came to fetch all countries.
2025-01-30 14:09:46,607 - __main__ - INFO - response: ['Andorra', 'United Arab Emirates', 'Afghanistan', 'Antigua and Barbuda', 'Anguilla', 'Albania', 'Armenia', 'Angola', 'Antarctica', 'Argentina', 'American Samoa', 'Austria', 'Australia', 'Aruba', 'Åland', 'Azerbaijan', 'Bosnia and Herzegovina', 'Barbados', 'Bangladesh', 'Belgium', 'Burkina Faso', 'Bulgaria', 'Bahrain', 'Burundi', 'Benin', 'Saint Barthélemy', 'Bermuda', 'Brunei', 'Bolivia', 'Bonaire, Sint Eustatius, and Saba', 'Brazil', 'Bahamas', 'Bhutan', 'Bouvet Island', 'Botswana', 'Belarus', 'Belize', 'Canada', 'Cocos (Keeling) Islands', 'DR Congo', 'Central African Republic', 'Congo Republic', 'Switzerland', 'Ivory Coast', 'Cook Islands', 'Chile', 'Cameroon', 'China', 'Colombia', 'Costa Rica', 'Cuba', 'Cabo Verde', 'Curaçao', 'Christmas Island', 'Cyprus', 'Czechia', 'Germany', 'Djibouti', 'Denmark', 'Dominica', 'Dominican Republic', 'Algeria', 'Ecuador', 'Estonia', 'Egypt', 'Western Sahara', 'Eritrea', 'Spain', 'Ethiopia', 'Finland', 'Fiji', 'Falkland Islands', 'Micronesia', 'Faroe Islands', 'France', 'Gabon', 'United Kingdom', 'Grenada', 'Georgia', 'French Guiana', 'Guernsey', 'Ghana', 'Gibraltar', 'Greenland', 'The Gambia', 'Guinea', 'Guadeloupe', 'Equatorial Guinea', 'Greece', 'South Georgia and South Sandwich Islands', 'Guatemala', 'Guam', 'Guinea-Bissau', 'Guyana', 'Hong Kong', 'Heard and McDonald Islands', 'Honduras', 'Croatia', 'Haiti', 'Hungary', 'Indonesia', 'Ireland', 'Israel', 'Isle of Man', 'India', 'British Indian Ocean Territory', 'Iraq', 'Iran', 'Iceland', 'Italy', 'Jersey', 'Jamaica', 'Jordan', 'Japan', 'Kenya', 'Kyrgyzstan', 'Cambodia', 'Kiribati', 'Comoros', 'St Kitts and Nevis', 'North Korea', 'South Korea', 'Kuwait', 'Cayman Islands', 'Kazakhstan', 'Laos', 'Lebanon', 'Saint Lucia', 'Liechtenstein', 'Sri Lanka', 'Liberia', 'Lesotho', 'Lithuania', 'Luxembourg', 'Latvia', 'Libya', 'Morocco', 'Monaco', 'Moldova', 'Montenegro', 'Saint Martin', 'Madagascar', 'Marshall Islands', 'North Macedonia', 'Mali', 'Myanmar', 'Mongolia', 'Macao', 'Northern Mariana Islands', 'Martinique', 'Mauritania', 'Montserrat', 'Malta', 'Mauritius', 'Maldives', 'Malawi', 'Mexico', 'Malaysia', 'Mozambique', 'Namibia', 'New Caledonia', 'Niger', 'Norfolk Island', 'Nigeria', 'Nicaragua', 'The Netherlands', 'Norway', 'Nepal', 'Nauru', 'Niue', 'New Zealand', 'Oman', 'Panama', 'Peru', 'French Polynesia', 'Papua New Guinea', 'Philippines', 'Pakistan', 'Poland', 'Saint Pierre and Miquelon', 'Pitcairn Islands', 'Puerto Rico', 'Palestine', 'Portugal', 'Palau', 'Paraguay', 'Qatar', 'Réunion', 'Romania', 'Serbia', 'Russia', 'Rwanda', 'Saudi Arabia', 'Solomon Islands', 'Seychelles', 'Sudan', 'Sweden', 'Singapore', 'Saint Helena', 'Slovenia', 'Svalbard and Jan Mayen', 'Slovakia', 'Sierra Leone', 'San Marino', 'Senegal', 'Somalia', 'Suriname', 'South Sudan', 'São Tomé and Príncipe', 'El Salvador', 'Sint Maarten', 'Syria', 'Eswatini', 'Turks and Caicos Islands', 'Chad', 'French Southern Territories', 'Togo', 'Thailand', 'Tajikistan', 'Tokelau', 'Timor-Leste', 'Turkmenistan', 'Tunisia', 'Tonga', 'Türkiye', 'Trinidad and Tobago', 'Tuvalu', 'Taiwan', 'Tanzania', 'Ukraine', 'Uganda', 'U.S. Outlying Islands', 'United States', 'Uruguay', 'Uzbekistan', 'Vatican City', 'St Vincent and Grenadines', 'Venezuela', 'British Virgin Islands', 'U.S. Virgin Islands', 'Vietnam', 'Vanuatu', 'Wallis and Futuna', 'Samoa', 'Kosovo', 'Yemen', 'Mayotte', 'South Africa', 'Zambia', 'Zimbabwe']
2025-01-30 14:09:46,610 - __main__ - INFO - Response time for the request: 0.09 seconds
2025-01-30 14:09:46,611 - __main__ - INFO - ----------------------------------------------------------------------------------------------------
2025-01-30 14:09:46,737 - __main__ - INFO - Request came to fetch all countries.
2025-01-30 14:09:46,822 - __main__ - INFO - response: ['Andorra', 'United Arab Emirates', 'Afghanistan', 'Antigua and Barbuda', 'Anguilla', 'Albania', 'Armenia', 'Angola', 'Antarctica', 'Argentina', 'American Samoa', 'Austria', 'Australia', 'Aruba', 'Åland', 'Azerbaijan', 'Bosnia and Herzegovina', 'Barbados', 'Bangladesh', 'Belgium', 'Burkina Faso', 'Bulgaria', 'Bahrain', 'Burundi', 'Benin', 'Saint Barthélemy', 'Bermuda', 'Brunei', 'Bolivia', 'Bonaire, Sint Eustatius, and Saba', 'Brazil', 'Bahamas', 'Bhutan', 'Bouvet Island', 'Botswana', 'Belarus', 'Belize', 'Canada', 'Cocos (Keeling) Islands', 'DR Congo', 'Central African Republic', 'Congo Republic', 'Switzerland', 'Ivory Coast', 'Cook Islands', 'Chile', 'Cameroon', 'China', 'Colombia', 'Costa Rica', 'Cuba', 'Cabo Verde', 'Curaçao', 'Christmas Island', 'Cyprus', 'Czechia', 'Germany', 'Djibouti', 'Denmark', 'Dominica', 'Dominican Republic', 'Algeria', 'Ecuador', 'Estonia', 'Egypt', 'Western Sahara', 'Eritrea', 'Spain', 'Ethiopia', 'Finland', 'Fiji', 'Falkland Islands', 'Micronesia', 'Faroe Islands', 'France', 'Gabon', 'United Kingdom', 'Grenada', 'Georgia', 'French Guiana', 'Guernsey', 'Ghana', 'Gibraltar', 'Greenland', 'The Gambia', 'Guinea', 'Guadeloupe', 'Equatorial Guinea', 'Greece', 'South Georgia and South Sandwich Islands', 'Guatemala', 'Guam', 'Guinea-Bissau', 'Guyana', 'Hong Kong', 'Heard and McDonald Islands', 'Honduras', 'Croatia', 'Haiti', 'Hungary', 'Indonesia', 'Ireland', 'Israel', 'Isle of Man', 'India', 'British Indian Ocean Territory', 'Iraq', 'Iran', 'Iceland', 'Italy', 'Jersey', 'Jamaica', 'Jordan', 'Japan', 'Kenya', 'Kyrgyzstan', 'Cambodia', 'Kiribati', 'Comoros', 'St Kitts and Nevis', 'North Korea', 'South Korea', 'Kuwait', 'Cayman Islands', 'Kazakhstan', 'Laos', 'Lebanon', 'Saint Lucia', 'Liechtenstein', 'Sri Lanka', 'Liberia', 'Lesotho', 'Lithuania', 'Luxembourg', 'Latvia', 'Libya', 'Morocco', 'Monaco', 'Moldova', 'Montenegro', 'Saint Martin', 'Madagascar', 'Marshall Islands', 'North Macedonia', 'Mali', 'Myanmar', 'Mongolia', 'Macao', 'Northern Mariana Islands', 'Martinique', 'Mauritania', 'Montserrat', 'Malta', 'Mauritius', 'Maldives', 'Malawi', 'Mexico', 'Malaysia', 'Mozambique', 'Namibia', 'New Caledonia', 'Niger', 'Norfolk Island', 'Nigeria', 'Nicaragua', 'The Netherlands', 'Norway', 'Nepal', 'Nauru', 'Niue', 'New Zealand', 'Oman', 'Panama', 'Peru', 'French Polynesia', 'Papua New Guinea', 'Philippines', 'Pakistan', 'Poland', 'Saint Pierre and Miquelon', 'Pitcairn Islands', 'Puerto Rico', 'Palestine', 'Portugal', 'Palau', 'Paraguay', 'Qatar', 'Réunion', 'Romania', 'Serbia', 'Russia', 'Rwanda', 'Saudi Arabia', 'Solomon Islands', 'Seychelles', 'Sudan', 'Sweden', 'Singapore', 'Saint Helena', 'Slovenia', 'Svalbard and Jan Mayen', 'Slovakia', 'Sierra Leone', 'San Marino', 'Senegal', 'Somalia', 'Suriname', 'South Sudan', 'São Tomé and Príncipe', 'El Salvador', 'Sint Maarten', 'Syria', 'Eswatini', 'Turks and Caicos Islands', 'Chad', 'French Southern Territories', 'Togo', 'Thailand', 'Tajikistan', 'Tokelau', 'Timor-Leste', 'Turkmenistan', 'Tunisia', 'Tonga', 'Türkiye', 'Trinidad and Tobago', 'Tuvalu', 'Taiwan', 'Tanzania', 'Ukraine', 'Uganda', 'U.S. Outlying Islands', 'United States', 'Uruguay', 'Uzbekistan', 'Vatican City', 'St Vincent and Grenadines', 'Venezuela', 'British Virgin Islands', 'U.S. Virgin Islands', 'Vietnam', 'Vanuatu', 'Wallis and Futuna', 'Samoa', 'Kosovo', 'Yemen', 'Mayotte', 'South Africa', 'Zambia', 'Zimbabwe']
2025-01-30 14:09:46,826 - __main__ - INFO - Response time for the request: 0.09 seconds
2025-01-30 14:09:46,826 - __main__ - INFO - ----------------------------------------------------------------------------------------------------
2025-01-30 14:09:47,134 - __main__ - INFO - Request came to fetch all countries.
2025-01-30 14:09:47,334 - __main__ - INFO - response: ['Andorra', 'United Arab Emirates', 'Afghanistan', 'Antigua and Barbuda', 'Anguilla', 'Albania', 'Armenia', 'Angola', 'Antarctica', 'Argentina', 'American Samoa', 'Austria', 'Australia', 'Aruba', 'Åland', 'Azerbaijan', 'Bosnia and Herzegovina', 'Barbados', 'Bangladesh', 'Belgium', 'Burkina Faso', 'Bulgaria', 'Bahrain', 'Burundi', 'Benin', 'Saint Barthélemy', 'Bermuda', 'Brunei', 'Bolivia', 'Bonaire, Sint Eustatius, and Saba', 'Brazil', 'Bahamas', 'Bhutan', 'Bouvet Island', 'Botswana', 'Belarus', 'Belize', 'Canada', 'Cocos (Keeling) Islands', 'DR Congo', 'Central African Republic', 'Congo Republic', 'Switzerland', 'Ivory Coast', 'Cook Islands', 'Chile', 'Cameroon', 'China', 'Colombia', 'Costa Rica', 'Cuba', 'Cabo Verde', 'Curaçao', 'Christmas Island', 'Cyprus', 'Czechia', 'Germany', 'Djibouti', 'Denmark', 'Dominica', 'Dominican Republic', 'Algeria', 'Ecuador', 'Estonia', 'Egypt', 'Western Sahara', 'Eritrea', 'Spain', 'Ethiopia', 'Finland', 'Fiji', 'Falkland Islands', 'Micronesia', 'Faroe Islands', 'France', 'Gabon', 'United Kingdom', 'Grenada', 'Georgia', 'French Guiana', 'Guernsey', 'Ghana', 'Gibraltar', 'Greenland', 'The Gambia', 'Guinea', 'Guadeloupe', 'Equatorial Guinea', 'Greece', 'South Georgia and South Sandwich Islands', 'Guatemala', 'Guam', 'Guinea-Bissau', 'Guyana', 'Hong Kong', 'Heard and McDonald Islands', 'Honduras', 'Croatia', 'Haiti', 'Hungary', 'Indonesia', 'Ireland', 'Israel', 'Isle of Man', 'India', 'British Indian Ocean Territory', 'Iraq', 'Iran', 'Iceland', 'Italy', 'Jersey', 'Jamaica', 'Jordan', 'Japan', 'Kenya', 'Kyrgyzstan', 'Cambodia', 'Kiribati', 'Comoros', 'St Kitts and Nevis', 'North Korea', 'South Korea', 'Kuwait', 'Cayman Islands', 'Kazakhstan', 'Laos', 'Lebanon', 'Saint Lucia', 'Liechtenstein', 'Sri Lanka', 'Liberia', 'Lesotho', 'Lithuania', 'Luxembourg', 'Latvia', 'Libya', 'Morocco', 'Monaco', 'Moldova', 'Montenegro', 'Saint Martin', 'Madagascar', 'Marshall Islands', 'North Macedonia', 'Mali', 'Myanmar', 'Mongolia', 'Macao', 'Northern Mariana Islands', 'Martinique', 'Mauritania', 'Montserrat', 'Malta', 'Mauritius', 'Maldives', 'Malawi', 'Mexico', 'Malaysia', 'Mozambique', 'Namibia', 'New Caledonia', 'Niger', 'Norfolk Island', 'Nigeria', 'Nicaragua', 'The Netherlands', 'Norway', 'Nepal', 'Nauru', 'Niue', 'New Zealand', 'Oman', 'Panama', 'Peru', 'French Polynesia', 'Papua New Guinea', 'Philippines', 'Pakistan', 'Poland', 'Saint Pierre and Miquelon', 'Pitcairn Islands', 'Puerto Rico', 'Palestine', 'Portugal', 'Palau', 'Paraguay', 'Qatar', 'Réunion', 'Romania', 'Serbia', 'Russia', 'Rwanda', 'Saudi Arabia', 'Solomon Islands', 'Seychelles', 'Sudan', 'Sweden', 'Singapore', 'Saint Helena', 'Slovenia', 'Svalbard and Jan Mayen', 'Slovakia', 'Sierra Leone', 'San Marino', 'Senegal', 'Somalia', 'Suriname', 'South Sudan', 'São Tomé and Príncipe', 'El Salvador', 'Sint Maarten', 'Syria', 'Eswatini', 'Turks and Caicos Islands', 'Chad', 'French Southern Territories', 'Togo', 'Thailand', 'Tajikistan', 'Tokelau', 'Timor-Leste', 'Turkmenistan', 'Tunisia', 'Tonga', 'Türkiye', 'Trinidad and Tobago', 'Tuvalu', 'Taiwan', 'Tanzania', 'Ukraine', 'Uganda', 'U.S. Outlying Islands', 'United States', 'Uruguay', 'Uzbekistan', 'Vatican City', 'St Vincent and Grenadines', 'Venezuela', 'British Virgin Islands', 'U.S. Virgin Islands', 'Vietnam', 'Vanuatu', 'Wallis and Futuna', 'Samoa', 'Kosovo', 'Yemen', 'Mayotte', 'South Africa', 'Zambia', 'Zimbabwe']
2025-01-30 14:09:47,339 - __main__ - INFO - Response time for the request: 0.21 seconds
2025-01-30 14:09:47,340 - __main__ - INFO - ----------------------------------------------------------------------------------------------------
2025-01-30 14:09:47,645 - __main__ - INFO - Request came to fetch all countries.
2025-01-30 14:09:47,722 - __main__ - INFO - response: ['Andorra', 'United Arab Emirates', 'Afghanistan', 'Antigua and Barbuda', 'Anguilla', 'Albania', 'Armenia', 'Angola', 'Antarctica', 'Argentina', 'American Samoa', 'Austria', 'Australia', 'Aruba', 'Åland', 'Azerbaijan', 'Bosnia and Herzegovina', 'Barbados', 'Bangladesh', 'Belgium', 'Burkina Faso', 'Bulgaria', 'Bahrain', 'Burundi', 'Benin', 'Saint Barthélemy', 'Bermuda', 'Brunei', 'Bolivia', 'Bonaire, Sint Eustatius, and Saba', 'Brazil', 'Bahamas', 'Bhutan', 'Bouvet Island', 'Botswana', 'Belarus', 'Belize', 'Canada', 'Cocos (Keeling) Islands', 'DR Congo', 'Central African Republic', 'Congo Republic', 'Switzerland', 'Ivory Coast', 'Cook Islands', 'Chile', 'Cameroon', 'China', 'Colombia', 'Costa Rica', 'Cuba', 'Cabo Verde', 'Curaçao', 'Christmas Island', 'Cyprus', 'Czechia', 'Germany', 'Djibouti', 'Denmark', 'Dominica', 'Dominican Republic', 'Algeria', 'Ecuador', 'Estonia', 'Egypt', 'Western Sahara', 'Eritrea', 'Spain', 'Ethiopia', 'Finland', 'Fiji', 'Falkland Islands', 'Micronesia', 'Faroe Islands', 'France', 'Gabon', 'United Kingdom', 'Grenada', 'Georgia', 'French Guiana', 'Guernsey', 'Ghana', 'Gibraltar', 'Greenland', 'The Gambia', 'Guinea', 'Guadeloupe', 'Equatorial Guinea', 'Greece', 'South Georgia and South Sandwich Islands', 'Guatemala', 'Guam', 'Guinea-Bissau', 'Guyana', 'Hong Kong', 'Heard and McDonald Islands', 'Honduras', 'Croatia', 'Haiti', 'Hungary', 'Indonesia', 'Ireland', 'Israel', 'Isle of Man', 'India', 'British Indian Ocean Territory', 'Iraq', 'Iran', 'Iceland', 'Italy', 'Jersey', 'Jamaica', 'Jordan', 'Japan', 'Kenya', 'Kyrgyzstan', 'Cambodia', 'Kiribati', 'Comoros', 'St Kitts and Nevis', 'North Korea', 'South Korea', 'Kuwait', 'Cayman Islands', 'Kazakhstan', 'Laos', 'Lebanon', 'Saint Lucia', 'Liechtenstein', 'Sri Lanka', 'Liberia', 'Lesotho', 'Lithuania', 'Luxembourg', 'Latvia', 'Libya', 'Morocco', 'Monaco', 'Moldova', 'Montenegro', 'Saint Martin', 'Madagascar', 'Marshall Islands', 'North Macedonia', 'Mali', 'Myanmar', 'Mongolia', 'Macao', 'Northern Mariana Islands', 'Martinique', 'Mauritania', 'Montserrat', 'Malta', 'Mauritius', 'Maldives', 'Malawi', 'Mexico', 'Malaysia', 'Mozambique', 'Namibia', 'New Caledonia', 'Niger', 'Norfolk Island', 'Nigeria', 'Nicaragua', 'The Netherlands', 'Norway', 'Nepal', 'Nauru', 'Niue', 'New Zealand', 'Oman', 'Panama', 'Peru', 'French Polynesia', 'Papua New Guinea', 'Philippines', 'Pakistan', 'Poland', 'Saint Pierre and Miquelon', 'Pitcairn Islands', 'Puerto Rico', 'Palestine', 'Portugal', 'Palau', 'Paraguay', 'Qatar', 'Réunion', 'Romania', 'Serbia', 'Russia', 'Rwanda', 'Saudi Arabia', 'Solomon Islands', 'Seychelles', 'Sudan', 'Sweden', 'Singapore', 'Saint Helena', 'Slovenia', 'Svalbard and Jan Mayen', 'Slovakia', 'Sierra Leone', 'San Marino', 'Senegal', 'Somalia', 'Suriname', 'South Sudan', 'São Tomé and Príncipe', 'El Salvador', 'Sint Maarten', 'Syria', 'Eswatini', 'Turks and Caicos Islands', 'Chad', 'French Southern Territories', 'Togo', 'Thailand', 'Tajikistan', 'Tokelau', 'Timor-Leste', 'Turkmenistan', 'Tunisia', 'Tonga', 'Türkiye', 'Trinidad and Tobago', 'Tuvalu', 'Taiwan', 'Tanzania', 'Ukraine', 'Uganda', 'U.S. Outlying Islands', 'United States', 'Uruguay', 'Uzbekistan', 'Vatican City', 'St Vincent and Grenadines', 'Venezuela', 'British Virgin Islands', 'U.S. Virgin Islands', 'Vietnam', 'Vanuatu', 'Wallis and Futuna', 'Samoa', 'Kosovo', 'Yemen', 'Mayotte', 'South Africa', 'Zambia', 'Zimbabwe']
2025-01-30 14:09:47,727 - __main__ - INFO - Response time for the request: 0.08 seconds
2025-01-30 14:09:47,727 - __main__ - INFO - ----------------------------------------------------------------------------------------------------
2025-01-30 14:09:48,035 - __main__ - INFO - Request came to fetch all countries.
2025-01-30 14:09:48,111 - __main__ - INFO - response: ['Andorra', 'United Arab Emirates', 'Afghanistan', 'Antigua and Barbuda', 'Anguilla', 'Albania', 'Armenia', 'Angola', 'Antarctica', 'Argentina', 'American Samoa', 'Austria', 'Australia', 'Aruba', 'Åland', 'Azerbaijan', 'Bosnia and Herzegovina', 'Barbados', 'Bangladesh', 'Belgium', 'Burkina Faso', 'Bulgaria', 'Bahrain', 'Burundi', 'Benin', 'Saint Barthélemy', 'Bermuda', 'Brunei', 'Bolivia', 'Bonaire, Sint Eustatius, and Saba', 'Brazil', 'Bahamas', 'Bhutan', 'Bouvet Island', 'Botswana', 'Belarus', 'Belize', 'Canada', 'Cocos (Keeling) Islands', 'DR Congo', 'Central African Republic', 'Congo Republic', 'Switzerland', 'Ivory Coast', 'Cook Islands', 'Chile', 'Cameroon', 'China', 'Colombia', 'Costa Rica', 'Cuba', 'Cabo Verde', 'Curaçao', 'Christmas Island', 'Cyprus', 'Czechia', 'Germany', 'Djibouti', 'Denmark', 'Dominica', 'Dominican Republic', 'Algeria', 'Ecuador', 'Estonia', 'Egypt', 'Western Sahara', 'Eritrea', 'Spain', 'Ethiopia', 'Finland', 'Fiji', 'Falkland Islands', 'Micronesia', 'Faroe Islands', 'France', 'Gabon', 'United Kingdom', 'Grenada', 'Georgia', 'French Guiana', 'Guernsey', 'Ghana', 'Gibraltar', 'Greenland', 'The Gambia', 'Guinea', 'Guadeloupe', 'Equatorial Guinea', 'Greece', 'South Georgia and South Sandwich Islands', 'Guatemala', 'Guam', 'Guinea-Bissau', 'Guyana', 'Hong Kong', 'Heard and McDonald Islands', 'Honduras', 'Croatia', 'Haiti', 'Hungary', 'Indonesia', 'Ireland', 'Israel', 'Isle of Man', 'India', 'British Indian Ocean Territory', 'Iraq', 'Iran', 'Iceland', 'Italy', 'Jersey', 'Jamaica', 'Jordan', 'Japan', 'Kenya', 'Kyrgyzstan', 'Cambodia', 'Kiribati', 'Comoros', 'St Kitts and Nevis', 'North Korea', 'South Korea', 'Kuwait', 'Cayman Islands', 'Kazakhstan', 'Laos', 'Lebanon', 'Saint Lucia', 'Liechtenstein', 'Sri Lanka', 'Liberia', 'Lesotho', 'Lithuania', 'Luxembourg', 'Latvia', 'Libya', 'Morocco', 'Monaco', 'Moldova', 'Montenegro', 'Saint Martin', 'Madagascar', 'Marshall Islands', 'North Macedonia', 'Mali', 'Myanmar', 'Mongolia', 'Macao', 'Northern Mariana Islands', 'Martinique', 'Mauritania', 'Montserrat', 'Malta', 'Mauritius', 'Maldives', 'Malawi', 'Mexico', 'Malaysia', 'Mozambique', 'Namibia', 'New Caledonia', 'Niger', 'Norfolk Island', 'Nigeria', 'Nicaragua', 'The Netherlands', 'Norway', 'Nepal', 'Nauru', 'Niue', 'New Zealand', 'Oman', 'Panama', 'Peru', 'French Polynesia', 'Papua New Guinea', 'Philippines', 'Pakistan', 'Poland', 'Saint Pierre and Miquelon', 'Pitcairn Islands', 'Puerto Rico', 'Palestine', 'Portugal', 'Palau', 'Paraguay', 'Qatar', 'Réunion', 'Romania', 'Serbia', 'Russia', 'Rwanda', 'Saudi Arabia', 'Solomon Islands', 'Seychelles', 'Sudan', 'Sweden', 'Singapore', 'Saint Helena', 'Slovenia', 'Svalbard and Jan Mayen', 'Slovakia', 'Sierra Leone', 'San Marino', 'Senegal', 'Somalia', 'Suriname', 'South Sudan', 'São Tomé and Príncipe', 'El Salvador', 'Sint Maarten', 'Syria', 'Eswatini', 'Turks and Caicos Islands', 'Chad', 'French Southern Territories', 'Togo', 'Thailand', 'Tajikistan', 'Tokelau', 'Timor-Leste', 'Turkmenistan', 'Tunisia', 'Tonga', 'Türkiye', 'Trinidad and Tobago', 'Tuvalu', 'Taiwan', 'Tanzania', 'Ukraine', 'Uganda', 'U.S. Outlying Islands', 'United States', 'Uruguay', 'Uzbekistan', 'Vatican City', 'St Vincent and Grenadines', 'Venezuela', 'British Virgin Islands', 'U.S. Virgin Islands', 'Vietnam', 'Vanuatu', 'Wallis and Futuna', 'Samoa', 'Kosovo', 'Yemen', 'Mayotte', 'South Africa', 'Zambia', 'Zimbabwe']
2025-01-30 14:09:48,119 - __main__ - INFO - Response time for the request: 0.08 seconds
2025-01-30 14:09:48,119 - __main__ - INFO - ----------------------------------------------------------------------------------------------------
2025-01-30 14:09:48,436 - __main__ - INFO - Request came to fetch all countries.
2025-01-30 14:09:48,512 - __main__ - INFO - response: ['Andorra', 'United Arab Emirates', 'Afghanistan', 'Antigua and Barbuda', 'Anguilla', 'Albania', 'Armenia', 'Angola', 'Antarctica', 'Argentina', 'American Samoa', 'Austria', 'Australia', 'Aruba', 'Åland', 'Azerbaijan', 'Bosnia and Herzegovina', 'Barbados', 'Bangladesh', 'Belgium', 'Burkina Faso', 'Bulgaria', 'Bahrain', 'Burundi', 'Benin', 'Saint Barthélemy', 'Bermuda', 'Brunei', 'Bolivia', 'Bonaire, Sint Eustatius, and Saba', 'Brazil', 'Bahamas', 'Bhutan', 'Bouvet Island', 'Botswana', 'Belarus', 'Belize', 'Canada', 'Cocos (Keeling) Islands', 'DR Congo', 'Central African Republic', 'Congo Republic', 'Switzerland', 'Ivory Coast', 'Cook Islands', 'Chile', 'Cameroon', 'China', 'Colombia', 'Costa Rica', 'Cuba', 'Cabo Verde', 'Curaçao', 'Christmas Island', 'Cyprus', 'Czechia', 'Germany', 'Djibouti', 'Denmark', 'Dominica', 'Dominican Republic', 'Algeria', 'Ecuador', 'Estonia', 'Egypt', 'Western Sahara', 'Eritrea', 'Spain', 'Ethiopia', 'Finland', 'Fiji', 'Falkland Islands', 'Micronesia', 'Faroe Islands', 'France', 'Gabon', 'United Kingdom', 'Grenada', 'Georgia', 'French Guiana', 'Guernsey', 'Ghana', 'Gibraltar', 'Greenland', 'The Gambia', 'Guinea', 'Guadeloupe', 'Equatorial Guinea', 'Greece', 'South Georgia and South Sandwich Islands', 'Guatemala', 'Guam', 'Guinea-Bissau', 'Guyana', 'Hong Kong', 'Heard and McDonald Islands', 'Honduras', 'Croatia', 'Haiti', 'Hungary', 'Indonesia', 'Ireland', 'Israel', 'Isle of Man', 'India', 'British Indian Ocean Territory', 'Iraq', 'Iran', 'Iceland', 'Italy', 'Jersey', 'Jamaica', 'Jordan', 'Japan', 'Kenya', 'Kyrgyzstan', 'Cambodia', 'Kiribati', 'Comoros', 'St Kitts and Nevis', 'North Korea', 'South Korea', 'Kuwait', 'Cayman Islands', 'Kazakhstan', 'Laos', 'Lebanon', 'Saint Lucia', 'Liechtenstein', 'Sri Lanka', 'Liberia', 'Lesotho', 'Lithuania', 'Luxembourg', 'Latvia', 'Libya', 'Morocco', 'Monaco', 'Moldova', 'Montenegro', 'Saint Martin', 'Madagascar', 'Marshall Islands', 'North Macedonia', 'Mali', 'Myanmar', 'Mongolia', 'Macao', 'Northern Mariana Islands', 'Martinique', 'Mauritania', 'Montserrat', 'Malta', 'Mauritius', 'Maldives', 'Malawi', 'Mexico', 'Malaysia', 'Mozambique', 'Namibia', 'New Caledonia', 'Niger', 'Norfolk Island', 'Nigeria', 'Nicaragua', 'The Netherlands', 'Norway', 'Nepal', 'Nauru', 'Niue', 'New Zealand', 'Oman', 'Panama', 'Peru', 'French Polynesia', 'Papua New Guinea', 'Philippines', 'Pakistan', 'Poland', 'Saint Pierre and Miquelon', 'Pitcairn Islands', 'Puerto Rico', 'Palestine', 'Portugal', 'Palau', 'Paraguay', 'Qatar', 'Réunion', 'Romania', 'Serbia', 'Russia', 'Rwanda', 'Saudi Arabia', 'Solomon Islands', 'Seychelles', 'Sudan', 'Sweden', 'Singapore', 'Saint Helena', 'Slovenia', 'Svalbard and Jan Mayen', 'Slovakia', 'Sierra Leone', 'San Marino', 'Senegal', 'Somalia', 'Suriname', 'South Sudan', 'São Tomé and Príncipe', 'El Salvador', 'Sint Maarten', 'Syria', 'Eswatini', 'Turks and Caicos Islands', 'Chad', 'French Southern Territories', 'Togo', 'Thailand', 'Tajikistan', 'Tokelau', 'Timor-Leste', 'Turkmenistan', 'Tunisia', 'Tonga', 'Türkiye', 'Trinidad and Tobago', 'Tuvalu', 'Taiwan', 'Tanzania', 'Ukraine', 'Uganda', 'U.S. Outlying Islands', 'United States', 'Uruguay', 'Uzbekistan', 'Vatican City', 'St Vincent and Grenadines', 'Venezuela', 'British Virgin Islands', 'U.S. Virgin Islands', 'Vietnam', 'Vanuatu', 'Wallis and Futuna', 'Samoa', 'Kosovo', 'Yemen', 'Mayotte', 'South Africa', 'Zambia', 'Zimbabwe']
2025-01-30 14:09:48,520 - __main__ - INFO - Response time for the request: 0.08 seconds
2025-01-30 14:09:48,521 - __main__ - INFO - ----------------------------------------------------------------------------------------------------
2025-01-30 14:09:48,833 - __main__ - INFO - Request came to fetch all countries.
2025-01-30 14:09:48,917 - __main__ - INFO - response: ['Andorra', 'United Arab Emirates', 'Afghanistan', 'Antigua and Barbuda', 'Anguilla', 'Albania', 'Armenia', 'Angola', 'Antarctica', 'Argentina', 'American Samoa', 'Austria', 'Australia', 'Aruba', 'Åland', 'Azerbaijan', 'Bosnia and Herzegovina', 'Barbados', 'Bangladesh', 'Belgium', 'Burkina Faso', 'Bulgaria', 'Bahrain', 'Burundi', 'Benin', 'Saint Barthélemy', 'Bermuda', 'Brunei', 'Bolivia', 'Bonaire, Sint Eustatius, and Saba', 'Brazil', 'Bahamas', 'Bhutan', 'Bouvet Island', 'Botswana', 'Belarus', 'Belize', 'Canada', 'Cocos (Keeling) Islands', 'DR Congo', 'Central African Republic', 'Congo Republic', 'Switzerland', 'Ivory Coast', 'Cook Islands', 'Chile', 'Cameroon', 'China', 'Colombia', 'Costa Rica', 'Cuba', 'Cabo Verde', 'Curaçao', 'Christmas Island', 'Cyprus', 'Czechia', 'Germany', 'Djibouti', 'Denmark', 'Dominica', 'Dominican Republic', 'Algeria', 'Ecuador', 'Estonia', 'Egypt', 'Western Sahara', 'Eritrea', 'Spain', 'Ethiopia', 'Finland', 'Fiji', 'Falkland Islands', 'Micronesia', 'Faroe Islands', 'France', 'Gabon', 'United Kingdom', 'Grenada', 'Georgia', 'French Guiana', 'Guernsey', 'Ghana', 'Gibraltar', 'Greenland', 'The Gambia', 'Guinea', 'Guadeloupe', 'Equatorial Guinea', 'Greece', 'South Georgia and South Sandwich Islands', 'Guatemala', 'Guam', 'Guinea-Bissau', 'Guyana', 'Hong Kong', 'Heard and McDonald Islands', 'Honduras', 'Croatia', 'Haiti', 'Hungary', 'Indonesia', 'Ireland', 'Israel', 'Isle of Man', 'India', 'British Indian Ocean Territory', 'Iraq', 'Iran', 'Iceland', 'Italy', 'Jersey', 'Jamaica', 'Jordan', 'Japan', 'Kenya', 'Kyrgyzstan', 'Cambodia', 'Kiribati', 'Comoros', 'St Kitts and Nevis', 'North Korea', 'South Korea', 'Kuwait', 'Cayman Islands', 'Kazakhstan', 'Laos', 'Lebanon', 'Saint Lucia', 'Liechtenstein', 'Sri Lanka', 'Liberia', 'Lesotho', 'Lithuania', 'Luxembourg', 'Latvia', 'Libya', 'Morocco', 'Monaco', 'Moldova', 'Montenegro', 'Saint Martin', 'Madagascar', 'Marshall Islands', 'North Macedonia', 'Mali', 'Myanmar', 'Mongolia', 'Macao', 'Northern Mariana Islands', 'Martinique', 'Mauritania', 'Montserrat', 'Malta', 'Mauritius', 'Maldives', 'Malawi', 'Mexico', 'Malaysia', 'Mozambique', 'Namibia', 'New Caledonia', 'Niger', 'Norfolk Island', 'Nigeria', 'Nicaragua', 'The Netherlands', 'Norway', 'Nepal', 'Nauru', 'Niue', 'New Zealand', 'Oman', 'Panama', 'Peru', 'French Polynesia', 'Papua New Guinea', 'Philippines', 'Pakistan', 'Poland', 'Saint Pierre and Miquelon', 'Pitcairn Islands', 'Puerto Rico', 'Palestine', 'Portugal', 'Palau', 'Paraguay', 'Qatar', 'Réunion', 'Romania', 'Serbia', 'Russia', 'Rwanda', 'Saudi Arabia', 'Solomon Islands', 'Seychelles', 'Sudan', 'Sweden', 'Singapore', 'Saint Helena', 'Slovenia', 'Svalbard and Jan Mayen', 'Slovakia', 'Sierra Leone', 'San Marino', 'Senegal', 'Somalia', 'Suriname', 'South Sudan', 'São Tomé and Príncipe', 'El Salvador', 'Sint Maarten', 'Syria', 'Eswatini', 'Turks and Caicos Islands', 'Chad', 'French Southern Territories', 'Togo', 'Thailand', 'Tajikistan', 'Tokelau', 'Timor-Leste', 'Turkmenistan', 'Tunisia', 'Tonga', 'Türkiye', 'Trinidad and Tobago', 'Tuvalu', 'Taiwan', 'Tanzania', 'Ukraine', 'Uganda', 'U.S. Outlying Islands', 'United States', 'Uruguay', 'Uzbekistan', 'Vatican City', 'St Vincent and Grenadines', 'Venezuela', 'British Virgin Islands', 'U.S. Virgin Islands', 'Vietnam', 'Vanuatu', 'Wallis and Futuna', 'Samoa', 'Kosovo', 'Yemen', 'Mayotte', 'South Africa', 'Zambia', 'Zimbabwe']
2025-01-30 14:09:48,922 - __main__ - INFO - Response time for the request: 0.09 seconds
2025-01-30 14:09:48,922 - __main__ - INFO - ----------------------------------------------------------------------------------------------------
2025-01-30 14:09:49,238 - __main__ - INFO - Request came to fetch all countries.
2025-01-30 14:09:49,318 - __main__ - INFO - response: ['Andorra', 'United Arab Emirates', 'Afghanistan', 'Antigua and Barbuda', 'Anguilla', 'Albania', 'Armenia', 'Angola', 'Antarctica', 'Argentina', 'American Samoa', 'Austria', 'Australia', 'Aruba', 'Åland', 'Azerbaijan', 'Bosnia and Herzegovina', 'Barbados', 'Bangladesh', 'Belgium', 'Burkina Faso', 'Bulgaria', 'Bahrain', 'Burundi', 'Benin', 'Saint Barthélemy', 'Bermuda', 'Brunei', 'Bolivia', 'Bonaire, Sint Eustatius, and Saba', 'Brazil', 'Bahamas', 'Bhutan', 'Bouvet Island', 'Botswana', 'Belarus', 'Belize', 'Canada', 'Cocos (Keeling) Islands', 'DR Congo', 'Central African Republic', 'Congo Republic', 'Switzerland', 'Ivory Coast', 'Cook Islands', 'Chile', 'Cameroon', 'China', 'Colombia', 'Costa Rica', 'Cuba', 'Cabo Verde', 'Curaçao', 'Christmas Island', 'Cyprus', 'Czechia', 'Germany', 'Djibouti', 'Denmark', 'Dominica', 'Dominican Republic', 'Algeria', 'Ecuador', 'Estonia', 'Egypt', 'Western Sahara', 'Eritrea', 'Spain', 'Ethiopia', 'Finland', 'Fiji', 'Falkland Islands', 'Micronesia', 'Faroe Islands', 'France', 'Gabon', 'United Kingdom', 'Grenada', 'Georgia', 'French Guiana', 'Guernsey', 'Ghana', 'Gibraltar', 'Greenland', 'The Gambia', 'Guinea', 'Guadeloupe', 'Equatorial Guinea', 'Greece', 'South Georgia and South Sandwich Islands', 'Guatemala', 'Guam', 'Guinea-Bissau', 'Guyana', 'Hong Kong', 'Heard and McDonald Islands', 'Honduras', 'Croatia', 'Haiti', 'Hungary', 'Indonesia', 'Ireland', 'Israel', 'Isle of Man', 'India', 'British Indian Ocean Territory', 'Iraq', 'Iran', 'Iceland', 'Italy', 'Jersey', 'Jamaica', 'Jordan', 'Japan', 'Kenya', 'Kyrgyzstan', 'Cambodia', 'Kiribati', 'Comoros', 'St Kitts and Nevis', 'North Korea', 'South Korea', 'Kuwait', 'Cayman Islands', 'Kazakhstan', 'Laos', 'Lebanon', 'Saint Lucia', 'Liechtenstein', 'Sri Lanka', 'Liberia', 'Lesotho', 'Lithuania', 'Luxembourg', 'Latvia', 'Libya', 'Morocco', 'Monaco', 'Moldova', 'Montenegro', 'Saint Martin', 'Madagascar', 'Marshall Islands', 'North Macedonia', 'Mali', 'Myanmar', 'Mongolia', 'Macao', 'Northern Mariana Islands', 'Martinique', 'Mauritania', 'Montserrat', 'Malta', 'Mauritius', 'Maldives', 'Malawi', 'Mexico', 'Malaysia', 'Mozambique', 'Namibia', 'New Caledonia', 'Niger', 'Norfolk Island', 'Nigeria', 'Nicaragua', 'The Netherlands', 'Norway', 'Nepal', 'Nauru', 'Niue', 'New Zealand', 'Oman', 'Panama', 'Peru', 'French Polynesia', 'Papua New Guinea', 'Philippines', 'Pakistan', 'Poland', 'Saint Pierre and Miquelon', 'Pitcairn Islands', 'Puerto Rico', 'Palestine', 'Portugal', 'Palau', 'Paraguay', 'Qatar', 'Réunion', 'Romania', 'Serbia', 'Russia', 'Rwanda', 'Saudi Arabia', 'Solomon Islands', 'Seychelles', 'Sudan', 'Sweden', 'Singapore', 'Saint Helena', 'Slovenia', 'Svalbard and Jan Mayen', 'Slovakia', 'Sierra Leone', 'San Marino', 'Senegal', 'Somalia', 'Suriname', 'South Sudan', 'São Tomé and Príncipe', 'El Salvador', 'Sint Maarten', 'Syria', 'Eswatini', 'Turks and Caicos Islands', 'Chad', 'French Southern Territories', 'Togo', 'Thailand', 'Tajikistan', 'Tokelau', 'Timor-Leste', 'Turkmenistan', 'Tunisia', 'Tonga', 'Türkiye', 'Trinidad and Tobago', 'Tuvalu', 'Taiwan', 'Tanzania', 'Ukraine', 'Uganda', 'U.S. Outlying Islands', 'United States', 'Uruguay', 'Uzbekistan', 'Vatican City', 'St Vincent and Grenadines', 'Venezuela', 'British Virgin Islands', 'U.S. Virgin Islands', 'Vietnam', 'Vanuatu', 'Wallis and Futuna', 'Samoa', 'Kosovo', 'Yemen', 'Mayotte', 'South Africa', 'Zambia', 'Zimbabwe']
2025-01-30 14:09:49,321 - __main__ - INFO - Response time for the request: 0.08 seconds
2025-01-30 14:09:49,326 - __main__ - INFO - ----------------------------------------------------------------------------------------------------
2025-01-30 14:09:49,647 - __main__ - INFO - Request came to fetch all countries.
2025-01-30 14:09:49,960 - __main__ - INFO - response: ['Andorra', 'United Arab Emirates', 'Afghanistan', 'Antigua and Barbuda', 'Anguilla', 'Albania', 'Armenia', 'Angola', 'Antarctica', 'Argentina', 'American Samoa', 'Austria', 'Australia', 'Aruba', 'Åland', 'Azerbaijan', 'Bosnia and Herzegovina', 'Barbados', 'Bangladesh', 'Belgium', 'Burkina Faso', 'Bulgaria', 'Bahrain', 'Burundi', 'Benin', 'Saint Barthélemy', 'Bermuda', 'Brunei', 'Bolivia', 'Bonaire, Sint Eustatius, and Saba', 'Brazil', 'Bahamas', 'Bhutan', 'Bouvet Island', 'Botswana', 'Belarus', 'Belize', 'Canada', 'Cocos (Keeling) Islands', 'DR Congo', 'Central African Republic', 'Congo Republic', 'Switzerland', 'Ivory Coast', 'Cook Islands', 'Chile', 'Cameroon', 'China', 'Colombia', 'Costa Rica', 'Cuba', 'Cabo Verde', 'Curaçao', 'Christmas Island', 'Cyprus', 'Czechia', 'Germany', 'Djibouti', 'Denmark', 'Dominica', 'Dominican Republic', 'Algeria', 'Ecuador', 'Estonia', 'Egypt', 'Western Sahara', 'Eritrea', 'Spain', 'Ethiopia', 'Finland', 'Fiji', 'Falkland Islands', 'Micronesia', 'Faroe Islands', 'France', 'Gabon', 'United Kingdom', 'Grenada', 'Georgia', 'French Guiana', 'Guernsey', 'Ghana', 'Gibraltar', 'Greenland', 'The Gambia', 'Guinea', 'Guadeloupe', 'Equatorial Guinea', 'Greece', 'South Georgia and South Sandwich Islands', 'Guatemala', 'Guam', 'Guinea-Bissau', 'Guyana', 'Hong Kong', 'Heard and McDonald Islands', 'Honduras', 'Croatia', 'Haiti', 'Hungary', 'Indonesia', 'Ireland', 'Israel', 'Isle of Man', 'India', 'British Indian Ocean Territory', 'Iraq', 'Iran', 'Iceland', 'Italy', 'Jersey', 'Jamaica', 'Jordan', 'Japan', 'Kenya', 'Kyrgyzstan', 'Cambodia', 'Kiribati', 'Comoros', 'St Kitts and Nevis', 'North Korea', 'South Korea', 'Kuwait', 'Cayman Islands', 'Kazakhstan', 'Laos', 'Lebanon', 'Saint Lucia', 'Liechtenstein', 'Sri Lanka', 'Liberia', 'Lesotho', 'Lithuania', 'Luxembourg', 'Latvia', 'Libya', 'Morocco', 'Monaco', 'Moldova', 'Montenegro', 'Saint Martin', 'Madagascar', 'Marshall Islands', 'North Macedonia', 'Mali', 'Myanmar', 'Mongolia', 'Macao', 'Northern Mariana Islands', 'Martinique', 'Mauritania', 'Montserrat', 'Malta', 'Mauritius', 'Maldives', 'Malawi', 'Mexico', 'Malaysia', 'Mozambique', 'Namibia', 'New Caledonia', 'Niger', 'Norfolk Island', 'Nigeria', 'Nicaragua', 'The Netherlands', 'Norway', 'Nepal', 'Nauru', 'Niue', 'New Zealand', 'Oman', 'Panama', 'Peru', 'French Polynesia', 'Papua New Guinea', 'Philippines', 'Pakistan', 'Poland', 'Saint Pierre and Miquelon', 'Pitcairn Islands', 'Puerto Rico', 'Palestine', 'Portugal', 'Palau', 'Paraguay', 'Qatar', 'Réunion', 'Romania', 'Serbia', 'Russia', 'Rwanda', 'Saudi Arabia', 'Solomon Islands', 'Seychelles', 'Sudan', 'Sweden', 'Singapore', 'Saint Helena', 'Slovenia', 'Svalbard and Jan Mayen', 'Slovakia', 'Sierra Leone', 'San Marino', 'Senegal', 'Somalia', 'Suriname', 'South Sudan', 'São Tomé and Príncipe', 'El Salvador', 'Sint Maarten', 'Syria', 'Eswatini', 'Turks and Caicos Islands', 'Chad', 'French Southern Territories', 'Togo', 'Thailand', 'Tajikistan', 'Tokelau', 'Timor-Leste', 'Turkmenistan', 'Tunisia', 'Tonga', 'Türkiye', 'Trinidad and Tobago', 'Tuvalu', 'Taiwan', 'Tanzania', 'Ukraine', 'Uganda', 'U.S. Outlying Islands', 'United States', 'Uruguay', 'Uzbekistan', 'Vatican City', 'St Vincent and Grenadines', 'Venezuela', 'British Virgin Islands', 'U.S. Virgin Islands', 'Vietnam', 'Vanuatu', 'Wallis and Futuna', 'Samoa', 'Kosovo', 'Yemen', 'Mayotte', 'South Africa', 'Zambia', 'Zimbabwe']
2025-01-30 14:09:49,965 - __main__ - INFO - Response time for the request: 0.32 seconds
2025-01-30 14:09:49,966 - __main__ - INFO - ----------------------------------------------------------------------------------------------------
2025-01-30 14:10:17,915 - __main__ - INFO - Request came to fetch all countries.
2025-01-30 14:10:18,838 - __main__ - INFO - response: ['Andorra', 'United Arab Emirates', 'Afghanistan', 'Antigua and Barbuda', 'Anguilla', 'Albania', 'Armenia', 'Angola', 'Antarctica', 'Argentina', 'American Samoa', 'Austria', 'Australia', 'Aruba', 'Åland', 'Azerbaijan', 'Bosnia and Herzegovina', 'Barbados', 'Bangladesh', 'Belgium', 'Burkina Faso', 'Bulgaria', 'Bahrain', 'Burundi', 'Benin', 'Saint Barthélemy', 'Bermuda', 'Brunei', 'Bolivia', 'Bonaire, Sint Eustatius, and Saba', 'Brazil', 'Bahamas', 'Bhutan', 'Bouvet Island', 'Botswana', 'Belarus', 'Belize', 'Canada', 'Cocos (Keeling) Islands', 'DR Congo', 'Central African Republic', 'Congo Republic', 'Switzerland', 'Ivory Coast', 'Cook Islands', 'Chile', 'Cameroon', 'China', 'Colombia', 'Costa Rica', 'Cuba', 'Cabo Verde', 'Curaçao', 'Christmas Island', 'Cyprus', 'Czechia', 'Germany', 'Djibouti', 'Denmark', 'Dominica', 'Dominican Republic', 'Algeria', 'Ecuador', 'Estonia', 'Egypt', 'Western Sahara', 'Eritrea', 'Spain', 'Ethiopia', 'Finland', 'Fiji', 'Falkland Islands', 'Micronesia', 'Faroe Islands', 'France', 'Gabon', 'United Kingdom', 'Grenada', 'Georgia', 'French Guiana', 'Guernsey', 'Ghana', 'Gibraltar', 'Greenland', 'The Gambia', 'Guinea', 'Guadeloupe', 'Equatorial Guinea', 'Greece', 'South Georgia and South Sandwich Islands', 'Guatemala', 'Guam', 'Guinea-Bissau', 'Guyana', 'Hong Kong', 'Heard and McDonald Islands', 'Honduras', 'Croatia', 'Haiti', 'Hungary', 'Indonesia', 'Ireland', 'Israel', 'Isle of Man', 'India', 'British Indian Ocean Territory', 'Iraq', 'Iran', 'Iceland', 'Italy', 'Jersey', 'Jamaica', 'Jordan', 'Japan', 'Kenya', 'Kyrgyzstan', 'Cambodia', 'Kiribati', 'Comoros', 'St Kitts and Nevis', 'North Korea', 'South Korea', 'Kuwait', 'Cayman Islands', 'Kazakhstan', 'Laos', 'Lebanon', 'Saint Lucia', 'Liechtenstein', 'Sri Lanka', 'Liberia', 'Lesotho', 'Lithuania', 'Luxembourg', 'Latvia', 'Libya', 'Morocco', 'Monaco', 'Moldova', 'Montenegro', 'Saint Martin', 'Madagascar', 'Marshall Islands', 'North Macedonia', 'Mali', 'Myanmar', 'Mongolia', 'Macao', 'Northern Mariana Islands', 'Martinique', 'Mauritania', 'Montserrat', 'Malta', 'Mauritius', 'Maldives', 'Malawi', 'Mexico', 'Malaysia', 'Mozambique', 'Namibia', 'New Caledonia', 'Niger', 'Norfolk Island', 'Nigeria', 'Nicaragua', 'The Netherlands', 'Norway', 'Nepal', 'Nauru', 'Niue', 'New Zealand', 'Oman', 'Panama', 'Peru', 'French Polynesia', 'Papua New Guinea', 'Philippines', 'Pakistan', 'Poland', 'Saint Pierre and Miquelon', 'Pitcairn Islands', 'Puerto Rico', 'Palestine', 'Portugal', 'Palau', 'Paraguay', 'Qatar', 'Réunion', 'Romania', 'Serbia', 'Russia', 'Rwanda', 'Saudi Arabia', 'Solomon Islands', 'Seychelles', 'Sudan', 'Sweden', 'Singapore', 'Saint Helena', 'Slovenia', 'Svalbard and Jan Mayen', 'Slovakia', 'Sierra Leone', 'San Marino', 'Senegal', 'Somalia', 'Suriname', 'South Sudan', 'São Tomé and Príncipe', 'El Salvador', 'Sint Maarten', 'Syria', 'Eswatini', 'Turks and Caicos Islands', 'Chad', 'French Southern Territories', 'Togo', 'Thailand', 'Tajikistan', 'Tokelau', 'Timor-Leste', 'Turkmenistan', 'Tunisia', 'Tonga', 'Türkiye', 'Trinidad and Tobago', 'Tuvalu', 'Taiwan', 'Tanzania', 'Ukraine', 'Uganda', 'U.S. Outlying Islands', 'United States', 'Uruguay', 'Uzbekistan', 'Vatican City', 'St Vincent and Grenadines', 'Venezuela', 'British Virgin Islands', 'U.S. Virgin Islands', 'Vietnam', 'Vanuatu', 'Wallis and Futuna', 'Samoa', 'Kosovo', 'Yemen', 'Mayotte', 'South Africa', 'Zambia', 'Zimbabwe']
2025-01-30 14:10:18,894 - __main__ - INFO - Response time for the request: 0.98 seconds
2025-01-30 14:10:18,894 - __main__ - INFO - ----------------------------------------------------------------------------------------------------
2025-01-30 14:10:19,295 - __main__ - INFO - Request came to fetch all countries.
2025-01-30 14:10:20,188 - __main__ - INFO - response: ['Andorra', 'United Arab Emirates', 'Afghanistan', 'Antigua and Barbuda', 'Anguilla', 'Albania', 'Armenia', 'Angola', 'Antarctica', 'Argentina', 'American Samoa', 'Austria', 'Australia', 'Aruba', 'Åland', 'Azerbaijan', 'Bosnia and Herzegovina', 'Barbados', 'Bangladesh', 'Belgium', 'Burkina Faso', 'Bulgaria', 'Bahrain', 'Burundi', 'Benin', 'Saint Barthélemy', 'Bermuda', 'Brunei', 'Bolivia', 'Bonaire, Sint Eustatius, and Saba', 'Brazil', 'Bahamas', 'Bhutan', 'Bouvet Island', 'Botswana', 'Belarus', 'Belize', 'Canada', 'Cocos (Keeling) Islands', 'DR Congo', 'Central African Republic', 'Congo Republic', 'Switzerland', 'Ivory Coast', 'Cook Islands', 'Chile', 'Cameroon', 'China', 'Colombia', 'Costa Rica', 'Cuba', 'Cabo Verde', 'Curaçao', 'Christmas Island', 'Cyprus', 'Czechia', 'Germany', 'Djibouti', 'Denmark', 'Dominica', 'Dominican Republic', 'Algeria', 'Ecuador', 'Estonia', 'Egypt', 'Western Sahara', 'Eritrea', 'Spain', 'Ethiopia', 'Finland', 'Fiji', 'Falkland Islands', 'Micronesia', 'Faroe Islands', 'France', 'Gabon', 'United Kingdom', 'Grenada', 'Georgia', 'French Guiana', 'Guernsey', 'Ghana', 'Gibraltar', 'Greenland', 'The Gambia', 'Guinea', 'Guadeloupe', 'Equatorial Guinea', 'Greece', 'South Georgia and South Sandwich Islands', 'Guatemala', 'Guam', 'Guinea-Bissau', 'Guyana', 'Hong Kong', 'Heard and McDonald Islands', 'Honduras', 'Croatia', 'Haiti', 'Hungary', 'Indonesia', 'Ireland', 'Israel', 'Isle of Man', 'India', 'British Indian Ocean Territory', 'Iraq', 'Iran', 'Iceland', 'Italy', 'Jersey', 'Jamaica', 'Jordan', 'Japan', 'Kenya', 'Kyrgyzstan', 'Cambodia', 'Kiribati', 'Comoros', 'St Kitts and Nevis', 'North Korea', 'South Korea', 'Kuwait', 'Cayman Islands', 'Kazakhstan', 'Laos', 'Lebanon', 'Saint Lucia', 'Liechtenstein', 'Sri Lanka', 'Liberia', 'Lesotho', 'Lithuania', 'Luxembourg', 'Latvia', 'Libya', 'Morocco', 'Monaco', 'Moldova', 'Montenegro', 'Saint Martin', 'Madagascar', 'Marshall Islands', 'North Macedonia', 'Mali', 'Myanmar', 'Mongolia', 'Macao', 'Northern Mariana Islands', 'Martinique', 'Mauritania', 'Montserrat', 'Malta', 'Mauritius', 'Maldives', 'Malawi', 'Mexico', 'Malaysia', 'Mozambique', 'Namibia', 'New Caledonia', 'Niger', 'Norfolk Island', 'Nigeria', 'Nicaragua', 'The Netherlands', 'Norway', 'Nepal', 'Nauru', 'Niue', 'New Zealand', 'Oman', 'Panama', 'Peru', 'French Polynesia', 'Papua New Guinea', 'Philippines', 'Pakistan', 'Poland', 'Saint Pierre and Miquelon', 'Pitcairn Islands', 'Puerto Rico', 'Palestine', 'Portugal', 'Palau', 'Paraguay', 'Qatar', 'Réunion', 'Romania', 'Serbia', 'Russia', 'Rwanda', 'Saudi Arabia', 'Solomon Islands', 'Seychelles', 'Sudan', 'Sweden', 'Singapore', 'Saint Helena', 'Slovenia', 'Svalbard and Jan Mayen', 'Slovakia', 'Sierra Leone', 'San Marino', 'Senegal', 'Somalia', 'Suriname', 'South Sudan', 'São Tomé and Príncipe', 'El Salvador', 'Sint Maarten', 'Syria', 'Eswatini', 'Turks and Caicos Islands', 'Chad', 'French Southern Territories', 'Togo', 'Thailand', 'Tajikistan', 'Tokelau', 'Timor-Leste', 'Turkmenistan', 'Tunisia', 'Tonga', 'Türkiye', 'Trinidad and Tobago', 'Tuvalu', 'Taiwan', 'Tanzania', 'Ukraine', 'Uganda', 'U.S. Outlying Islands', 'United States', 'Uruguay', 'Uzbekistan', 'Vatican City', 'St Vincent and Grenadines', 'Venezuela', 'British Virgin Islands', 'U.S. Virgin Islands', 'Vietnam', 'Vanuatu', 'Wallis and Futuna', 'Samoa', 'Kosovo', 'Yemen', 'Mayotte', 'South Africa', 'Zambia', 'Zimbabwe']
2025-01-30 14:10:20,236 - __main__ - INFO - Response time for the request: 0.94 seconds
2025-01-30 14:10:20,236 - __main__ - INFO - ----------------------------------------------------------------------------------------------------
2025-01-30 14:10:20,357 - __main__ - INFO - Received request: {'latitude': 13.092958, 'longitude': 80.198554}
2025-01-30 14:10:20,420 - __main__ - INFO - Received request: {'latitude': 13.092958, 'longitude': 80.198554}
2025-01-30 14:10:25,176 - __main__ - INFO - response: <Response 213 bytes [200 OK]>
2025-01-30 14:10:25,176 - __main__ - INFO - Response time for the request: 4.76 seconds
2025-01-30 14:10:25,176 - __main__ - INFO - ----------------------------------------------------------------------------------------------------
2025-01-30 14:10:25,388 - __main__ - INFO - response: <Response 213 bytes [200 OK]>
2025-01-30 14:10:25,388 - __main__ - INFO - Response time for the request: 5.03 seconds
2025-01-30 14:10:25,388 - __main__ - INFO - ----------------------------------------------------------------------------------------------------
2025-01-30 14:13:46,630 - __main__ - INFO - Request came to fetch all countries.
2025-01-30 14:13:47,132 - __main__ - INFO - response: ['Andorra', 'United Arab Emirates', 'Afghanistan', 'Antigua and Barbuda', 'Anguilla', 'Albania', 'Armenia', 'Angola', 'Antarctica', 'Argentina', 'American Samoa', 'Austria', 'Australia', 'Aruba', 'Åland', 'Azerbaijan', 'Bosnia and Herzegovina', 'Barbados', 'Bangladesh', 'Belgium', 'Burkina Faso', 'Bulgaria', 'Bahrain', 'Burundi', 'Benin', 'Saint Barthélemy', 'Bermuda', 'Brunei', 'Bolivia', 'Bonaire, Sint Eustatius, and Saba', 'Brazil', 'Bahamas', 'Bhutan', 'Bouvet Island', 'Botswana', 'Belarus', 'Belize', 'Canada', 'Cocos (Keeling) Islands', 'DR Congo', 'Central African Republic', 'Congo Republic', 'Switzerland', 'Ivory Coast', 'Cook Islands', 'Chile', 'Cameroon', 'China', 'Colombia', 'Costa Rica', 'Cuba', 'Cabo Verde', 'Curaçao', 'Christmas Island', 'Cyprus', 'Czechia', 'Germany', 'Djibouti', 'Denmark', 'Dominica', 'Dominican Republic', 'Algeria', 'Ecuador', 'Estonia', 'Egypt', 'Western Sahara', 'Eritrea', 'Spain', 'Ethiopia', 'Finland', 'Fiji', 'Falkland Islands', 'Micronesia', 'Faroe Islands', 'France', 'Gabon', 'United Kingdom', 'Grenada', 'Georgia', 'French Guiana', 'Guernsey', 'Ghana', 'Gibraltar', 'Greenland', 'The Gambia', 'Guinea', 'Guadeloupe', 'Equatorial Guinea', 'Greece', 'South Georgia and South Sandwich Islands', 'Guatemala', 'Guam', 'Guinea-Bissau', 'Guyana', 'Hong Kong', 'Heard and McDonald Islands', 'Honduras', 'Croatia', 'Haiti', 'Hungary', 'Indonesia', 'Ireland', 'Israel', 'Isle of Man', 'India', 'British Indian Ocean Territory', 'Iraq', 'Iran', 'Iceland', 'Italy', 'Jersey', 'Jamaica', 'Jordan', 'Japan', 'Kenya', 'Kyrgyzstan', 'Cambodia', 'Kiribati', 'Comoros', 'St Kitts and Nevis', 'North Korea', 'South Korea', 'Kuwait', 'Cayman Islands', 'Kazakhstan', 'Laos', 'Lebanon', 'Saint Lucia', 'Liechtenstein', 'Sri Lanka', 'Liberia', 'Lesotho', 'Lithuania', 'Luxembourg', 'Latvia', 'Libya', 'Morocco', 'Monaco', 'Moldova', 'Montenegro', 'Saint Martin', 'Madagascar', 'Marshall Islands', 'North Macedonia', 'Mali', 'Myanmar', 'Mongolia', 'Macao', 'Northern Mariana Islands', 'Martinique', 'Mauritania', 'Montserrat', 'Malta', 'Mauritius', 'Maldives', 'Malawi', 'Mexico', 'Malaysia', 'Mozambique', 'Namibia', 'New Caledonia', 'Niger', 'Norfolk Island', 'Nigeria', 'Nicaragua', 'The Netherlands', 'Norway', 'Nepal', 'Nauru', 'Niue', 'New Zealand', 'Oman', 'Panama', 'Peru', 'French Polynesia', 'Papua New Guinea', 'Philippines', 'Pakistan', 'Poland', 'Saint Pierre and Miquelon', 'Pitcairn Islands', 'Puerto Rico', 'Palestine', 'Portugal', 'Palau', 'Paraguay', 'Qatar', 'Réunion', 'Romania', 'Serbia', 'Russia', 'Rwanda', 'Saudi Arabia', 'Solomon Islands', 'Seychelles', 'Sudan', 'Sweden', 'Singapore', 'Saint Helena', 'Slovenia', 'Svalbard and Jan Mayen', 'Slovakia', 'Sierra Leone', 'San Marino', 'Senegal', 'Somalia', 'Suriname', 'South Sudan', 'São Tomé and Príncipe', 'El Salvador', 'Sint Maarten', 'Syria', 'Eswatini', 'Turks and Caicos Islands', 'Chad', 'French Southern Territories', 'Togo', 'Thailand', 'Tajikistan', 'Tokelau', 'Timor-Leste', 'Turkmenistan', 'Tunisia', 'Tonga', 'Türkiye', 'Trinidad and Tobago', 'Tuvalu', 'Taiwan', 'Tanzania', 'Ukraine', 'Uganda', 'U.S. Outlying Islands', 'United States', 'Uruguay', 'Uzbekistan', 'Vatican City', 'St Vincent and Grenadines', 'Venezuela', 'British Virgin Islands', 'U.S. Virgin Islands', 'Vietnam', 'Vanuatu', 'Wallis and Futuna', 'Samoa', 'Kosovo', 'Yemen', 'Mayotte', 'South Africa', 'Zambia', 'Zimbabwe']
2025-01-30 14:13:47,149 - __main__ - INFO - Response time for the request: 0.52 seconds
2025-01-30 14:13:47,150 - __main__ - INFO - ----------------------------------------------------------------------------------------------------
2025-01-30 14:13:47,277 - __main__ - INFO - Received request: {'latitude': 13.092958, 'longitude': 80.198554}
2025-01-30 14:13:47,381 - __main__ - INFO - Received request: {'latitude': 13.092958, 'longitude': 80.198554}
2025-01-30 14:13:47,577 - __main__ - INFO - Request came to fetch all countries.
2025-01-30 14:13:48,040 - __main__ - INFO - response: ['Andorra', 'United Arab Emirates', 'Afghanistan', 'Antigua and Barbuda', 'Anguilla', 'Albania', 'Armenia', 'Angola', 'Antarctica', 'Argentina', 'American Samoa', 'Austria', 'Australia', 'Aruba', 'Åland', 'Azerbaijan', 'Bosnia and Herzegovina', 'Barbados', 'Bangladesh', 'Belgium', 'Burkina Faso', 'Bulgaria', 'Bahrain', 'Burundi', 'Benin', 'Saint Barthélemy', 'Bermuda', 'Brunei', 'Bolivia', 'Bonaire, Sint Eustatius, and Saba', 'Brazil', 'Bahamas', 'Bhutan', 'Bouvet Island', 'Botswana', 'Belarus', 'Belize', 'Canada', 'Cocos (Keeling) Islands', 'DR Congo', 'Central African Republic', 'Congo Republic', 'Switzerland', 'Ivory Coast', 'Cook Islands', 'Chile', 'Cameroon', 'China', 'Colombia', 'Costa Rica', 'Cuba', 'Cabo Verde', 'Curaçao', 'Christmas Island', 'Cyprus', 'Czechia', 'Germany', 'Djibouti', 'Denmark', 'Dominica', 'Dominican Republic', 'Algeria', 'Ecuador', 'Estonia', 'Egypt', 'Western Sahara', 'Eritrea', 'Spain', 'Ethiopia', 'Finland', 'Fiji', 'Falkland Islands', 'Micronesia', 'Faroe Islands', 'France', 'Gabon', 'United Kingdom', 'Grenada', 'Georgia', 'French Guiana', 'Guernsey', 'Ghana', 'Gibraltar', 'Greenland', 'The Gambia', 'Guinea', 'Guadeloupe', 'Equatorial Guinea', 'Greece', 'South Georgia and South Sandwich Islands', 'Guatemala', 'Guam', 'Guinea-Bissau', 'Guyana', 'Hong Kong', 'Heard and McDonald Islands', 'Honduras', 'Croatia', 'Haiti', 'Hungary', 'Indonesia', 'Ireland', 'Israel', 'Isle of Man', 'India', 'British Indian Ocean Territory', 'Iraq', 'Iran', 'Iceland', 'Italy', 'Jersey', 'Jamaica', 'Jordan', 'Japan', 'Kenya', 'Kyrgyzstan', 'Cambodia', 'Kiribati', 'Comoros', 'St Kitts and Nevis', 'North Korea', 'South Korea', 'Kuwait', 'Cayman Islands', 'Kazakhstan', 'Laos', 'Lebanon', 'Saint Lucia', 'Liechtenstein', 'Sri Lanka', 'Liberia', 'Lesotho', 'Lithuania', 'Luxembourg', 'Latvia', 'Libya', 'Morocco', 'Monaco', 'Moldova', 'Montenegro', 'Saint Martin', 'Madagascar', 'Marshall Islands', 'North Macedonia', 'Mali', 'Myanmar', 'Mongolia', 'Macao', 'Northern Mariana Islands', 'Martinique', 'Mauritania', 'Montserrat', 'Malta', 'Mauritius', 'Maldives', 'Malawi', 'Mexico', 'Malaysia', 'Mozambique', 'Namibia', 'New Caledonia', 'Niger', 'Norfolk Island', 'Nigeria', 'Nicaragua', 'The Netherlands', 'Norway', 'Nepal', 'Nauru', 'Niue', 'New Zealand', 'Oman', 'Panama', 'Peru', 'French Polynesia', 'Papua New Guinea', 'Philippines', 'Pakistan', 'Poland', 'Saint Pierre and Miquelon', 'Pitcairn Islands', 'Puerto Rico', 'Palestine', 'Portugal', 'Palau', 'Paraguay', 'Qatar', 'Réunion', 'Romania', 'Serbia', 'Russia', 'Rwanda', 'Saudi Arabia', 'Solomon Islands', 'Seychelles', 'Sudan', 'Sweden', 'Singapore', 'Saint Helena', 'Slovenia', 'Svalbard and Jan Mayen', 'Slovakia', 'Sierra Leone', 'San Marino', 'Senegal', 'Somalia', 'Suriname', 'South Sudan', 'São Tomé and Príncipe', 'El Salvador', 'Sint Maarten', 'Syria', 'Eswatini', 'Turks and Caicos Islands', 'Chad', 'French Southern Territories', 'Togo', 'Thailand', 'Tajikistan', 'Tokelau', 'Timor-Leste', 'Turkmenistan', 'Tunisia', 'Tonga', 'Türkiye', 'Trinidad and Tobago', 'Tuvalu', 'Taiwan', 'Tanzania', 'Ukraine', 'Uganda', 'U.S. Outlying Islands', 'United States', 'Uruguay', 'Uzbekistan', 'Vatican City', 'St Vincent and Grenadines', 'Venezuela', 'British Virgin Islands', 'U.S. Virgin Islands', 'Vietnam', 'Vanuatu', 'Wallis and Futuna', 'Samoa', 'Kosovo', 'Yemen', 'Mayotte', 'South Africa', 'Zambia', 'Zimbabwe']
2025-01-30 14:13:48,045 - __main__ - INFO - Response time for the request: 0.47 seconds
2025-01-30 14:13:48,046 - __main__ - INFO - ----------------------------------------------------------------------------------------------------
2025-01-30 14:13:49,871 - __main__ - INFO - response: <Response 213 bytes [200 OK]>
2025-01-30 14:13:49,871 - __main__ - INFO - Response time for the request: 2.59 seconds
2025-01-30 14:13:49,872 - __main__ - INFO - ----------------------------------------------------------------------------------------------------
2025-01-30 14:13:50,147 - __main__ - INFO - response: <Response 213 bytes [200 OK]>
2025-01-30 14:13:50,148 - __main__ - INFO - Response time for the request: 2.77 seconds
2025-01-30 14:13:50,149 - __main__ - INFO - ----------------------------------------------------------------------------------------------------
2025-01-30 14:18:06,063 - __main__ - INFO - Request came to fetch all countries.
2025-01-30 14:18:06,392 - __main__ - INFO - Received request: {'latitude': 13.092958, 'longitude': 80.198554}
2025-01-30 14:18:06,635 - __main__ - INFO - Received request: {'latitude': 13.092958, 'longitude': 80.198554}
2025-01-30 14:18:07,054 - __main__ - INFO - response: ['Andorra', 'United Arab Emirates', 'Afghanistan', 'Antigua and Barbuda', 'Anguilla', 'Albania', 'Armenia', 'Angola', 'Antarctica', 'Argentina', 'American Samoa', 'Austria', 'Australia', 'Aruba', 'Åland', 'Azerbaijan', 'Bosnia and Herzegovina', 'Barbados', 'Bangladesh', 'Belgium', 'Burkina Faso', 'Bulgaria', 'Bahrain', 'Burundi', 'Benin', 'Saint Barthélemy', 'Bermuda', 'Brunei', 'Bolivia', 'Bonaire, Sint Eustatius, and Saba', 'Brazil', 'Bahamas', 'Bhutan', 'Bouvet Island', 'Botswana', 'Belarus', 'Belize', 'Canada', 'Cocos (Keeling) Islands', 'DR Congo', 'Central African Republic', 'Congo Republic', 'Switzerland', 'Ivory Coast', 'Cook Islands', 'Chile', 'Cameroon', 'China', 'Colombia', 'Costa Rica', 'Cuba', 'Cabo Verde', 'Curaçao', 'Christmas Island', 'Cyprus', 'Czechia', 'Germany', 'Djibouti', 'Denmark', 'Dominica', 'Dominican Republic', 'Algeria', 'Ecuador', 'Estonia', 'Egypt', 'Western Sahara', 'Eritrea', 'Spain', 'Ethiopia', 'Finland', 'Fiji', 'Falkland Islands', 'Micronesia', 'Faroe Islands', 'France', 'Gabon', 'United Kingdom', 'Grenada', 'Georgia', 'French Guiana', 'Guernsey', 'Ghana', 'Gibraltar', 'Greenland', 'The Gambia', 'Guinea', 'Guadeloupe', 'Equatorial Guinea', 'Greece', 'South Georgia and South Sandwich Islands', 'Guatemala', 'Guam', 'Guinea-Bissau', 'Guyana', 'Hong Kong', 'Heard and McDonald Islands', 'Honduras', 'Croatia', 'Haiti', 'Hungary', 'Indonesia', 'Ireland', 'Israel', 'Isle of Man', 'India', 'British Indian Ocean Territory', 'Iraq', 'Iran', 'Iceland', 'Italy', 'Jersey', 'Jamaica', 'Jordan', 'Japan', 'Kenya', 'Kyrgyzstan', 'Cambodia', 'Kiribati', 'Comoros', 'St Kitts and Nevis', 'North Korea', 'South Korea', 'Kuwait', 'Cayman Islands', 'Kazakhstan', 'Laos', 'Lebanon', 'Saint Lucia', 'Liechtenstein', 'Sri Lanka', 'Liberia', 'Lesotho', 'Lithuania', 'Luxembourg', 'Latvia', 'Libya', 'Morocco', 'Monaco', 'Moldova', 'Montenegro', 'Saint Martin', 'Madagascar', 'Marshall Islands', 'North Macedonia', 'Mali', 'Myanmar', 'Mongolia', 'Macao', 'Northern Mariana Islands', 'Martinique', 'Mauritania', 'Montserrat', 'Malta', 'Mauritius', 'Maldives', 'Malawi', 'Mexico', 'Malaysia', 'Mozambique', 'Namibia', 'New Caledonia', 'Niger', 'Norfolk Island', 'Nigeria', 'Nicaragua', 'The Netherlands', 'Norway', 'Nepal', 'Nauru', 'Niue', 'New Zealand', 'Oman', 'Panama', 'Peru', 'French Polynesia', 'Papua New Guinea', 'Philippines', 'Pakistan', 'Poland', 'Saint Pierre and Miquelon', 'Pitcairn Islands', 'Puerto Rico', 'Palestine', 'Portugal', 'Palau', 'Paraguay', 'Qatar', 'Réunion', 'Romania', 'Serbia', 'Russia', 'Rwanda', 'Saudi Arabia', 'Solomon Islands', 'Seychelles', 'Sudan', 'Sweden', 'Singapore', 'Saint Helena', 'Slovenia', 'Svalbard and Jan Mayen', 'Slovakia', 'Sierra Leone', 'San Marino', 'Senegal', 'Somalia', 'Suriname', 'South Sudan', 'São Tomé and Príncipe', 'El Salvador', 'Sint Maarten', 'Syria', 'Eswatini', 'Turks and Caicos Islands', 'Chad', 'French Southern Territories', 'Togo', 'Thailand', 'Tajikistan', 'Tokelau', 'Timor-Leste', 'Turkmenistan', 'Tunisia', 'Tonga', 'Türkiye', 'Trinidad and Tobago', 'Tuvalu', 'Taiwan', 'Tanzania', 'Ukraine', 'Uganda', 'U.S. Outlying Islands', 'United States', 'Uruguay', 'Uzbekistan', 'Vatican City', 'St Vincent and Grenadines', 'Venezuela', 'British Virgin Islands', 'U.S. Virgin Islands', 'Vietnam', 'Vanuatu', 'Wallis and Futuna', 'Samoa', 'Kosovo', 'Yemen', 'Mayotte', 'South Africa', 'Zambia', 'Zimbabwe']
2025-01-30 14:18:07,061 - __main__ - INFO - Response time for the request: 1.00 seconds
2025-01-30 14:18:07,061 - __main__ - INFO - ----------------------------------------------------------------------------------------------------
2025-01-30 14:18:07,200 - __main__ - INFO - Request came to fetch all countries.
2025-01-30 14:18:07,777 - __main__ - INFO - response: ['Andorra', 'United Arab Emirates', 'Afghanistan', 'Antigua and Barbuda', 'Anguilla', 'Albania', 'Armenia', 'Angola', 'Antarctica', 'Argentina', 'American Samoa', 'Austria', 'Australia', 'Aruba', 'Åland', 'Azerbaijan', 'Bosnia and Herzegovina', 'Barbados', 'Bangladesh', 'Belgium', 'Burkina Faso', 'Bulgaria', 'Bahrain', 'Burundi', 'Benin', 'Saint Barthélemy', 'Bermuda', 'Brunei', 'Bolivia', 'Bonaire, Sint Eustatius, and Saba', 'Brazil', 'Bahamas', 'Bhutan', 'Bouvet Island', 'Botswana', 'Belarus', 'Belize', 'Canada', 'Cocos (Keeling) Islands', 'DR Congo', 'Central African Republic', 'Congo Republic', 'Switzerland', 'Ivory Coast', 'Cook Islands', 'Chile', 'Cameroon', 'China', 'Colombia', 'Costa Rica', 'Cuba', 'Cabo Verde', 'Curaçao', 'Christmas Island', 'Cyprus', 'Czechia', 'Germany', 'Djibouti', 'Denmark', 'Dominica', 'Dominican Republic', 'Algeria', 'Ecuador', 'Estonia', 'Egypt', 'Western Sahara', 'Eritrea', 'Spain', 'Ethiopia', 'Finland', 'Fiji', 'Falkland Islands', 'Micronesia', 'Faroe Islands', 'France', 'Gabon', 'United Kingdom', 'Grenada', 'Georgia', 'French Guiana', 'Guernsey', 'Ghana', 'Gibraltar', 'Greenland', 'The Gambia', 'Guinea', 'Guadeloupe', 'Equatorial Guinea', 'Greece', 'South Georgia and South Sandwich Islands', 'Guatemala', 'Guam', 'Guinea-Bissau', 'Guyana', 'Hong Kong', 'Heard and McDonald Islands', 'Honduras', 'Croatia', 'Haiti', 'Hungary', 'Indonesia', 'Ireland', 'Israel', 'Isle of Man', 'India', 'British Indian Ocean Territory', 'Iraq', 'Iran', 'Iceland', 'Italy', 'Jersey', 'Jamaica', 'Jordan', 'Japan', 'Kenya', 'Kyrgyzstan', 'Cambodia', 'Kiribati', 'Comoros', 'St Kitts and Nevis', 'North Korea', 'South Korea', 'Kuwait', 'Cayman Islands', 'Kazakhstan', 'Laos', 'Lebanon', 'Saint Lucia', 'Liechtenstein', 'Sri Lanka', 'Liberia', 'Lesotho', 'Lithuania', 'Luxembourg', 'Latvia', 'Libya', 'Morocco', 'Monaco', 'Moldova', 'Montenegro', 'Saint Martin', 'Madagascar', 'Marshall Islands', 'North Macedonia', 'Mali', 'Myanmar', 'Mongolia', 'Macao', 'Northern Mariana Islands', 'Martinique', 'Mauritania', 'Montserrat', 'Malta', 'Mauritius', 'Maldives', 'Malawi', 'Mexico', 'Malaysia', 'Mozambique', 'Namibia', 'New Caledonia', 'Niger', 'Norfolk Island', 'Nigeria', 'Nicaragua', 'The Netherlands', 'Norway', 'Nepal', 'Nauru', 'Niue', 'New Zealand', 'Oman', 'Panama', 'Peru', 'French Polynesia', 'Papua New Guinea', 'Philippines', 'Pakistan', 'Poland', 'Saint Pierre and Miquelon', 'Pitcairn Islands', 'Puerto Rico', 'Palestine', 'Portugal', 'Palau', 'Paraguay', 'Qatar', 'Réunion', 'Romania', 'Serbia', 'Russia', 'Rwanda', 'Saudi Arabia', 'Solomon Islands', 'Seychelles', 'Sudan', 'Sweden', 'Singapore', 'Saint Helena', 'Slovenia', 'Svalbard and Jan Mayen', 'Slovakia', 'Sierra Leone', 'San Marino', 'Senegal', 'Somalia', 'Suriname', 'South Sudan', 'São Tomé and Príncipe', 'El Salvador', 'Sint Maarten', 'Syria', 'Eswatini', 'Turks and Caicos Islands', 'Chad', 'French Southern Territories', 'Togo', 'Thailand', 'Tajikistan', 'Tokelau', 'Timor-Leste', 'Turkmenistan', 'Tunisia', 'Tonga', 'Türkiye', 'Trinidad and Tobago', 'Tuvalu', 'Taiwan', 'Tanzania', 'Ukraine', 'Uganda', 'U.S. Outlying Islands', 'United States', 'Uruguay', 'Uzbekistan', 'Vatican City', 'St Vincent and Grenadines', 'Venezuela', 'British Virgin Islands', 'U.S. Virgin Islands', 'Vietnam', 'Vanuatu', 'Wallis and Futuna', 'Samoa', 'Kosovo', 'Yemen', 'Mayotte', 'South Africa', 'Zambia', 'Zimbabwe']
2025-01-30 14:18:07,782 - __main__ - INFO - Response time for the request: 0.58 seconds
2025-01-30 14:18:07,783 - __main__ - INFO - ----------------------------------------------------------------------------------------------------
2025-01-30 14:18:09,462 - __main__ - INFO - response: <Response 213 bytes [200 OK]>
2025-01-30 14:18:09,462 - __main__ - INFO - response: <Response 213 bytes [200 OK]>
2025-01-30 14:18:09,463 - __main__ - INFO - Response time for the request: 3.07 seconds
2025-01-30 14:18:09,463 - __main__ - INFO - Response time for the request: 2.83 seconds
2025-01-30 14:18:09,463 - __main__ - INFO - ----------------------------------------------------------------------------------------------------
2025-01-30 14:18:09,464 - __main__ - INFO - ----------------------------------------------------------------------------------------------------
2025-01-30 14:19:57,293 - __main__ - INFO - Request came to fetch all countries.
2025-01-30 14:19:57,409 - __main__ - INFO - response: ['Andorra', 'United Arab Emirates', 'Afghanistan', 'Antigua and Barbuda', 'Anguilla', 'Albania', 'Armenia', 'Angola', 'Antarctica', 'Argentina', 'American Samoa', 'Austria', 'Australia', 'Aruba', 'Åland', 'Azerbaijan', 'Bosnia and Herzegovina', 'Barbados', 'Bangladesh', 'Belgium', 'Burkina Faso', 'Bulgaria', 'Bahrain', 'Burundi', 'Benin', 'Saint Barthélemy', 'Bermuda', 'Brunei', 'Bolivia', 'Bonaire, Sint Eustatius, and Saba', 'Brazil', 'Bahamas', 'Bhutan', 'Bouvet Island', 'Botswana', 'Belarus', 'Belize', 'Canada', 'Cocos (Keeling) Islands', 'DR Congo', 'Central African Republic', 'Congo Republic', 'Switzerland', 'Ivory Coast', 'Cook Islands', 'Chile', 'Cameroon', 'China', 'Colombia', 'Costa Rica', 'Cuba', 'Cabo Verde', 'Curaçao', 'Christmas Island', 'Cyprus', 'Czechia', 'Germany', 'Djibouti', 'Denmark', 'Dominica', 'Dominican Republic', 'Algeria', 'Ecuador', 'Estonia', 'Egypt', 'Western Sahara', 'Eritrea', 'Spain', 'Ethiopia', 'Finland', 'Fiji', 'Falkland Islands', 'Micronesia', 'Faroe Islands', 'France', 'Gabon', 'United Kingdom', 'Grenada', 'Georgia', 'French Guiana', 'Guernsey', 'Ghana', 'Gibraltar', 'Greenland', 'The Gambia', 'Guinea', 'Guadeloupe', 'Equatorial Guinea', 'Greece', 'South Georgia and South Sandwich Islands', 'Guatemala', 'Guam', 'Guinea-Bissau', 'Guyana', 'Hong Kong', 'Heard and McDonald Islands', 'Honduras', 'Croatia', 'Haiti', 'Hungary', 'Indonesia', 'Ireland', 'Israel', 'Isle of Man', 'India', 'British Indian Ocean Territory', 'Iraq', 'Iran', 'Iceland', 'Italy', 'Jersey', 'Jamaica', 'Jordan', 'Japan', 'Kenya', 'Kyrgyzstan', 'Cambodia', 'Kiribati', 'Comoros', 'St Kitts and Nevis', 'North Korea', 'South Korea', 'Kuwait', 'Cayman Islands', 'Kazakhstan', 'Laos', 'Lebanon', 'Saint Lucia', 'Liechtenstein', 'Sri Lanka', 'Liberia', 'Lesotho', 'Lithuania', 'Luxembourg', 'Latvia', 'Libya', 'Morocco', 'Monaco', 'Moldova', 'Montenegro', 'Saint Martin', 'Madagascar', 'Marshall Islands', 'North Macedonia', 'Mali', 'Myanmar', 'Mongolia', 'Macao', 'Northern Mariana Islands', 'Martinique', 'Mauritania', 'Montserrat', 'Malta', 'Mauritius', 'Maldives', 'Malawi', 'Mexico', 'Malaysia', 'Mozambique', 'Namibia', 'New Caledonia', 'Niger', 'Norfolk Island', 'Nigeria', 'Nicaragua', 'The Netherlands', 'Norway', 'Nepal', 'Nauru', 'Niue', 'New Zealand', 'Oman', 'Panama', 'Peru', 'French Polynesia', 'Papua New Guinea', 'Philippines', 'Pakistan', 'Poland', 'Saint Pierre and Miquelon', 'Pitcairn Islands', 'Puerto Rico', 'Palestine', 'Portugal', 'Palau', 'Paraguay', 'Qatar', 'Réunion', 'Romania', 'Serbia', 'Russia', 'Rwanda', 'Saudi Arabia', 'Solomon Islands', 'Seychelles', 'Sudan', 'Sweden', 'Singapore', 'Saint Helena', 'Slovenia', 'Svalbard and Jan Mayen', 'Slovakia', 'Sierra Leone', 'San Marino', 'Senegal', 'Somalia', 'Suriname', 'South Sudan', 'São Tomé and Príncipe', 'El Salvador', 'Sint Maarten', 'Syria', 'Eswatini', 'Turks and Caicos Islands', 'Chad', 'French Southern Territories', 'Togo', 'Thailand', 'Tajikistan', 'Tokelau', 'Timor-Leste', 'Turkmenistan', 'Tunisia', 'Tonga', 'Türkiye', 'Trinidad and Tobago', 'Tuvalu', 'Taiwan', 'Tanzania', 'Ukraine', 'Uganda', 'U.S. Outlying Islands', 'United States', 'Uruguay', 'Uzbekistan', 'Vatican City', 'St Vincent and Grenadines', 'Venezuela', 'British Virgin Islands', 'U.S. Virgin Islands', 'Vietnam', 'Vanuatu', 'Wallis and Futuna', 'Samoa', 'Kosovo', 'Yemen', 'Mayotte', 'South Africa', 'Zambia', 'Zimbabwe']
2025-01-30 14:19:57,414 - __main__ - INFO - Response time for the request: 0.12 seconds
2025-01-30 14:19:57,414 - __main__ - INFO - ----------------------------------------------------------------------------------------------------
2025-01-30 14:20:01,139 - __main__ - INFO - Request came to fetch all countries.
2025-01-30 14:20:02,024 - __main__ - INFO - response: ['Andorra', 'United Arab Emirates', 'Afghanistan', 'Antigua and Barbuda', 'Anguilla', 'Albania', 'Armenia', 'Angola', 'Antarctica', 'Argentina', 'American Samoa', 'Austria', 'Australia', 'Aruba', 'Åland', 'Azerbaijan', 'Bosnia and Herzegovina', 'Barbados', 'Bangladesh', 'Belgium', 'Burkina Faso', 'Bulgaria', 'Bahrain', 'Burundi', 'Benin', 'Saint Barthélemy', 'Bermuda', 'Brunei', 'Bolivia', 'Bonaire, Sint Eustatius, and Saba', 'Brazil', 'Bahamas', 'Bhutan', 'Bouvet Island', 'Botswana', 'Belarus', 'Belize', 'Canada', 'Cocos (Keeling) Islands', 'DR Congo', 'Central African Republic', 'Congo Republic', 'Switzerland', 'Ivory Coast', 'Cook Islands', 'Chile', 'Cameroon', 'China', 'Colombia', 'Costa Rica', 'Cuba', 'Cabo Verde', 'Curaçao', 'Christmas Island', 'Cyprus', 'Czechia', 'Germany', 'Djibouti', 'Denmark', 'Dominica', 'Dominican Republic', 'Algeria', 'Ecuador', 'Estonia', 'Egypt', 'Western Sahara', 'Eritrea', 'Spain', 'Ethiopia', 'Finland', 'Fiji', 'Falkland Islands', 'Micronesia', 'Faroe Islands', 'France', 'Gabon', 'United Kingdom', 'Grenada', 'Georgia', 'French Guiana', 'Guernsey', 'Ghana', 'Gibraltar', 'Greenland', 'The Gambia', 'Guinea', 'Guadeloupe', 'Equatorial Guinea', 'Greece', 'South Georgia and South Sandwich Islands', 'Guatemala', 'Guam', 'Guinea-Bissau', 'Guyana', 'Hong Kong', 'Heard and McDonald Islands', 'Honduras', 'Croatia', 'Haiti', 'Hungary', 'Indonesia', 'Ireland', 'Israel', 'Isle of Man', 'India', 'British Indian Ocean Territory', 'Iraq', 'Iran', 'Iceland', 'Italy', 'Jersey', 'Jamaica', 'Jordan', 'Japan', 'Kenya', 'Kyrgyzstan', 'Cambodia', 'Kiribati', 'Comoros', 'St Kitts and Nevis', 'North Korea', 'South Korea', 'Kuwait', 'Cayman Islands', 'Kazakhstan', 'Laos', 'Lebanon', 'Saint Lucia', 'Liechtenstein', 'Sri Lanka', 'Liberia', 'Lesotho', 'Lithuania', 'Luxembourg', 'Latvia', 'Libya', 'Morocco', 'Monaco', 'Moldova', 'Montenegro', 'Saint Martin', 'Madagascar', 'Marshall Islands', 'North Macedonia', 'Mali', 'Myanmar', 'Mongolia', 'Macao', 'Northern Mariana Islands', 'Martinique', 'Mauritania', 'Montserrat', 'Malta', 'Mauritius', 'Maldives', 'Malawi', 'Mexico', 'Malaysia', 'Mozambique', 'Namibia', 'New Caledonia', 'Niger', 'Norfolk Island', 'Nigeria', 'Nicaragua', 'The Netherlands', 'Norway', 'Nepal', 'Nauru', 'Niue', 'New Zealand', 'Oman', 'Panama', 'Peru', 'French Polynesia', 'Papua New Guinea', 'Philippines', 'Pakistan', 'Poland', 'Saint Pierre and Miquelon', 'Pitcairn Islands', 'Puerto Rico', 'Palestine', 'Portugal', 'Palau', 'Paraguay', 'Qatar', 'Réunion', 'Romania', 'Serbia', 'Russia', 'Rwanda', 'Saudi Arabia', 'Solomon Islands', 'Seychelles', 'Sudan', 'Sweden', 'Singapore', 'Saint Helena', 'Slovenia', 'Svalbard and Jan Mayen', 'Slovakia', 'Sierra Leone', 'San Marino', 'Senegal', 'Somalia', 'Suriname', 'South Sudan', 'São Tomé and Príncipe', 'El Salvador', 'Sint Maarten', 'Syria', 'Eswatini', 'Turks and Caicos Islands', 'Chad', 'French Southern Territories', 'Togo', 'Thailand', 'Tajikistan', 'Tokelau', 'Timor-Leste', 'Turkmenistan', 'Tunisia', 'Tonga', 'Türkiye', 'Trinidad and Tobago', 'Tuvalu', 'Taiwan', 'Tanzania', 'Ukraine', 'Uganda', 'U.S. Outlying Islands', 'United States', 'Uruguay', 'Uzbekistan', 'Vatican City', 'St Vincent and Grenadines', 'Venezuela', 'British Virgin Islands', 'U.S. Virgin Islands', 'Vietnam', 'Vanuatu', 'Wallis and Futuna', 'Samoa', 'Kosovo', 'Yemen', 'Mayotte', 'South Africa', 'Zambia', 'Zimbabwe']
2025-01-30 14:20:02,058 - __main__ - INFO - Response time for the request: 0.92 seconds
2025-01-30 14:20:02,058 - __main__ - INFO - ----------------------------------------------------------------------------------------------------
2025-01-30 14:20:17,295 - __main__ - INFO - Request came to fetch all countries.
2025-01-30 14:20:17,445 - __main__ - INFO - response: ['Andorra', 'United Arab Emirates', 'Afghanistan', 'Antigua and Barbuda', 'Anguilla', 'Albania', 'Armenia', 'Angola', 'Antarctica', 'Argentina', 'American Samoa', 'Austria', 'Australia', 'Aruba', 'Åland', 'Azerbaijan', 'Bosnia and Herzegovina', 'Barbados', 'Bangladesh', 'Belgium', 'Burkina Faso', 'Bulgaria', 'Bahrain', 'Burundi', 'Benin', 'Saint Barthélemy', 'Bermuda', 'Brunei', 'Bolivia', 'Bonaire, Sint Eustatius, and Saba', 'Brazil', 'Bahamas', 'Bhutan', 'Bouvet Island', 'Botswana', 'Belarus', 'Belize', 'Canada', 'Cocos (Keeling) Islands', 'DR Congo', 'Central African Republic', 'Congo Republic', 'Switzerland', 'Ivory Coast', 'Cook Islands', 'Chile', 'Cameroon', 'China', 'Colombia', 'Costa Rica', 'Cuba', 'Cabo Verde', 'Curaçao', 'Christmas Island', 'Cyprus', 'Czechia', 'Germany', 'Djibouti', 'Denmark', 'Dominica', 'Dominican Republic', 'Algeria', 'Ecuador', 'Estonia', 'Egypt', 'Western Sahara', 'Eritrea', 'Spain', 'Ethiopia', 'Finland', 'Fiji', 'Falkland Islands', 'Micronesia', 'Faroe Islands', 'France', 'Gabon', 'United Kingdom', 'Grenada', 'Georgia', 'French Guiana', 'Guernsey', 'Ghana', 'Gibraltar', 'Greenland', 'The Gambia', 'Guinea', 'Guadeloupe', 'Equatorial Guinea', 'Greece', 'South Georgia and South Sandwich Islands', 'Guatemala', 'Guam', 'Guinea-Bissau', 'Guyana', 'Hong Kong', 'Heard and McDonald Islands', 'Honduras', 'Croatia', 'Haiti', 'Hungary', 'Indonesia', 'Ireland', 'Israel', 'Isle of Man', 'India', 'British Indian Ocean Territory', 'Iraq', 'Iran', 'Iceland', 'Italy', 'Jersey', 'Jamaica', 'Jordan', 'Japan', 'Kenya', 'Kyrgyzstan', 'Cambodia', 'Kiribati', 'Comoros', 'St Kitts and Nevis', 'North Korea', 'South Korea', 'Kuwait', 'Cayman Islands', 'Kazakhstan', 'Laos', 'Lebanon', 'Saint Lucia', 'Liechtenstein', 'Sri Lanka', 'Liberia', 'Lesotho', 'Lithuania', 'Luxembourg', 'Latvia', 'Libya', 'Morocco', 'Monaco', 'Moldova', 'Montenegro', 'Saint Martin', 'Madagascar', 'Marshall Islands', 'North Macedonia', 'Mali', 'Myanmar', 'Mongolia', 'Macao', 'Northern Mariana Islands', 'Martinique', 'Mauritania', 'Montserrat', 'Malta', 'Mauritius', 'Maldives', 'Malawi', 'Mexico', 'Malaysia', 'Mozambique', 'Namibia', 'New Caledonia', 'Niger', 'Norfolk Island', 'Nigeria', 'Nicaragua', 'The Netherlands', 'Norway', 'Nepal', 'Nauru', 'Niue', 'New Zealand', 'Oman', 'Panama', 'Peru', 'French Polynesia', 'Papua New Guinea', 'Philippines', 'Pakistan', 'Poland', 'Saint Pierre and Miquelon', 'Pitcairn Islands', 'Puerto Rico', 'Palestine', 'Portugal', 'Palau', 'Paraguay', 'Qatar', 'Réunion', 'Romania', 'Serbia', 'Russia', 'Rwanda', 'Saudi Arabia', 'Solomon Islands', 'Seychelles', 'Sudan', 'Sweden', 'Singapore', 'Saint Helena', 'Slovenia', 'Svalbard and Jan Mayen', 'Slovakia', 'Sierra Leone', 'San Marino', 'Senegal', 'Somalia', 'Suriname', 'South Sudan', 'São Tomé and Príncipe', 'El Salvador', 'Sint Maarten', 'Syria', 'Eswatini', 'Turks and Caicos Islands', 'Chad', 'French Southern Territories', 'Togo', 'Thailand', 'Tajikistan', 'Tokelau', 'Timor-Leste', 'Turkmenistan', 'Tunisia', 'Tonga', 'Türkiye', 'Trinidad and Tobago', 'Tuvalu', 'Taiwan', 'Tanzania', 'Ukraine', 'Uganda', 'U.S. Outlying Islands', 'United States', 'Uruguay', 'Uzbekistan', 'Vatican City', 'St Vincent and Grenadines', 'Venezuela', 'British Virgin Islands', 'U.S. Virgin Islands', 'Vietnam', 'Vanuatu', 'Wallis and Futuna', 'Samoa', 'Kosovo', 'Yemen', 'Mayotte', 'South Africa', 'Zambia', 'Zimbabwe']
2025-01-30 14:20:17,456 - __main__ - INFO - Response time for the request: 0.16 seconds
2025-01-30 14:20:17,456 - __main__ - INFO - ----------------------------------------------------------------------------------------------------
2025-01-30 14:20:20,197 - __main__ - INFO - Request came to fetch all countries.
2025-01-30 14:20:20,538 - __main__ - INFO - response: ['Andorra', 'United Arab Emirates', 'Afghanistan', 'Antigua and Barbuda', 'Anguilla', 'Albania', 'Armenia', 'Angola', 'Antarctica', 'Argentina', 'American Samoa', 'Austria', 'Australia', 'Aruba', 'Åland', 'Azerbaijan', 'Bosnia and Herzegovina', 'Barbados', 'Bangladesh', 'Belgium', 'Burkina Faso', 'Bulgaria', 'Bahrain', 'Burundi', 'Benin', 'Saint Barthélemy', 'Bermuda', 'Brunei', 'Bolivia', 'Bonaire, Sint Eustatius, and Saba', 'Brazil', 'Bahamas', 'Bhutan', 'Bouvet Island', 'Botswana', 'Belarus', 'Belize', 'Canada', 'Cocos (Keeling) Islands', 'DR Congo', 'Central African Republic', 'Congo Republic', 'Switzerland', 'Ivory Coast', 'Cook Islands', 'Chile', 'Cameroon', 'China', 'Colombia', 'Costa Rica', 'Cuba', 'Cabo Verde', 'Curaçao', 'Christmas Island', 'Cyprus', 'Czechia', 'Germany', 'Djibouti', 'Denmark', 'Dominica', 'Dominican Republic', 'Algeria', 'Ecuador', 'Estonia', 'Egypt', 'Western Sahara', 'Eritrea', 'Spain', 'Ethiopia', 'Finland', 'Fiji', 'Falkland Islands', 'Micronesia', 'Faroe Islands', 'France', 'Gabon', 'United Kingdom', 'Grenada', 'Georgia', 'French Guiana', 'Guernsey', 'Ghana', 'Gibraltar', 'Greenland', 'The Gambia', 'Guinea', 'Guadeloupe', 'Equatorial Guinea', 'Greece', 'South Georgia and South Sandwich Islands', 'Guatemala', 'Guam', 'Guinea-Bissau', 'Guyana', 'Hong Kong', 'Heard and McDonald Islands', 'Honduras', 'Croatia', 'Haiti', 'Hungary', 'Indonesia', 'Ireland', 'Israel', 'Isle of Man', 'India', 'British Indian Ocean Territory', 'Iraq', 'Iran', 'Iceland', 'Italy', 'Jersey', 'Jamaica', 'Jordan', 'Japan', 'Kenya', 'Kyrgyzstan', 'Cambodia', 'Kiribati', 'Comoros', 'St Kitts and Nevis', 'North Korea', 'South Korea', 'Kuwait', 'Cayman Islands', 'Kazakhstan', 'Laos', 'Lebanon', 'Saint Lucia', 'Liechtenstein', 'Sri Lanka', 'Liberia', 'Lesotho', 'Lithuania', 'Luxembourg', 'Latvia', 'Libya', 'Morocco', 'Monaco', 'Moldova', 'Montenegro', 'Saint Martin', 'Madagascar', 'Marshall Islands', 'North Macedonia', 'Mali', 'Myanmar', 'Mongolia', 'Macao', 'Northern Mariana Islands', 'Martinique', 'Mauritania', 'Montserrat', 'Malta', 'Mauritius', 'Maldives', 'Malawi', 'Mexico', 'Malaysia', 'Mozambique', 'Namibia', 'New Caledonia', 'Niger', 'Norfolk Island', 'Nigeria', 'Nicaragua', 'The Netherlands', 'Norway', 'Nepal', 'Nauru', 'Niue', 'New Zealand', 'Oman', 'Panama', 'Peru', 'French Polynesia', 'Papua New Guinea', 'Philippines', 'Pakistan', 'Poland', 'Saint Pierre and Miquelon', 'Pitcairn Islands', 'Puerto Rico', 'Palestine', 'Portugal', 'Palau', 'Paraguay', 'Qatar', 'Réunion', 'Romania', 'Serbia', 'Russia', 'Rwanda', 'Saudi Arabia', 'Solomon Islands', 'Seychelles', 'Sudan', 'Sweden', 'Singapore', 'Saint Helena', 'Slovenia', 'Svalbard and Jan Mayen', 'Slovakia', 'Sierra Leone', 'San Marino', 'Senegal', 'Somalia', 'Suriname', 'South Sudan', 'São Tomé and Príncipe', 'El Salvador', 'Sint Maarten', 'Syria', 'Eswatini', 'Turks and Caicos Islands', 'Chad', 'French Southern Territories', 'Togo', 'Thailand', 'Tajikistan', 'Tokelau', 'Timor-Leste', 'Turkmenistan', 'Tunisia', 'Tonga', 'Türkiye', 'Trinidad and Tobago', 'Tuvalu', 'Taiwan', 'Tanzania', 'Ukraine', 'Uganda', 'U.S. Outlying Islands', 'United States', 'Uruguay', 'Uzbekistan', 'Vatican City', 'St Vincent and Grenadines', 'Venezuela', 'British Virgin Islands', 'U.S. Virgin Islands', 'Vietnam', 'Vanuatu', 'Wallis and Futuna', 'Samoa', 'Kosovo', 'Yemen', 'Mayotte', 'South Africa', 'Zambia', 'Zimbabwe']
2025-01-30 14:20:20,544 - __main__ - INFO - Response time for the request: 0.35 seconds
2025-01-30 14:20:20,544 - __main__ - INFO - ----------------------------------------------------------------------------------------------------
2025-01-30 14:20:23,215 - __main__ - INFO - Request came to fetch all countries.
2025-01-30 14:20:23,498 - __main__ - INFO - response: ['Andorra', 'United Arab Emirates', 'Afghanistan', 'Antigua and Barbuda', 'Anguilla', 'Albania', 'Armenia', 'Angola', 'Antarctica', 'Argentina', 'American Samoa', 'Austria', 'Australia', 'Aruba', 'Åland', 'Azerbaijan', 'Bosnia and Herzegovina', 'Barbados', 'Bangladesh', 'Belgium', 'Burkina Faso', 'Bulgaria', 'Bahrain', 'Burundi', 'Benin', 'Saint Barthélemy', 'Bermuda', 'Brunei', 'Bolivia', 'Bonaire, Sint Eustatius, and Saba', 'Brazil', 'Bahamas', 'Bhutan', 'Bouvet Island', 'Botswana', 'Belarus', 'Belize', 'Canada', 'Cocos (Keeling) Islands', 'DR Congo', 'Central African Republic', 'Congo Republic', 'Switzerland', 'Ivory Coast', 'Cook Islands', 'Chile', 'Cameroon', 'China', 'Colombia', 'Costa Rica', 'Cuba', 'Cabo Verde', 'Curaçao', 'Christmas Island', 'Cyprus', 'Czechia', 'Germany', 'Djibouti', 'Denmark', 'Dominica', 'Dominican Republic', 'Algeria', 'Ecuador', 'Estonia', 'Egypt', 'Western Sahara', 'Eritrea', 'Spain', 'Ethiopia', 'Finland', 'Fiji', 'Falkland Islands', 'Micronesia', 'Faroe Islands', 'France', 'Gabon', 'United Kingdom', 'Grenada', 'Georgia', 'French Guiana', 'Guernsey', 'Ghana', 'Gibraltar', 'Greenland', 'The Gambia', 'Guinea', 'Guadeloupe', 'Equatorial Guinea', 'Greece', 'South Georgia and South Sandwich Islands', 'Guatemala', 'Guam', 'Guinea-Bissau', 'Guyana', 'Hong Kong', 'Heard and McDonald Islands', 'Honduras', 'Croatia', 'Haiti', 'Hungary', 'Indonesia', 'Ireland', 'Israel', 'Isle of Man', 'India', 'British Indian Ocean Territory', 'Iraq', 'Iran', 'Iceland', 'Italy', 'Jersey', 'Jamaica', 'Jordan', 'Japan', 'Kenya', 'Kyrgyzstan', 'Cambodia', 'Kiribati', 'Comoros', 'St Kitts and Nevis', 'North Korea', 'South Korea', 'Kuwait', 'Cayman Islands', 'Kazakhstan', 'Laos', 'Lebanon', 'Saint Lucia', 'Liechtenstein', 'Sri Lanka', 'Liberia', 'Lesotho', 'Lithuania', 'Luxembourg', 'Latvia', 'Libya', 'Morocco', 'Monaco', 'Moldova', 'Montenegro', 'Saint Martin', 'Madagascar', 'Marshall Islands', 'North Macedonia', 'Mali', 'Myanmar', 'Mongolia', 'Macao', 'Northern Mariana Islands', 'Martinique', 'Mauritania', 'Montserrat', 'Malta', 'Mauritius', 'Maldives', 'Malawi', 'Mexico', 'Malaysia', 'Mozambique', 'Namibia', 'New Caledonia', 'Niger', 'Norfolk Island', 'Nigeria', 'Nicaragua', 'The Netherlands', 'Norway', 'Nepal', 'Nauru', 'Niue', 'New Zealand', 'Oman', 'Panama', 'Peru', 'French Polynesia', 'Papua New Guinea', 'Philippines', 'Pakistan', 'Poland', 'Saint Pierre and Miquelon', 'Pitcairn Islands', 'Puerto Rico', 'Palestine', 'Portugal', 'Palau', 'Paraguay', 'Qatar', 'Réunion', 'Romania', 'Serbia', 'Russia', 'Rwanda', 'Saudi Arabia', 'Solomon Islands', 'Seychelles', 'Sudan', 'Sweden', 'Singapore', 'Saint Helena', 'Slovenia', 'Svalbard and Jan Mayen', 'Slovakia', 'Sierra Leone', 'San Marino', 'Senegal', 'Somalia', 'Suriname', 'South Sudan', 'São Tomé and Príncipe', 'El Salvador', 'Sint Maarten', 'Syria', 'Eswatini', 'Turks and Caicos Islands', 'Chad', 'French Southern Territories', 'Togo', 'Thailand', 'Tajikistan', 'Tokelau', 'Timor-Leste', 'Turkmenistan', 'Tunisia', 'Tonga', 'Türkiye', 'Trinidad and Tobago', 'Tuvalu', 'Taiwan', 'Tanzania', 'Ukraine', 'Uganda', 'U.S. Outlying Islands', 'United States', 'Uruguay', 'Uzbekistan', 'Vatican City', 'St Vincent and Grenadines', 'Venezuela', 'British Virgin Islands', 'U.S. Virgin Islands', 'Vietnam', 'Vanuatu', 'Wallis and Futuna', 'Samoa', 'Kosovo', 'Yemen', 'Mayotte', 'South Africa', 'Zambia', 'Zimbabwe']
2025-01-30 14:20:23,524 - __main__ - INFO - Response time for the request: 0.31 seconds
2025-01-30 14:20:23,524 - __main__ - INFO - ----------------------------------------------------------------------------------------------------
2025-01-30 14:20:55,809 - __main__ - INFO - Request came to fetch all countries.
2025-01-30 14:20:57,194 - __main__ - INFO - response: ['Andorra', 'United Arab Emirates', 'Afghanistan', 'Antigua and Barbuda', 'Anguilla', 'Albania', 'Armenia', 'Angola', 'Antarctica', 'Argentina', 'American Samoa', 'Austria', 'Australia', 'Aruba', 'Åland', 'Azerbaijan', 'Bosnia and Herzegovina', 'Barbados', 'Bangladesh', 'Belgium', 'Burkina Faso', 'Bulgaria', 'Bahrain', 'Burundi', 'Benin', 'Saint Barthélemy', 'Bermuda', 'Brunei', 'Bolivia', 'Bonaire, Sint Eustatius, and Saba', 'Brazil', 'Bahamas', 'Bhutan', 'Bouvet Island', 'Botswana', 'Belarus', 'Belize', 'Canada', 'Cocos (Keeling) Islands', 'DR Congo', 'Central African Republic', 'Congo Republic', 'Switzerland', 'Ivory Coast', 'Cook Islands', 'Chile', 'Cameroon', 'China', 'Colombia', 'Costa Rica', 'Cuba', 'Cabo Verde', 'Curaçao', 'Christmas Island', 'Cyprus', 'Czechia', 'Germany', 'Djibouti', 'Denmark', 'Dominica', 'Dominican Republic', 'Algeria', 'Ecuador', 'Estonia', 'Egypt', 'Western Sahara', 'Eritrea', 'Spain', 'Ethiopia', 'Finland', 'Fiji', 'Falkland Islands', 'Micronesia', 'Faroe Islands', 'France', 'Gabon', 'United Kingdom', 'Grenada', 'Georgia', 'French Guiana', 'Guernsey', 'Ghana', 'Gibraltar', 'Greenland', 'The Gambia', 'Guinea', 'Guadeloupe', 'Equatorial Guinea', 'Greece', 'South Georgia and South Sandwich Islands', 'Guatemala', 'Guam', 'Guinea-Bissau', 'Guyana', 'Hong Kong', 'Heard and McDonald Islands', 'Honduras', 'Croatia', 'Haiti', 'Hungary', 'Indonesia', 'Ireland', 'Israel', 'Isle of Man', 'India', 'British Indian Ocean Territory', 'Iraq', 'Iran', 'Iceland', 'Italy', 'Jersey', 'Jamaica', 'Jordan', 'Japan', 'Kenya', 'Kyrgyzstan', 'Cambodia', 'Kiribati', 'Comoros', 'St Kitts and Nevis', 'North Korea', 'South Korea', 'Kuwait', 'Cayman Islands', 'Kazakhstan', 'Laos', 'Lebanon', 'Saint Lucia', 'Liechtenstein', 'Sri Lanka', 'Liberia', 'Lesotho', 'Lithuania', 'Luxembourg', 'Latvia', 'Libya', 'Morocco', 'Monaco', 'Moldova', 'Montenegro', 'Saint Martin', 'Madagascar', 'Marshall Islands', 'North Macedonia', 'Mali', 'Myanmar', 'Mongolia', 'Macao', 'Northern Mariana Islands', 'Martinique', 'Mauritania', 'Montserrat', 'Malta', 'Mauritius', 'Maldives', 'Malawi', 'Mexico', 'Malaysia', 'Mozambique', 'Namibia', 'New Caledonia', 'Niger', 'Norfolk Island', 'Nigeria', 'Nicaragua', 'The Netherlands', 'Norway', 'Nepal', 'Nauru', 'Niue', 'New Zealand', 'Oman', 'Panama', 'Peru', 'French Polynesia', 'Papua New Guinea', 'Philippines', 'Pakistan', 'Poland', 'Saint Pierre and Miquelon', 'Pitcairn Islands', 'Puerto Rico', 'Palestine', 'Portugal', 'Palau', 'Paraguay', 'Qatar', 'Réunion', 'Romania', 'Serbia', 'Russia', 'Rwanda', 'Saudi Arabia', 'Solomon Islands', 'Seychelles', 'Sudan', 'Sweden', 'Singapore', 'Saint Helena', 'Slovenia', 'Svalbard and Jan Mayen', 'Slovakia', 'Sierra Leone', 'San Marino', 'Senegal', 'Somalia', 'Suriname', 'South Sudan', 'São Tomé and Príncipe', 'El Salvador', 'Sint Maarten', 'Syria', 'Eswatini', 'Turks and Caicos Islands', 'Chad', 'French Southern Territories', 'Togo', 'Thailand', 'Tajikistan', 'Tokelau', 'Timor-Leste', 'Turkmenistan', 'Tunisia', 'Tonga', 'Türkiye', 'Trinidad and Tobago', 'Tuvalu', 'Taiwan', 'Tanzania', 'Ukraine', 'Uganda', 'U.S. Outlying Islands', 'United States', 'Uruguay', 'Uzbekistan', 'Vatican City', 'St Vincent and Grenadines', 'Venezuela', 'British Virgin Islands', 'U.S. Virgin Islands', 'Vietnam', 'Vanuatu', 'Wallis and Futuna', 'Samoa', 'Kosovo', 'Yemen', 'Mayotte', 'South Africa', 'Zambia', 'Zimbabwe']
2025-01-30 14:20:57,205 - __main__ - INFO - Response time for the request: 1.40 seconds
2025-01-30 14:20:57,206 - __main__ - INFO - ----------------------------------------------------------------------------------------------------
2025-01-30 14:20:57,627 - __main__ - INFO - Request came to fetch all countries.
2025-01-30 14:20:57,835 - __main__ - INFO - response: ['Andorra', 'United Arab Emirates', 'Afghanistan', 'Antigua and Barbuda', 'Anguilla', 'Albania', 'Armenia', 'Angola', 'Antarctica', 'Argentina', 'American Samoa', 'Austria', 'Australia', 'Aruba', 'Åland', 'Azerbaijan', 'Bosnia and Herzegovina', 'Barbados', 'Bangladesh', 'Belgium', 'Burkina Faso', 'Bulgaria', 'Bahrain', 'Burundi', 'Benin', 'Saint Barthélemy', 'Bermuda', 'Brunei', 'Bolivia', 'Bonaire, Sint Eustatius, and Saba', 'Brazil', 'Bahamas', 'Bhutan', 'Bouvet Island', 'Botswana', 'Belarus', 'Belize', 'Canada', 'Cocos (Keeling) Islands', 'DR Congo', 'Central African Republic', 'Congo Republic', 'Switzerland', 'Ivory Coast', 'Cook Islands', 'Chile', 'Cameroon', 'China', 'Colombia', 'Costa Rica', 'Cuba', 'Cabo Verde', 'Curaçao', 'Christmas Island', 'Cyprus', 'Czechia', 'Germany', 'Djibouti', 'Denmark', 'Dominica', 'Dominican Republic', 'Algeria', 'Ecuador', 'Estonia', 'Egypt', 'Western Sahara', 'Eritrea', 'Spain', 'Ethiopia', 'Finland', 'Fiji', 'Falkland Islands', 'Micronesia', 'Faroe Islands', 'France', 'Gabon', 'United Kingdom', 'Grenada', 'Georgia', 'French Guiana', 'Guernsey', 'Ghana', 'Gibraltar', 'Greenland', 'The Gambia', 'Guinea', 'Guadeloupe', 'Equatorial Guinea', 'Greece', 'South Georgia and South Sandwich Islands', 'Guatemala', 'Guam', 'Guinea-Bissau', 'Guyana', 'Hong Kong', 'Heard and McDonald Islands', 'Honduras', 'Croatia', 'Haiti', 'Hungary', 'Indonesia', 'Ireland', 'Israel', 'Isle of Man', 'India', 'British Indian Ocean Territory', 'Iraq', 'Iran', 'Iceland', 'Italy', 'Jersey', 'Jamaica', 'Jordan', 'Japan', 'Kenya', 'Kyrgyzstan', 'Cambodia', 'Kiribati', 'Comoros', 'St Kitts and Nevis', 'North Korea', 'South Korea', 'Kuwait', 'Cayman Islands', 'Kazakhstan', 'Laos', 'Lebanon', 'Saint Lucia', 'Liechtenstein', 'Sri Lanka', 'Liberia', 'Lesotho', 'Lithuania', 'Luxembourg', 'Latvia', 'Libya', 'Morocco', 'Monaco', 'Moldova', 'Montenegro', 'Saint Martin', 'Madagascar', 'Marshall Islands', 'North Macedonia', 'Mali', 'Myanmar', 'Mongolia', 'Macao', 'Northern Mariana Islands', 'Martinique', 'Mauritania', 'Montserrat', 'Malta', 'Mauritius', 'Maldives', 'Malawi', 'Mexico', 'Malaysia', 'Mozambique', 'Namibia', 'New Caledonia', 'Niger', 'Norfolk Island', 'Nigeria', 'Nicaragua', 'The Netherlands', 'Norway', 'Nepal', 'Nauru', 'Niue', 'New Zealand', 'Oman', 'Panama', 'Peru', 'French Polynesia', 'Papua New Guinea', 'Philippines', 'Pakistan', 'Poland', 'Saint Pierre and Miquelon', 'Pitcairn Islands', 'Puerto Rico', 'Palestine', 'Portugal', 'Palau', 'Paraguay', 'Qatar', 'Réunion', 'Romania', 'Serbia', 'Russia', 'Rwanda', 'Saudi Arabia', 'Solomon Islands', 'Seychelles', 'Sudan', 'Sweden', 'Singapore', 'Saint Helena', 'Slovenia', 'Svalbard and Jan Mayen', 'Slovakia', 'Sierra Leone', 'San Marino', 'Senegal', 'Somalia', 'Suriname', 'South Sudan', 'São Tomé and Príncipe', 'El Salvador', 'Sint Maarten', 'Syria', 'Eswatini', 'Turks and Caicos Islands', 'Chad', 'French Southern Territories', 'Togo', 'Thailand', 'Tajikistan', 'Tokelau', 'Timor-Leste', 'Turkmenistan', 'Tunisia', 'Tonga', 'Türkiye', 'Trinidad and Tobago', 'Tuvalu', 'Taiwan', 'Tanzania', 'Ukraine', 'Uganda', 'U.S. Outlying Islands', 'United States', 'Uruguay', 'Uzbekistan', 'Vatican City', 'St Vincent and Grenadines', 'Venezuela', 'British Virgin Islands', 'U.S. Virgin Islands', 'Vietnam', 'Vanuatu', 'Wallis and Futuna', 'Samoa', 'Kosovo', 'Yemen', 'Mayotte', 'South Africa', 'Zambia', 'Zimbabwe']
2025-01-30 14:20:57,838 - __main__ - INFO - Response time for the request: 0.21 seconds
2025-01-30 14:20:57,839 - __main__ - INFO - ----------------------------------------------------------------------------------------------------
2025-01-30 14:20:58,177 - __main__ - INFO - Request came to fetch all countries.
2025-01-30 14:20:58,381 - __main__ - INFO - response: ['Andorra', 'United Arab Emirates', 'Afghanistan', 'Antigua and Barbuda', 'Anguilla', 'Albania', 'Armenia', 'Angola', 'Antarctica', 'Argentina', 'American Samoa', 'Austria', 'Australia', 'Aruba', 'Åland', 'Azerbaijan', 'Bosnia and Herzegovina', 'Barbados', 'Bangladesh', 'Belgium', 'Burkina Faso', 'Bulgaria', 'Bahrain', 'Burundi', 'Benin', 'Saint Barthélemy', 'Bermuda', 'Brunei', 'Bolivia', 'Bonaire, Sint Eustatius, and Saba', 'Brazil', 'Bahamas', 'Bhutan', 'Bouvet Island', 'Botswana', 'Belarus', 'Belize', 'Canada', 'Cocos (Keeling) Islands', 'DR Congo', 'Central African Republic', 'Congo Republic', 'Switzerland', 'Ivory Coast', 'Cook Islands', 'Chile', 'Cameroon', 'China', 'Colombia', 'Costa Rica', 'Cuba', 'Cabo Verde', 'Curaçao', 'Christmas Island', 'Cyprus', 'Czechia', 'Germany', 'Djibouti', 'Denmark', 'Dominica', 'Dominican Republic', 'Algeria', 'Ecuador', 'Estonia', 'Egypt', 'Western Sahara', 'Eritrea', 'Spain', 'Ethiopia', 'Finland', 'Fiji', 'Falkland Islands', 'Micronesia', 'Faroe Islands', 'France', 'Gabon', 'United Kingdom', 'Grenada', 'Georgia', 'French Guiana', 'Guernsey', 'Ghana', 'Gibraltar', 'Greenland', 'The Gambia', 'Guinea', 'Guadeloupe', 'Equatorial Guinea', 'Greece', 'South Georgia and South Sandwich Islands', 'Guatemala', 'Guam', 'Guinea-Bissau', 'Guyana', 'Hong Kong', 'Heard and McDonald Islands', 'Honduras', 'Croatia', 'Haiti', 'Hungary', 'Indonesia', 'Ireland', 'Israel', 'Isle of Man', 'India', 'British Indian Ocean Territory', 'Iraq', 'Iran', 'Iceland', 'Italy', 'Jersey', 'Jamaica', 'Jordan', 'Japan', 'Kenya', 'Kyrgyzstan', 'Cambodia', 'Kiribati', 'Comoros', 'St Kitts and Nevis', 'North Korea', 'South Korea', 'Kuwait', 'Cayman Islands', 'Kazakhstan', 'Laos', 'Lebanon', 'Saint Lucia', 'Liechtenstein', 'Sri Lanka', 'Liberia', 'Lesotho', 'Lithuania', 'Luxembourg', 'Latvia', 'Libya', 'Morocco', 'Monaco', 'Moldova', 'Montenegro', 'Saint Martin', 'Madagascar', 'Marshall Islands', 'North Macedonia', 'Mali', 'Myanmar', 'Mongolia', 'Macao', 'Northern Mariana Islands', 'Martinique', 'Mauritania', 'Montserrat', 'Malta', 'Mauritius', 'Maldives', 'Malawi', 'Mexico', 'Malaysia', 'Mozambique', 'Namibia', 'New Caledonia', 'Niger', 'Norfolk Island', 'Nigeria', 'Nicaragua', 'The Netherlands', 'Norway', 'Nepal', 'Nauru', 'Niue', 'New Zealand', 'Oman', 'Panama', 'Peru', 'French Polynesia', 'Papua New Guinea', 'Philippines', 'Pakistan', 'Poland', 'Saint Pierre and Miquelon', 'Pitcairn Islands', 'Puerto Rico', 'Palestine', 'Portugal', 'Palau', 'Paraguay', 'Qatar', 'Réunion', 'Romania', 'Serbia', 'Russia', 'Rwanda', 'Saudi Arabia', 'Solomon Islands', 'Seychelles', 'Sudan', 'Sweden', 'Singapore', 'Saint Helena', 'Slovenia', 'Svalbard and Jan Mayen', 'Slovakia', 'Sierra Leone', 'San Marino', 'Senegal', 'Somalia', 'Suriname', 'South Sudan', 'São Tomé and Príncipe', 'El Salvador', 'Sint Maarten', 'Syria', 'Eswatini', 'Turks and Caicos Islands', 'Chad', 'French Southern Territories', 'Togo', 'Thailand', 'Tajikistan', 'Tokelau', 'Timor-Leste', 'Turkmenistan', 'Tunisia', 'Tonga', 'Türkiye', 'Trinidad and Tobago', 'Tuvalu', 'Taiwan', 'Tanzania', 'Ukraine', 'Uganda', 'U.S. Outlying Islands', 'United States', 'Uruguay', 'Uzbekistan', 'Vatican City', 'St Vincent and Grenadines', 'Venezuela', 'British Virgin Islands', 'U.S. Virgin Islands', 'Vietnam', 'Vanuatu', 'Wallis and Futuna', 'Samoa', 'Kosovo', 'Yemen', 'Mayotte', 'South Africa', 'Zambia', 'Zimbabwe']
2025-01-30 14:20:58,423 - __main__ - INFO - Response time for the request: 0.24 seconds
2025-01-30 14:20:58,423 - __main__ - INFO - ----------------------------------------------------------------------------------------------------
2025-01-30 14:20:58,937 - __main__ - INFO - Request came to fetch all countries.
2025-01-30 14:20:59,081 - __main__ - INFO - response: ['Andorra', 'United Arab Emirates', 'Afghanistan', 'Antigua and Barbuda', 'Anguilla', 'Albania', 'Armenia', 'Angola', 'Antarctica', 'Argentina', 'American Samoa', 'Austria', 'Australia', 'Aruba', 'Åland', 'Azerbaijan', 'Bosnia and Herzegovina', 'Barbados', 'Bangladesh', 'Belgium', 'Burkina Faso', 'Bulgaria', 'Bahrain', 'Burundi', 'Benin', 'Saint Barthélemy', 'Bermuda', 'Brunei', 'Bolivia', 'Bonaire, Sint Eustatius, and Saba', 'Brazil', 'Bahamas', 'Bhutan', 'Bouvet Island', 'Botswana', 'Belarus', 'Belize', 'Canada', 'Cocos (Keeling) Islands', 'DR Congo', 'Central African Republic', 'Congo Republic', 'Switzerland', 'Ivory Coast', 'Cook Islands', 'Chile', 'Cameroon', 'China', 'Colombia', 'Costa Rica', 'Cuba', 'Cabo Verde', 'Curaçao', 'Christmas Island', 'Cyprus', 'Czechia', 'Germany', 'Djibouti', 'Denmark', 'Dominica', 'Dominican Republic', 'Algeria', 'Ecuador', 'Estonia', 'Egypt', 'Western Sahara', 'Eritrea', 'Spain', 'Ethiopia', 'Finland', 'Fiji', 'Falkland Islands', 'Micronesia', 'Faroe Islands', 'France', 'Gabon', 'United Kingdom', 'Grenada', 'Georgia', 'French Guiana', 'Guernsey', 'Ghana', 'Gibraltar', 'Greenland', 'The Gambia', 'Guinea', 'Guadeloupe', 'Equatorial Guinea', 'Greece', 'South Georgia and South Sandwich Islands', 'Guatemala', 'Guam', 'Guinea-Bissau', 'Guyana', 'Hong Kong', 'Heard and McDonald Islands', 'Honduras', 'Croatia', 'Haiti', 'Hungary', 'Indonesia', 'Ireland', 'Israel', 'Isle of Man', 'India', 'British Indian Ocean Territory', 'Iraq', 'Iran', 'Iceland', 'Italy', 'Jersey', 'Jamaica', 'Jordan', 'Japan', 'Kenya', 'Kyrgyzstan', 'Cambodia', 'Kiribati', 'Comoros', 'St Kitts and Nevis', 'North Korea', 'South Korea', 'Kuwait', 'Cayman Islands', 'Kazakhstan', 'Laos', 'Lebanon', 'Saint Lucia', 'Liechtenstein', 'Sri Lanka', 'Liberia', 'Lesotho', 'Lithuania', 'Luxembourg', 'Latvia', 'Libya', 'Morocco', 'Monaco', 'Moldova', 'Montenegro', 'Saint Martin', 'Madagascar', 'Marshall Islands', 'North Macedonia', 'Mali', 'Myanmar', 'Mongolia', 'Macao', 'Northern Mariana Islands', 'Martinique', 'Mauritania', 'Montserrat', 'Malta', 'Mauritius', 'Maldives', 'Malawi', 'Mexico', 'Malaysia', 'Mozambique', 'Namibia', 'New Caledonia', 'Niger', 'Norfolk Island', 'Nigeria', 'Nicaragua', 'The Netherlands', 'Norway', 'Nepal', 'Nauru', 'Niue', 'New Zealand', 'Oman', 'Panama', 'Peru', 'French Polynesia', 'Papua New Guinea', 'Philippines', 'Pakistan', 'Poland', 'Saint Pierre and Miquelon', 'Pitcairn Islands', 'Puerto Rico', 'Palestine', 'Portugal', 'Palau', 'Paraguay', 'Qatar', 'Réunion', 'Romania', 'Serbia', 'Russia', 'Rwanda', 'Saudi Arabia', 'Solomon Islands', 'Seychelles', 'Sudan', 'Sweden', 'Singapore', 'Saint Helena', 'Slovenia', 'Svalbard and Jan Mayen', 'Slovakia', 'Sierra Leone', 'San Marino', 'Senegal', 'Somalia', 'Suriname', 'South Sudan', 'São Tomé and Príncipe', 'El Salvador', 'Sint Maarten', 'Syria', 'Eswatini', 'Turks and Caicos Islands', 'Chad', 'French Southern Territories', 'Togo', 'Thailand', 'Tajikistan', 'Tokelau', 'Timor-Leste', 'Turkmenistan', 'Tunisia', 'Tonga', 'Türkiye', 'Trinidad and Tobago', 'Tuvalu', 'Taiwan', 'Tanzania', 'Ukraine', 'Uganda', 'U.S. Outlying Islands', 'United States', 'Uruguay', 'Uzbekistan', 'Vatican City', 'St Vincent and Grenadines', 'Venezuela', 'British Virgin Islands', 'U.S. Virgin Islands', 'Vietnam', 'Vanuatu', 'Wallis and Futuna', 'Samoa', 'Kosovo', 'Yemen', 'Mayotte', 'South Africa', 'Zambia', 'Zimbabwe']
2025-01-30 14:20:59,090 - __main__ - INFO - Response time for the request: 0.15 seconds
2025-01-30 14:20:59,091 - __main__ - INFO - ----------------------------------------------------------------------------------------------------
2025-01-30 14:20:59,779 - __main__ - INFO - Request came to fetch all countries.
2025-01-30 14:20:59,909 - __main__ - INFO - response: ['Andorra', 'United Arab Emirates', 'Afghanistan', 'Antigua and Barbuda', 'Anguilla', 'Albania', 'Armenia', 'Angola', 'Antarctica', 'Argentina', 'American Samoa', 'Austria', 'Australia', 'Aruba', 'Åland', 'Azerbaijan', 'Bosnia and Herzegovina', 'Barbados', 'Bangladesh', 'Belgium', 'Burkina Faso', 'Bulgaria', 'Bahrain', 'Burundi', 'Benin', 'Saint Barthélemy', 'Bermuda', 'Brunei', 'Bolivia', 'Bonaire, Sint Eustatius, and Saba', 'Brazil', 'Bahamas', 'Bhutan', 'Bouvet Island', 'Botswana', 'Belarus', 'Belize', 'Canada', 'Cocos (Keeling) Islands', 'DR Congo', 'Central African Republic', 'Congo Republic', 'Switzerland', 'Ivory Coast', 'Cook Islands', 'Chile', 'Cameroon', 'China', 'Colombia', 'Costa Rica', 'Cuba', 'Cabo Verde', 'Curaçao', 'Christmas Island', 'Cyprus', 'Czechia', 'Germany', 'Djibouti', 'Denmark', 'Dominica', 'Dominican Republic', 'Algeria', 'Ecuador', 'Estonia', 'Egypt', 'Western Sahara', 'Eritrea', 'Spain', 'Ethiopia', 'Finland', 'Fiji', 'Falkland Islands', 'Micronesia', 'Faroe Islands', 'France', 'Gabon', 'United Kingdom', 'Grenada', 'Georgia', 'French Guiana', 'Guernsey', 'Ghana', 'Gibraltar', 'Greenland', 'The Gambia', 'Guinea', 'Guadeloupe', 'Equatorial Guinea', 'Greece', 'South Georgia and South Sandwich Islands', 'Guatemala', 'Guam', 'Guinea-Bissau', 'Guyana', 'Hong Kong', 'Heard and McDonald Islands', 'Honduras', 'Croatia', 'Haiti', 'Hungary', 'Indonesia', 'Ireland', 'Israel', 'Isle of Man', 'India', 'British Indian Ocean Territory', 'Iraq', 'Iran', 'Iceland', 'Italy', 'Jersey', 'Jamaica', 'Jordan', 'Japan', 'Kenya', 'Kyrgyzstan', 'Cambodia', 'Kiribati', 'Comoros', 'St Kitts and Nevis', 'North Korea', 'South Korea', 'Kuwait', 'Cayman Islands', 'Kazakhstan', 'Laos', 'Lebanon', 'Saint Lucia', 'Liechtenstein', 'Sri Lanka', 'Liberia', 'Lesotho', 'Lithuania', 'Luxembourg', 'Latvia', 'Libya', 'Morocco', 'Monaco', 'Moldova', 'Montenegro', 'Saint Martin', 'Madagascar', 'Marshall Islands', 'North Macedonia', 'Mali', 'Myanmar', 'Mongolia', 'Macao', 'Northern Mariana Islands', 'Martinique', 'Mauritania', 'Montserrat', 'Malta', 'Mauritius', 'Maldives', 'Malawi', 'Mexico', 'Malaysia', 'Mozambique', 'Namibia', 'New Caledonia', 'Niger', 'Norfolk Island', 'Nigeria', 'Nicaragua', 'The Netherlands', 'Norway', 'Nepal', 'Nauru', 'Niue', 'New Zealand', 'Oman', 'Panama', 'Peru', 'French Polynesia', 'Papua New Guinea', 'Philippines', 'Pakistan', 'Poland', 'Saint Pierre and Miquelon', 'Pitcairn Islands', 'Puerto Rico', 'Palestine', 'Portugal', 'Palau', 'Paraguay', 'Qatar', 'Réunion', 'Romania', 'Serbia', 'Russia', 'Rwanda', 'Saudi Arabia', 'Solomon Islands', 'Seychelles', 'Sudan', 'Sweden', 'Singapore', 'Saint Helena', 'Slovenia', 'Svalbard and Jan Mayen', 'Slovakia', 'Sierra Leone', 'San Marino', 'Senegal', 'Somalia', 'Suriname', 'South Sudan', 'São Tomé and Príncipe', 'El Salvador', 'Sint Maarten', 'Syria', 'Eswatini', 'Turks and Caicos Islands', 'Chad', 'French Southern Territories', 'Togo', 'Thailand', 'Tajikistan', 'Tokelau', 'Timor-Leste', 'Turkmenistan', 'Tunisia', 'Tonga', 'Türkiye', 'Trinidad and Tobago', 'Tuvalu', 'Taiwan', 'Tanzania', 'Ukraine', 'Uganda', 'U.S. Outlying Islands', 'United States', 'Uruguay', 'Uzbekistan', 'Vatican City', 'St Vincent and Grenadines', 'Venezuela', 'British Virgin Islands', 'U.S. Virgin Islands', 'Vietnam', 'Vanuatu', 'Wallis and Futuna', 'Samoa', 'Kosovo', 'Yemen', 'Mayotte', 'South Africa', 'Zambia', 'Zimbabwe']
2025-01-30 14:20:59,913 - __main__ - INFO - Response time for the request: 0.13 seconds
2025-01-30 14:20:59,914 - __main__ - INFO - ----------------------------------------------------------------------------------------------------
2025-01-30 14:21:00,354 - __main__ - INFO - Request came to fetch all countries.
2025-01-30 14:21:00,691 - __main__ - INFO - response: ['Andorra', 'United Arab Emirates', 'Afghanistan', 'Antigua and Barbuda', 'Anguilla', 'Albania', 'Armenia', 'Angola', 'Antarctica', 'Argentina', 'American Samoa', 'Austria', 'Australia', 'Aruba', 'Åland', 'Azerbaijan', 'Bosnia and Herzegovina', 'Barbados', 'Bangladesh', 'Belgium', 'Burkina Faso', 'Bulgaria', 'Bahrain', 'Burundi', 'Benin', 'Saint Barthélemy', 'Bermuda', 'Brunei', 'Bolivia', 'Bonaire, Sint Eustatius, and Saba', 'Brazil', 'Bahamas', 'Bhutan', 'Bouvet Island', 'Botswana', 'Belarus', 'Belize', 'Canada', 'Cocos (Keeling) Islands', 'DR Congo', 'Central African Republic', 'Congo Republic', 'Switzerland', 'Ivory Coast', 'Cook Islands', 'Chile', 'Cameroon', 'China', 'Colombia', 'Costa Rica', 'Cuba', 'Cabo Verde', 'Curaçao', 'Christmas Island', 'Cyprus', 'Czechia', 'Germany', 'Djibouti', 'Denmark', 'Dominica', 'Dominican Republic', 'Algeria', 'Ecuador', 'Estonia', 'Egypt', 'Western Sahara', 'Eritrea', 'Spain', 'Ethiopia', 'Finland', 'Fiji', 'Falkland Islands', 'Micronesia', 'Faroe Islands', 'France', 'Gabon', 'United Kingdom', 'Grenada', 'Georgia', 'French Guiana', 'Guernsey', 'Ghana', 'Gibraltar', 'Greenland', 'The Gambia', 'Guinea', 'Guadeloupe', 'Equatorial Guinea', 'Greece', 'South Georgia and South Sandwich Islands', 'Guatemala', 'Guam', 'Guinea-Bissau', 'Guyana', 'Hong Kong', 'Heard and McDonald Islands', 'Honduras', 'Croatia', 'Haiti', 'Hungary', 'Indonesia', 'Ireland', 'Israel', 'Isle of Man', 'India', 'British Indian Ocean Territory', 'Iraq', 'Iran', 'Iceland', 'Italy', 'Jersey', 'Jamaica', 'Jordan', 'Japan', 'Kenya', 'Kyrgyzstan', 'Cambodia', 'Kiribati', 'Comoros', 'St Kitts and Nevis', 'North Korea', 'South Korea', 'Kuwait', 'Cayman Islands', 'Kazakhstan', 'Laos', 'Lebanon', 'Saint Lucia', 'Liechtenstein', 'Sri Lanka', 'Liberia', 'Lesotho', 'Lithuania', 'Luxembourg', 'Latvia', 'Libya', 'Morocco', 'Monaco', 'Moldova', 'Montenegro', 'Saint Martin', 'Madagascar', 'Marshall Islands', 'North Macedonia', 'Mali', 'Myanmar', 'Mongolia', 'Macao', 'Northern Mariana Islands', 'Martinique', 'Mauritania', 'Montserrat', 'Malta', 'Mauritius', 'Maldives', 'Malawi', 'Mexico', 'Malaysia', 'Mozambique', 'Namibia', 'New Caledonia', 'Niger', 'Norfolk Island', 'Nigeria', 'Nicaragua', 'The Netherlands', 'Norway', 'Nepal', 'Nauru', 'Niue', 'New Zealand', 'Oman', 'Panama', 'Peru', 'French Polynesia', 'Papua New Guinea', 'Philippines', 'Pakistan', 'Poland', 'Saint Pierre and Miquelon', 'Pitcairn Islands', 'Puerto Rico', 'Palestine', 'Portugal', 'Palau', 'Paraguay', 'Qatar', 'Réunion', 'Romania', 'Serbia', 'Russia', 'Rwanda', 'Saudi Arabia', 'Solomon Islands', 'Seychelles', 'Sudan', 'Sweden', 'Singapore', 'Saint Helena', 'Slovenia', 'Svalbard and Jan Mayen', 'Slovakia', 'Sierra Leone', 'San Marino', 'Senegal', 'Somalia', 'Suriname', 'South Sudan', 'São Tomé and Príncipe', 'El Salvador', 'Sint Maarten', 'Syria', 'Eswatini', 'Turks and Caicos Islands', 'Chad', 'French Southern Territories', 'Togo', 'Thailand', 'Tajikistan', 'Tokelau', 'Timor-Leste', 'Turkmenistan', 'Tunisia', 'Tonga', 'Türkiye', 'Trinidad and Tobago', 'Tuvalu', 'Taiwan', 'Tanzania', 'Ukraine', 'Uganda', 'U.S. Outlying Islands', 'United States', 'Uruguay', 'Uzbekistan', 'Vatican City', 'St Vincent and Grenadines', 'Venezuela', 'British Virgin Islands', 'U.S. Virgin Islands', 'Vietnam', 'Vanuatu', 'Wallis and Futuna', 'Samoa', 'Kosovo', 'Yemen', 'Mayotte', 'South Africa', 'Zambia', 'Zimbabwe']
2025-01-30 14:21:00,704 - __main__ - INFO - Response time for the request: 0.35 seconds
2025-01-30 14:21:00,704 - __main__ - INFO - ----------------------------------------------------------------------------------------------------
2025-01-30 14:21:01,054 - __main__ - INFO - Request came to fetch all countries.
2025-01-30 14:21:01,325 - __main__ - INFO - response: ['Andorra', 'United Arab Emirates', 'Afghanistan', 'Antigua and Barbuda', 'Anguilla', 'Albania', 'Armenia', 'Angola', 'Antarctica', 'Argentina', 'American Samoa', 'Austria', 'Australia', 'Aruba', 'Åland', 'Azerbaijan', 'Bosnia and Herzegovina', 'Barbados', 'Bangladesh', 'Belgium', 'Burkina Faso', 'Bulgaria', 'Bahrain', 'Burundi', 'Benin', 'Saint Barthélemy', 'Bermuda', 'Brunei', 'Bolivia', 'Bonaire, Sint Eustatius, and Saba', 'Brazil', 'Bahamas', 'Bhutan', 'Bouvet Island', 'Botswana', 'Belarus', 'Belize', 'Canada', 'Cocos (Keeling) Islands', 'DR Congo', 'Central African Republic', 'Congo Republic', 'Switzerland', 'Ivory Coast', 'Cook Islands', 'Chile', 'Cameroon', 'China', 'Colombia', 'Costa Rica', 'Cuba', 'Cabo Verde', 'Curaçao', 'Christmas Island', 'Cyprus', 'Czechia', 'Germany', 'Djibouti', 'Denmark', 'Dominica', 'Dominican Republic', 'Algeria', 'Ecuador', 'Estonia', 'Egypt', 'Western Sahara', 'Eritrea', 'Spain', 'Ethiopia', 'Finland', 'Fiji', 'Falkland Islands', 'Micronesia', 'Faroe Islands', 'France', 'Gabon', 'United Kingdom', 'Grenada', 'Georgia', 'French Guiana', 'Guernsey', 'Ghana', 'Gibraltar', 'Greenland', 'The Gambia', 'Guinea', 'Guadeloupe', 'Equatorial Guinea', 'Greece', 'South Georgia and South Sandwich Islands', 'Guatemala', 'Guam', 'Guinea-Bissau', 'Guyana', 'Hong Kong', 'Heard and McDonald Islands', 'Honduras', 'Croatia', 'Haiti', 'Hungary', 'Indonesia', 'Ireland', 'Israel', 'Isle of Man', 'India', 'British Indian Ocean Territory', 'Iraq', 'Iran', 'Iceland', 'Italy', 'Jersey', 'Jamaica', 'Jordan', 'Japan', 'Kenya', 'Kyrgyzstan', 'Cambodia', 'Kiribati', 'Comoros', 'St Kitts and Nevis', 'North Korea', 'South Korea', 'Kuwait', 'Cayman Islands', 'Kazakhstan', 'Laos', 'Lebanon', 'Saint Lucia', 'Liechtenstein', 'Sri Lanka', 'Liberia', 'Lesotho', 'Lithuania', 'Luxembourg', 'Latvia', 'Libya', 'Morocco', 'Monaco', 'Moldova', 'Montenegro', 'Saint Martin', 'Madagascar', 'Marshall Islands', 'North Macedonia', 'Mali', 'Myanmar', 'Mongolia', 'Macao', 'Northern Mariana Islands', 'Martinique', 'Mauritania', 'Montserrat', 'Malta', 'Mauritius', 'Maldives', 'Malawi', 'Mexico', 'Malaysia', 'Mozambique', 'Namibia', 'New Caledonia', 'Niger', 'Norfolk Island', 'Nigeria', 'Nicaragua', 'The Netherlands', 'Norway', 'Nepal', 'Nauru', 'Niue', 'New Zealand', 'Oman', 'Panama', 'Peru', 'French Polynesia', 'Papua New Guinea', 'Philippines', 'Pakistan', 'Poland', 'Saint Pierre and Miquelon', 'Pitcairn Islands', 'Puerto Rico', 'Palestine', 'Portugal', 'Palau', 'Paraguay', 'Qatar', 'Réunion', 'Romania', 'Serbia', 'Russia', 'Rwanda', 'Saudi Arabia', 'Solomon Islands', 'Seychelles', 'Sudan', 'Sweden', 'Singapore', 'Saint Helena', 'Slovenia', 'Svalbard and Jan Mayen', 'Slovakia', 'Sierra Leone', 'San Marino', 'Senegal', 'Somalia', 'Suriname', 'South Sudan', 'São Tomé and Príncipe', 'El Salvador', 'Sint Maarten', 'Syria', 'Eswatini', 'Turks and Caicos Islands', 'Chad', 'French Southern Territories', 'Togo', 'Thailand', 'Tajikistan', 'Tokelau', 'Timor-Leste', 'Turkmenistan', 'Tunisia', 'Tonga', 'Türkiye', 'Trinidad and Tobago', 'Tuvalu', 'Taiwan', 'Tanzania', 'Ukraine', 'Uganda', 'U.S. Outlying Islands', 'United States', 'Uruguay', 'Uzbekistan', 'Vatican City', 'St Vincent and Grenadines', 'Venezuela', 'British Virgin Islands', 'U.S. Virgin Islands', 'Vietnam', 'Vanuatu', 'Wallis and Futuna', 'Samoa', 'Kosovo', 'Yemen', 'Mayotte', 'South Africa', 'Zambia', 'Zimbabwe']
2025-01-30 14:21:01,330 - __main__ - INFO - Response time for the request: 0.28 seconds
2025-01-30 14:21:01,331 - __main__ - INFO - ----------------------------------------------------------------------------------------------------
2025-01-30 14:21:01,658 - __main__ - INFO - Request came to fetch all countries.
2025-01-30 14:21:01,777 - __main__ - INFO - response: ['Andorra', 'United Arab Emirates', 'Afghanistan', 'Antigua and Barbuda', 'Anguilla', 'Albania', 'Armenia', 'Angola', 'Antarctica', 'Argentina', 'American Samoa', 'Austria', 'Australia', 'Aruba', 'Åland', 'Azerbaijan', 'Bosnia and Herzegovina', 'Barbados', 'Bangladesh', 'Belgium', 'Burkina Faso', 'Bulgaria', 'Bahrain', 'Burundi', 'Benin', 'Saint Barthélemy', 'Bermuda', 'Brunei', 'Bolivia', 'Bonaire, Sint Eustatius, and Saba', 'Brazil', 'Bahamas', 'Bhutan', 'Bouvet Island', 'Botswana', 'Belarus', 'Belize', 'Canada', 'Cocos (Keeling) Islands', 'DR Congo', 'Central African Republic', 'Congo Republic', 'Switzerland', 'Ivory Coast', 'Cook Islands', 'Chile', 'Cameroon', 'China', 'Colombia', 'Costa Rica', 'Cuba', 'Cabo Verde', 'Curaçao', 'Christmas Island', 'Cyprus', 'Czechia', 'Germany', 'Djibouti', 'Denmark', 'Dominica', 'Dominican Republic', 'Algeria', 'Ecuador', 'Estonia', 'Egypt', 'Western Sahara', 'Eritrea', 'Spain', 'Ethiopia', 'Finland', 'Fiji', 'Falkland Islands', 'Micronesia', 'Faroe Islands', 'France', 'Gabon', 'United Kingdom', 'Grenada', 'Georgia', 'French Guiana', 'Guernsey', 'Ghana', 'Gibraltar', 'Greenland', 'The Gambia', 'Guinea', 'Guadeloupe', 'Equatorial Guinea', 'Greece', 'South Georgia and South Sandwich Islands', 'Guatemala', 'Guam', 'Guinea-Bissau', 'Guyana', 'Hong Kong', 'Heard and McDonald Islands', 'Honduras', 'Croatia', 'Haiti', 'Hungary', 'Indonesia', 'Ireland', 'Israel', 'Isle of Man', 'India', 'British Indian Ocean Territory', 'Iraq', 'Iran', 'Iceland', 'Italy', 'Jersey', 'Jamaica', 'Jordan', 'Japan', 'Kenya', 'Kyrgyzstan', 'Cambodia', 'Kiribati', 'Comoros', 'St Kitts and Nevis', 'North Korea', 'South Korea', 'Kuwait', 'Cayman Islands', 'Kazakhstan', 'Laos', 'Lebanon', 'Saint Lucia', 'Liechtenstein', 'Sri Lanka', 'Liberia', 'Lesotho', 'Lithuania', 'Luxembourg', 'Latvia', 'Libya', 'Morocco', 'Monaco', 'Moldova', 'Montenegro', 'Saint Martin', 'Madagascar', 'Marshall Islands', 'North Macedonia', 'Mali', 'Myanmar', 'Mongolia', 'Macao', 'Northern Mariana Islands', 'Martinique', 'Mauritania', 'Montserrat', 'Malta', 'Mauritius', 'Maldives', 'Malawi', 'Mexico', 'Malaysia', 'Mozambique', 'Namibia', 'New Caledonia', 'Niger', 'Norfolk Island', 'Nigeria', 'Nicaragua', 'The Netherlands', 'Norway', 'Nepal', 'Nauru', 'Niue', 'New Zealand', 'Oman', 'Panama', 'Peru', 'French Polynesia', 'Papua New Guinea', 'Philippines', 'Pakistan', 'Poland', 'Saint Pierre and Miquelon', 'Pitcairn Islands', 'Puerto Rico', 'Palestine', 'Portugal', 'Palau', 'Paraguay', 'Qatar', 'Réunion', 'Romania', 'Serbia', 'Russia', 'Rwanda', 'Saudi Arabia', 'Solomon Islands', 'Seychelles', 'Sudan', 'Sweden', 'Singapore', 'Saint Helena', 'Slovenia', 'Svalbard and Jan Mayen', 'Slovakia', 'Sierra Leone', 'San Marino', 'Senegal', 'Somalia', 'Suriname', 'South Sudan', 'São Tomé and Príncipe', 'El Salvador', 'Sint Maarten', 'Syria', 'Eswatini', 'Turks and Caicos Islands', 'Chad', 'French Southern Territories', 'Togo', 'Thailand', 'Tajikistan', 'Tokelau', 'Timor-Leste', 'Turkmenistan', 'Tunisia', 'Tonga', 'Türkiye', 'Trinidad and Tobago', 'Tuvalu', 'Taiwan', 'Tanzania', 'Ukraine', 'Uganda', 'U.S. Outlying Islands', 'United States', 'Uruguay', 'Uzbekistan', 'Vatican City', 'St Vincent and Grenadines', 'Venezuela', 'British Virgin Islands', 'U.S. Virgin Islands', 'Vietnam', 'Vanuatu', 'Wallis and Futuna', 'Samoa', 'Kosovo', 'Yemen', 'Mayotte', 'South Africa', 'Zambia', 'Zimbabwe']
2025-01-30 14:21:01,782 - __main__ - INFO - Response time for the request: 0.12 seconds
2025-01-30 14:21:01,782 - __main__ - INFO - ----------------------------------------------------------------------------------------------------
2025-01-30 14:21:02,162 - __main__ - INFO - Request came to fetch all countries.
2025-01-30 14:21:02,716 - __main__ - INFO - response: ['Andorra', 'United Arab Emirates', 'Afghanistan', 'Antigua and Barbuda', 'Anguilla', 'Albania', 'Armenia', 'Angola', 'Antarctica', 'Argentina', 'American Samoa', 'Austria', 'Australia', 'Aruba', 'Åland', 'Azerbaijan', 'Bosnia and Herzegovina', 'Barbados', 'Bangladesh', 'Belgium', 'Burkina Faso', 'Bulgaria', 'Bahrain', 'Burundi', 'Benin', 'Saint Barthélemy', 'Bermuda', 'Brunei', 'Bolivia', 'Bonaire, Sint Eustatius, and Saba', 'Brazil', 'Bahamas', 'Bhutan', 'Bouvet Island', 'Botswana', 'Belarus', 'Belize', 'Canada', 'Cocos (Keeling) Islands', 'DR Congo', 'Central African Republic', 'Congo Republic', 'Switzerland', 'Ivory Coast', 'Cook Islands', 'Chile', 'Cameroon', 'China', 'Colombia', 'Costa Rica', 'Cuba', 'Cabo Verde', 'Curaçao', 'Christmas Island', 'Cyprus', 'Czechia', 'Germany', 'Djibouti', 'Denmark', 'Dominica', 'Dominican Republic', 'Algeria', 'Ecuador', 'Estonia', 'Egypt', 'Western Sahara', 'Eritrea', 'Spain', 'Ethiopia', 'Finland', 'Fiji', 'Falkland Islands', 'Micronesia', 'Faroe Islands', 'France', 'Gabon', 'United Kingdom', 'Grenada', 'Georgia', 'French Guiana', 'Guernsey', 'Ghana', 'Gibraltar', 'Greenland', 'The Gambia', 'Guinea', 'Guadeloupe', 'Equatorial Guinea', 'Greece', 'South Georgia and South Sandwich Islands', 'Guatemala', 'Guam', 'Guinea-Bissau', 'Guyana', 'Hong Kong', 'Heard and McDonald Islands', 'Honduras', 'Croatia', 'Haiti', 'Hungary', 'Indonesia', 'Ireland', 'Israel', 'Isle of Man', 'India', 'British Indian Ocean Territory', 'Iraq', 'Iran', 'Iceland', 'Italy', 'Jersey', 'Jamaica', 'Jordan', 'Japan', 'Kenya', 'Kyrgyzstan', 'Cambodia', 'Kiribati', 'Comoros', 'St Kitts and Nevis', 'North Korea', 'South Korea', 'Kuwait', 'Cayman Islands', 'Kazakhstan', 'Laos', 'Lebanon', 'Saint Lucia', 'Liechtenstein', 'Sri Lanka', 'Liberia', 'Lesotho', 'Lithuania', 'Luxembourg', 'Latvia', 'Libya', 'Morocco', 'Monaco', 'Moldova', 'Montenegro', 'Saint Martin', 'Madagascar', 'Marshall Islands', 'North Macedonia', 'Mali', 'Myanmar', 'Mongolia', 'Macao', 'Northern Mariana Islands', 'Martinique', 'Mauritania', 'Montserrat', 'Malta', 'Mauritius', 'Maldives', 'Malawi', 'Mexico', 'Malaysia', 'Mozambique', 'Namibia', 'New Caledonia', 'Niger', 'Norfolk Island', 'Nigeria', 'Nicaragua', 'The Netherlands', 'Norway', 'Nepal', 'Nauru', 'Niue', 'New Zealand', 'Oman', 'Panama', 'Peru', 'French Polynesia', 'Papua New Guinea', 'Philippines', 'Pakistan', 'Poland', 'Saint Pierre and Miquelon', 'Pitcairn Islands', 'Puerto Rico', 'Palestine', 'Portugal', 'Palau', 'Paraguay', 'Qatar', 'Réunion', 'Romania', 'Serbia', 'Russia', 'Rwanda', 'Saudi Arabia', 'Solomon Islands', 'Seychelles', 'Sudan', 'Sweden', 'Singapore', 'Saint Helena', 'Slovenia', 'Svalbard and Jan Mayen', 'Slovakia', 'Sierra Leone', 'San Marino', 'Senegal', 'Somalia', 'Suriname', 'South Sudan', 'São Tomé and Príncipe', 'El Salvador', 'Sint Maarten', 'Syria', 'Eswatini', 'Turks and Caicos Islands', 'Chad', 'French Southern Territories', 'Togo', 'Thailand', 'Tajikistan', 'Tokelau', 'Timor-Leste', 'Turkmenistan', 'Tunisia', 'Tonga', 'Türkiye', 'Trinidad and Tobago', 'Tuvalu', 'Taiwan', 'Tanzania', 'Ukraine', 'Uganda', 'U.S. Outlying Islands', 'United States', 'Uruguay', 'Uzbekistan', 'Vatican City', 'St Vincent and Grenadines', 'Venezuela', 'British Virgin Islands', 'U.S. Virgin Islands', 'Vietnam', 'Vanuatu', 'Wallis and Futuna', 'Samoa', 'Kosovo', 'Yemen', 'Mayotte', 'South Africa', 'Zambia', 'Zimbabwe']
2025-01-30 14:21:02,721 - __main__ - INFO - Response time for the request: 0.56 seconds
2025-01-30 14:21:02,721 - __main__ - INFO - ----------------------------------------------------------------------------------------------------
2025-01-30 14:21:03,163 - __main__ - INFO - Request came to fetch all countries.
2025-01-30 14:21:03,342 - __main__ - INFO - response: ['Andorra', 'United Arab Emirates', 'Afghanistan', 'Antigua and Barbuda', 'Anguilla', 'Albania', 'Armenia', 'Angola', 'Antarctica', 'Argentina', 'American Samoa', 'Austria', 'Australia', 'Aruba', 'Åland', 'Azerbaijan', 'Bosnia and Herzegovina', 'Barbados', 'Bangladesh', 'Belgium', 'Burkina Faso', 'Bulgaria', 'Bahrain', 'Burundi', 'Benin', 'Saint Barthélemy', 'Bermuda', 'Brunei', 'Bolivia', 'Bonaire, Sint Eustatius, and Saba', 'Brazil', 'Bahamas', 'Bhutan', 'Bouvet Island', 'Botswana', 'Belarus', 'Belize', 'Canada', 'Cocos (Keeling) Islands', 'DR Congo', 'Central African Republic', 'Congo Republic', 'Switzerland', 'Ivory Coast', 'Cook Islands', 'Chile', 'Cameroon', 'China', 'Colombia', 'Costa Rica', 'Cuba', 'Cabo Verde', 'Curaçao', 'Christmas Island', 'Cyprus', 'Czechia', 'Germany', 'Djibouti', 'Denmark', 'Dominica', 'Dominican Republic', 'Algeria', 'Ecuador', 'Estonia', 'Egypt', 'Western Sahara', 'Eritrea', 'Spain', 'Ethiopia', 'Finland', 'Fiji', 'Falkland Islands', 'Micronesia', 'Faroe Islands', 'France', 'Gabon', 'United Kingdom', 'Grenada', 'Georgia', 'French Guiana', 'Guernsey', 'Ghana', 'Gibraltar', 'Greenland', 'The Gambia', 'Guinea', 'Guadeloupe', 'Equatorial Guinea', 'Greece', 'South Georgia and South Sandwich Islands', 'Guatemala', 'Guam', 'Guinea-Bissau', 'Guyana', 'Hong Kong', 'Heard and McDonald Islands', 'Honduras', 'Croatia', 'Haiti', 'Hungary', 'Indonesia', 'Ireland', 'Israel', 'Isle of Man', 'India', 'British Indian Ocean Territory', 'Iraq', 'Iran', 'Iceland', 'Italy', 'Jersey', 'Jamaica', 'Jordan', 'Japan', 'Kenya', 'Kyrgyzstan', 'Cambodia', 'Kiribati', 'Comoros', 'St Kitts and Nevis', 'North Korea', 'South Korea', 'Kuwait', 'Cayman Islands', 'Kazakhstan', 'Laos', 'Lebanon', 'Saint Lucia', 'Liechtenstein', 'Sri Lanka', 'Liberia', 'Lesotho', 'Lithuania', 'Luxembourg', 'Latvia', 'Libya', 'Morocco', 'Monaco', 'Moldova', 'Montenegro', 'Saint Martin', 'Madagascar', 'Marshall Islands', 'North Macedonia', 'Mali', 'Myanmar', 'Mongolia', 'Macao', 'Northern Mariana Islands', 'Martinique', 'Mauritania', 'Montserrat', 'Malta', 'Mauritius', 'Maldives', 'Malawi', 'Mexico', 'Malaysia', 'Mozambique', 'Namibia', 'New Caledonia', 'Niger', 'Norfolk Island', 'Nigeria', 'Nicaragua', 'The Netherlands', 'Norway', 'Nepal', 'Nauru', 'Niue', 'New Zealand', 'Oman', 'Panama', 'Peru', 'French Polynesia', 'Papua New Guinea', 'Philippines', 'Pakistan', 'Poland', 'Saint Pierre and Miquelon', 'Pitcairn Islands', 'Puerto Rico', 'Palestine', 'Portugal', 'Palau', 'Paraguay', 'Qatar', 'Réunion', 'Romania', 'Serbia', 'Russia', 'Rwanda', 'Saudi Arabia', 'Solomon Islands', 'Seychelles', 'Sudan', 'Sweden', 'Singapore', 'Saint Helena', 'Slovenia', 'Svalbard and Jan Mayen', 'Slovakia', 'Sierra Leone', 'San Marino', 'Senegal', 'Somalia', 'Suriname', 'South Sudan', 'São Tomé and Príncipe', 'El Salvador', 'Sint Maarten', 'Syria', 'Eswatini', 'Turks and Caicos Islands', 'Chad', 'French Southern Territories', 'Togo', 'Thailand', 'Tajikistan', 'Tokelau', 'Timor-Leste', 'Turkmenistan', 'Tunisia', 'Tonga', 'Türkiye', 'Trinidad and Tobago', 'Tuvalu', 'Taiwan', 'Tanzania', 'Ukraine', 'Uganda', 'U.S. Outlying Islands', 'United States', 'Uruguay', 'Uzbekistan', 'Vatican City', 'St Vincent and Grenadines', 'Venezuela', 'British Virgin Islands', 'U.S. Virgin Islands', 'Vietnam', 'Vanuatu', 'Wallis and Futuna', 'Samoa', 'Kosovo', 'Yemen', 'Mayotte', 'South Africa', 'Zambia', 'Zimbabwe']
2025-01-30 14:21:03,347 - __main__ - INFO - Response time for the request: 0.18 seconds
2025-01-30 14:21:03,348 - __main__ - INFO - ----------------------------------------------------------------------------------------------------
2025-01-30 14:21:03,752 - __main__ - INFO - Request came to fetch all countries.
2025-01-30 14:21:04,428 - __main__ - INFO - response: ['Andorra', 'United Arab Emirates', 'Afghanistan', 'Antigua and Barbuda', 'Anguilla', 'Albania', 'Armenia', 'Angola', 'Antarctica', 'Argentina', 'American Samoa', 'Austria', 'Australia', 'Aruba', 'Åland', 'Azerbaijan', 'Bosnia and Herzegovina', 'Barbados', 'Bangladesh', 'Belgium', 'Burkina Faso', 'Bulgaria', 'Bahrain', 'Burundi', 'Benin', 'Saint Barthélemy', 'Bermuda', 'Brunei', 'Bolivia', 'Bonaire, Sint Eustatius, and Saba', 'Brazil', 'Bahamas', 'Bhutan', 'Bouvet Island', 'Botswana', 'Belarus', 'Belize', 'Canada', 'Cocos (Keeling) Islands', 'DR Congo', 'Central African Republic', 'Congo Republic', 'Switzerland', 'Ivory Coast', 'Cook Islands', 'Chile', 'Cameroon', 'China', 'Colombia', 'Costa Rica', 'Cuba', 'Cabo Verde', 'Curaçao', 'Christmas Island', 'Cyprus', 'Czechia', 'Germany', 'Djibouti', 'Denmark', 'Dominica', 'Dominican Republic', 'Algeria', 'Ecuador', 'Estonia', 'Egypt', 'Western Sahara', 'Eritrea', 'Spain', 'Ethiopia', 'Finland', 'Fiji', 'Falkland Islands', 'Micronesia', 'Faroe Islands', 'France', 'Gabon', 'United Kingdom', 'Grenada', 'Georgia', 'French Guiana', 'Guernsey', 'Ghana', 'Gibraltar', 'Greenland', 'The Gambia', 'Guinea', 'Guadeloupe', 'Equatorial Guinea', 'Greece', 'South Georgia and South Sandwich Islands', 'Guatemala', 'Guam', 'Guinea-Bissau', 'Guyana', 'Hong Kong', 'Heard and McDonald Islands', 'Honduras', 'Croatia', 'Haiti', 'Hungary', 'Indonesia', 'Ireland', 'Israel', 'Isle of Man', 'India', 'British Indian Ocean Territory', 'Iraq', 'Iran', 'Iceland', 'Italy', 'Jersey', 'Jamaica', 'Jordan', 'Japan', 'Kenya', 'Kyrgyzstan', 'Cambodia', 'Kiribati', 'Comoros', 'St Kitts and Nevis', 'North Korea', 'South Korea', 'Kuwait', 'Cayman Islands', 'Kazakhstan', 'Laos', 'Lebanon', 'Saint Lucia', 'Liechtenstein', 'Sri Lanka', 'Liberia', 'Lesotho', 'Lithuania', 'Luxembourg', 'Latvia', 'Libya', 'Morocco', 'Monaco', 'Moldova', 'Montenegro', 'Saint Martin', 'Madagascar', 'Marshall Islands', 'North Macedonia', 'Mali', 'Myanmar', 'Mongolia', 'Macao', 'Northern Mariana Islands', 'Martinique', 'Mauritania', 'Montserrat', 'Malta', 'Mauritius', 'Maldives', 'Malawi', 'Mexico', 'Malaysia', 'Mozambique', 'Namibia', 'New Caledonia', 'Niger', 'Norfolk Island', 'Nigeria', 'Nicaragua', 'The Netherlands', 'Norway', 'Nepal', 'Nauru', 'Niue', 'New Zealand', 'Oman', 'Panama', 'Peru', 'French Polynesia', 'Papua New Guinea', 'Philippines', 'Pakistan', 'Poland', 'Saint Pierre and Miquelon', 'Pitcairn Islands', 'Puerto Rico', 'Palestine', 'Portugal', 'Palau', 'Paraguay', 'Qatar', 'Réunion', 'Romania', 'Serbia', 'Russia', 'Rwanda', 'Saudi Arabia', 'Solomon Islands', 'Seychelles', 'Sudan', 'Sweden', 'Singapore', 'Saint Helena', 'Slovenia', 'Svalbard and Jan Mayen', 'Slovakia', 'Sierra Leone', 'San Marino', 'Senegal', 'Somalia', 'Suriname', 'South Sudan', 'São Tomé and Príncipe', 'El Salvador', 'Sint Maarten', 'Syria', 'Eswatini', 'Turks and Caicos Islands', 'Chad', 'French Southern Territories', 'Togo', 'Thailand', 'Tajikistan', 'Tokelau', 'Timor-Leste', 'Turkmenistan', 'Tunisia', 'Tonga', 'Türkiye', 'Trinidad and Tobago', 'Tuvalu', 'Taiwan', 'Tanzania', 'Ukraine', 'Uganda', 'U.S. Outlying Islands', 'United States', 'Uruguay', 'Uzbekistan', 'Vatican City', 'St Vincent and Grenadines', 'Venezuela', 'British Virgin Islands', 'U.S. Virgin Islands', 'Vietnam', 'Vanuatu', 'Wallis and Futuna', 'Samoa', 'Kosovo', 'Yemen', 'Mayotte', 'South Africa', 'Zambia', 'Zimbabwe']
2025-01-30 14:21:04,436 - __main__ - INFO - Response time for the request: 0.68 seconds
2025-01-30 14:21:04,436 - __main__ - INFO - ----------------------------------------------------------------------------------------------------
2025-01-30 14:21:04,805 - __main__ - INFO - Request came to fetch all countries.
2025-01-30 14:21:05,140 - __main__ - INFO - response: ['Andorra', 'United Arab Emirates', 'Afghanistan', 'Antigua and Barbuda', 'Anguilla', 'Albania', 'Armenia', 'Angola', 'Antarctica', 'Argentina', 'American Samoa', 'Austria', 'Australia', 'Aruba', 'Åland', 'Azerbaijan', 'Bosnia and Herzegovina', 'Barbados', 'Bangladesh', 'Belgium', 'Burkina Faso', 'Bulgaria', 'Bahrain', 'Burundi', 'Benin', 'Saint Barthélemy', 'Bermuda', 'Brunei', 'Bolivia', 'Bonaire, Sint Eustatius, and Saba', 'Brazil', 'Bahamas', 'Bhutan', 'Bouvet Island', 'Botswana', 'Belarus', 'Belize', 'Canada', 'Cocos (Keeling) Islands', 'DR Congo', 'Central African Republic', 'Congo Republic', 'Switzerland', 'Ivory Coast', 'Cook Islands', 'Chile', 'Cameroon', 'China', 'Colombia', 'Costa Rica', 'Cuba', 'Cabo Verde', 'Curaçao', 'Christmas Island', 'Cyprus', 'Czechia', 'Germany', 'Djibouti', 'Denmark', 'Dominica', 'Dominican Republic', 'Algeria', 'Ecuador', 'Estonia', 'Egypt', 'Western Sahara', 'Eritrea', 'Spain', 'Ethiopia', 'Finland', 'Fiji', 'Falkland Islands', 'Micronesia', 'Faroe Islands', 'France', 'Gabon', 'United Kingdom', 'Grenada', 'Georgia', 'French Guiana', 'Guernsey', 'Ghana', 'Gibraltar', 'Greenland', 'The Gambia', 'Guinea', 'Guadeloupe', 'Equatorial Guinea', 'Greece', 'South Georgia and South Sandwich Islands', 'Guatemala', 'Guam', 'Guinea-Bissau', 'Guyana', 'Hong Kong', 'Heard and McDonald Islands', 'Honduras', 'Croatia', 'Haiti', 'Hungary', 'Indonesia', 'Ireland', 'Israel', 'Isle of Man', 'India', 'British Indian Ocean Territory', 'Iraq', 'Iran', 'Iceland', 'Italy', 'Jersey', 'Jamaica', 'Jordan', 'Japan', 'Kenya', 'Kyrgyzstan', 'Cambodia', 'Kiribati', 'Comoros', 'St Kitts and Nevis', 'North Korea', 'South Korea', 'Kuwait', 'Cayman Islands', 'Kazakhstan', 'Laos', 'Lebanon', 'Saint Lucia', 'Liechtenstein', 'Sri Lanka', 'Liberia', 'Lesotho', 'Lithuania', 'Luxembourg', 'Latvia', 'Libya', 'Morocco', 'Monaco', 'Moldova', 'Montenegro', 'Saint Martin', 'Madagascar', 'Marshall Islands', 'North Macedonia', 'Mali', 'Myanmar', 'Mongolia', 'Macao', 'Northern Mariana Islands', 'Martinique', 'Mauritania', 'Montserrat', 'Malta', 'Mauritius', 'Maldives', 'Malawi', 'Mexico', 'Malaysia', 'Mozambique', 'Namibia', 'New Caledonia', 'Niger', 'Norfolk Island', 'Nigeria', 'Nicaragua', 'The Netherlands', 'Norway', 'Nepal', 'Nauru', 'Niue', 'New Zealand', 'Oman', 'Panama', 'Peru', 'French Polynesia', 'Papua New Guinea', 'Philippines', 'Pakistan', 'Poland', 'Saint Pierre and Miquelon', 'Pitcairn Islands', 'Puerto Rico', 'Palestine', 'Portugal', 'Palau', 'Paraguay', 'Qatar', 'Réunion', 'Romania', 'Serbia', 'Russia', 'Rwanda', 'Saudi Arabia', 'Solomon Islands', 'Seychelles', 'Sudan', 'Sweden', 'Singapore', 'Saint Helena', 'Slovenia', 'Svalbard and Jan Mayen', 'Slovakia', 'Sierra Leone', 'San Marino', 'Senegal', 'Somalia', 'Suriname', 'South Sudan', 'São Tomé and Príncipe', 'El Salvador', 'Sint Maarten', 'Syria', 'Eswatini', 'Turks and Caicos Islands', 'Chad', 'French Southern Territories', 'Togo', 'Thailand', 'Tajikistan', 'Tokelau', 'Timor-Leste', 'Turkmenistan', 'Tunisia', 'Tonga', 'Türkiye', 'Trinidad and Tobago', 'Tuvalu', 'Taiwan', 'Tanzania', 'Ukraine', 'Uganda', 'U.S. Outlying Islands', 'United States', 'Uruguay', 'Uzbekistan', 'Vatican City', 'St Vincent and Grenadines', 'Venezuela', 'British Virgin Islands', 'U.S. Virgin Islands', 'Vietnam', 'Vanuatu', 'Wallis and Futuna', 'Samoa', 'Kosovo', 'Yemen', 'Mayotte', 'South Africa', 'Zambia', 'Zimbabwe']
2025-01-30 14:21:05,144 - __main__ - INFO - Response time for the request: 0.34 seconds
2025-01-30 14:21:05,144 - __main__ - INFO - ----------------------------------------------------------------------------------------------------
2025-01-30 14:21:56,080 - __main__ - INFO - Request came to fetch all states from india.
2025-01-30 14:21:56,255 - __main__ - INFO - response: ['Andaman and Nicobar', 'Andhra Pradesh', 'Arunachal Pradesh', 'Assam', 'Bihar', 'Chandigarh', 'Chhattisgarh', 'Dadra and Nagar Haveli and Daman and Diu', 'Delhi', 'Goa', 'Gujarat', 'Haryana', 'Himachal Pradesh', 'Jammu and Kashmir', 'Jharkhand', 'Karnataka', 'Kerala', 'Ladakh', 'Lakshadweep', 'Madhya Pradesh', 'Maharashtra', 'Manipur', 'Meghalaya', 'Mizoram', 'Nagaland', 'Odisha', 'Puducherry', 'Punjab', 'Rajasthan', 'Sikkim', 'Tamil Nadu', 'Telangana', 'Tripura', 'Uttar Pradesh', 'Uttarakhand', 'West Bengal']
2025-01-30 14:21:56,256 - __main__ - INFO - Response time for the request: 0.18 seconds
2025-01-30 14:21:56,256 - __main__ - INFO - ----------------------------------------------------------------------------------------------------
2025-01-30 14:21:56,337 - __main__ - INFO - Request came to fetch all states from india.
2025-01-30 14:21:56,542 - __main__ - INFO - response: ['Andaman and Nicobar', 'Andhra Pradesh', 'Arunachal Pradesh', 'Assam', 'Bihar', 'Chandigarh', 'Chhattisgarh', 'Dadra and Nagar Haveli and Daman and Diu', 'Delhi', 'Goa', 'Gujarat', 'Haryana', 'Himachal Pradesh', 'Jammu and Kashmir', 'Jharkhand', 'Karnataka', 'Kerala', 'Ladakh', 'Lakshadweep', 'Madhya Pradesh', 'Maharashtra', 'Manipur', 'Meghalaya', 'Mizoram', 'Nagaland', 'Odisha', 'Puducherry', 'Punjab', 'Rajasthan', 'Sikkim', 'Tamil Nadu', 'Telangana', 'Tripura', 'Uttar Pradesh', 'Uttarakhand', 'West Bengal']
2025-01-30 14:21:56,543 - __main__ - INFO - Response time for the request: 0.21 seconds
2025-01-30 14:21:56,543 - __main__ - INFO - ----------------------------------------------------------------------------------------------------
2025-01-30 14:22:00,785 - __main__ - INFO - Request came to fetch all districts from tamil nadu, india.
2025-01-30 14:22:02,592 - __main__ - INFO - Response time for the request: 1.81 seconds
2025-01-30 14:22:02,593 - __main__ - INFO - ----------------------------------------------------------------------------------------------------
2025-01-30 14:22:02,606 - __main__ - INFO - Request came to fetch all districts from tamil nadu, india.
2025-01-30 14:22:03,189 - __main__ - INFO - Response time for the request: 0.58 seconds
2025-01-30 14:22:03,189 - __main__ - INFO - ----------------------------------------------------------------------------------------------------
2025-01-30 14:27:42,046 - __main__ - INFO - Request came to fetch all countries.
2025-01-30 14:27:42,178 - __main__ - INFO - response: ['Andorra', 'United Arab Emirates', 'Afghanistan', 'Antigua and Barbuda', 'Anguilla', 'Albania', 'Armenia', 'Angola', 'Antarctica', 'Argentina', 'American Samoa', 'Austria', 'Australia', 'Aruba', 'Åland', 'Azerbaijan', 'Bosnia and Herzegovina', 'Barbados', 'Bangladesh', 'Belgium', 'Burkina Faso', 'Bulgaria', 'Bahrain', 'Burundi', 'Benin', 'Saint Barthélemy', 'Bermuda', 'Brunei', 'Bolivia', 'Bonaire, Sint Eustatius, and Saba', 'Brazil', 'Bahamas', 'Bhutan', 'Bouvet Island', 'Botswana', 'Belarus', 'Belize', 'Canada', 'Cocos (Keeling) Islands', 'DR Congo', 'Central African Republic', 'Congo Republic', 'Switzerland', 'Ivory Coast', 'Cook Islands', 'Chile', 'Cameroon', 'China', 'Colombia', 'Costa Rica', 'Cuba', 'Cabo Verde', 'Curaçao', 'Christmas Island', 'Cyprus', 'Czechia', 'Germany', 'Djibouti', 'Denmark', 'Dominica', 'Dominican Republic', 'Algeria', 'Ecuador', 'Estonia', 'Egypt', 'Western Sahara', 'Eritrea', 'Spain', 'Ethiopia', 'Finland', 'Fiji', 'Falkland Islands', 'Micronesia', 'Faroe Islands', 'France', 'Gabon', 'United Kingdom', 'Grenada', 'Georgia', 'French Guiana', 'Guernsey', 'Ghana', 'Gibraltar', 'Greenland', 'The Gambia', 'Guinea', 'Guadeloupe', 'Equatorial Guinea', 'Greece', 'South Georgia and South Sandwich Islands', 'Guatemala', 'Guam', 'Guinea-Bissau', 'Guyana', 'Hong Kong', 'Heard and McDonald Islands', 'Honduras', 'Croatia', 'Haiti', 'Hungary', 'Indonesia', 'Ireland', 'Israel', 'Isle of Man', 'India', 'British Indian Ocean Territory', 'Iraq', 'Iran', 'Iceland', 'Italy', 'Jersey', 'Jamaica', 'Jordan', 'Japan', 'Kenya', 'Kyrgyzstan', 'Cambodia', 'Kiribati', 'Comoros', 'St Kitts and Nevis', 'North Korea', 'South Korea', 'Kuwait', 'Cayman Islands', 'Kazakhstan', 'Laos', 'Lebanon', 'Saint Lucia', 'Liechtenstein', 'Sri Lanka', 'Liberia', 'Lesotho', 'Lithuania', 'Luxembourg', 'Latvia', 'Libya', 'Morocco', 'Monaco', 'Moldova', 'Montenegro', 'Saint Martin', 'Madagascar', 'Marshall Islands', 'North Macedonia', 'Mali', 'Myanmar', 'Mongolia', 'Macao', 'Northern Mariana Islands', 'Martinique', 'Mauritania', 'Montserrat', 'Malta', 'Mauritius', 'Maldives', 'Malawi', 'Mexico', 'Malaysia', 'Mozambique', 'Namibia', 'New Caledonia', 'Niger', 'Norfolk Island', 'Nigeria', 'Nicaragua', 'The Netherlands', 'Norway', 'Nepal', 'Nauru', 'Niue', 'New Zealand', 'Oman', 'Panama', 'Peru', 'French Polynesia', 'Papua New Guinea', 'Philippines', 'Pakistan', 'Poland', 'Saint Pierre and Miquelon', 'Pitcairn Islands', 'Puerto Rico', 'Palestine', 'Portugal', 'Palau', 'Paraguay', 'Qatar', 'Réunion', 'Romania', 'Serbia', 'Russia', 'Rwanda', 'Saudi Arabia', 'Solomon Islands', 'Seychelles', 'Sudan', 'Sweden', 'Singapore', 'Saint Helena', 'Slovenia', 'Svalbard and Jan Mayen', 'Slovakia', 'Sierra Leone', 'San Marino', 'Senegal', 'Somalia', 'Suriname', 'South Sudan', 'São Tomé and Príncipe', 'El Salvador', 'Sint Maarten', 'Syria', 'Eswatini', 'Turks and Caicos Islands', 'Chad', 'French Southern Territories', 'Togo', 'Thailand', 'Tajikistan', 'Tokelau', 'Timor-Leste', 'Turkmenistan', 'Tunisia', 'Tonga', 'Türkiye', 'Trinidad and Tobago', 'Tuvalu', 'Taiwan', 'Tanzania', 'Ukraine', 'Uganda', 'U.S. Outlying Islands', 'United States', 'Uruguay', 'Uzbekistan', 'Vatican City', 'St Vincent and Grenadines', 'Venezuela', 'British Virgin Islands', 'U.S. Virgin Islands', 'Vietnam', 'Vanuatu', 'Wallis and Futuna', 'Samoa', 'Kosovo', 'Yemen', 'Mayotte', 'South Africa', 'Zambia', 'Zimbabwe']
2025-01-30 14:27:42,181 - __main__ - INFO - Response time for the request: 0.14 seconds
2025-01-30 14:27:42,182 - __main__ - INFO - ----------------------------------------------------------------------------------------------------
2025-01-30 14:27:42,299 - __main__ - INFO - Request came to fetch all countries.
2025-01-30 14:27:42,480 - __main__ - INFO - response: ['Andorra', 'United Arab Emirates', 'Afghanistan', 'Antigua and Barbuda', 'Anguilla', 'Albania', 'Armenia', 'Angola', 'Antarctica', 'Argentina', 'American Samoa', 'Austria', 'Australia', 'Aruba', 'Åland', 'Azerbaijan', 'Bosnia and Herzegovina', 'Barbados', 'Bangladesh', 'Belgium', 'Burkina Faso', 'Bulgaria', 'Bahrain', 'Burundi', 'Benin', 'Saint Barthélemy', 'Bermuda', 'Brunei', 'Bolivia', 'Bonaire, Sint Eustatius, and Saba', 'Brazil', 'Bahamas', 'Bhutan', 'Bouvet Island', 'Botswana', 'Belarus', 'Belize', 'Canada', 'Cocos (Keeling) Islands', 'DR Congo', 'Central African Republic', 'Congo Republic', 'Switzerland', 'Ivory Coast', 'Cook Islands', 'Chile', 'Cameroon', 'China', 'Colombia', 'Costa Rica', 'Cuba', 'Cabo Verde', 'Curaçao', 'Christmas Island', 'Cyprus', 'Czechia', 'Germany', 'Djibouti', 'Denmark', 'Dominica', 'Dominican Republic', 'Algeria', 'Ecuador', 'Estonia', 'Egypt', 'Western Sahara', 'Eritrea', 'Spain', 'Ethiopia', 'Finland', 'Fiji', 'Falkland Islands', 'Micronesia', 'Faroe Islands', 'France', 'Gabon', 'United Kingdom', 'Grenada', 'Georgia', 'French Guiana', 'Guernsey', 'Ghana', 'Gibraltar', 'Greenland', 'The Gambia', 'Guinea', 'Guadeloupe', 'Equatorial Guinea', 'Greece', 'South Georgia and South Sandwich Islands', 'Guatemala', 'Guam', 'Guinea-Bissau', 'Guyana', 'Hong Kong', 'Heard and McDonald Islands', 'Honduras', 'Croatia', 'Haiti', 'Hungary', 'Indonesia', 'Ireland', 'Israel', 'Isle of Man', 'India', 'British Indian Ocean Territory', 'Iraq', 'Iran', 'Iceland', 'Italy', 'Jersey', 'Jamaica', 'Jordan', 'Japan', 'Kenya', 'Kyrgyzstan', 'Cambodia', 'Kiribati', 'Comoros', 'St Kitts and Nevis', 'North Korea', 'South Korea', 'Kuwait', 'Cayman Islands', 'Kazakhstan', 'Laos', 'Lebanon', 'Saint Lucia', 'Liechtenstein', 'Sri Lanka', 'Liberia', 'Lesotho', 'Lithuania', 'Luxembourg', 'Latvia', 'Libya', 'Morocco', 'Monaco', 'Moldova', 'Montenegro', 'Saint Martin', 'Madagascar', 'Marshall Islands', 'North Macedonia', 'Mali', 'Myanmar', 'Mongolia', 'Macao', 'Northern Mariana Islands', 'Martinique', 'Mauritania', 'Montserrat', 'Malta', 'Mauritius', 'Maldives', 'Malawi', 'Mexico', 'Malaysia', 'Mozambique', 'Namibia', 'New Caledonia', 'Niger', 'Norfolk Island', 'Nigeria', 'Nicaragua', 'The Netherlands', 'Norway', 'Nepal', 'Nauru', 'Niue', 'New Zealand', 'Oman', 'Panama', 'Peru', 'French Polynesia', 'Papua New Guinea', 'Philippines', 'Pakistan', 'Poland', 'Saint Pierre and Miquelon', 'Pitcairn Islands', 'Puerto Rico', 'Palestine', 'Portugal', 'Palau', 'Paraguay', 'Qatar', 'Réunion', 'Romania', 'Serbia', 'Russia', 'Rwanda', 'Saudi Arabia', 'Solomon Islands', 'Seychelles', 'Sudan', 'Sweden', 'Singapore', 'Saint Helena', 'Slovenia', 'Svalbard and Jan Mayen', 'Slovakia', 'Sierra Leone', 'San Marino', 'Senegal', 'Somalia', 'Suriname', 'South Sudan', 'São Tomé and Príncipe', 'El Salvador', 'Sint Maarten', 'Syria', 'Eswatini', 'Turks and Caicos Islands', 'Chad', 'French Southern Territories', 'Togo', 'Thailand', 'Tajikistan', 'Tokelau', 'Timor-Leste', 'Turkmenistan', 'Tunisia', 'Tonga', 'Türkiye', 'Trinidad and Tobago', 'Tuvalu', 'Taiwan', 'Tanzania', 'Ukraine', 'Uganda', 'U.S. Outlying Islands', 'United States', 'Uruguay', 'Uzbekistan', 'Vatican City', 'St Vincent and Grenadines', 'Venezuela', 'British Virgin Islands', 'U.S. Virgin Islands', 'Vietnam', 'Vanuatu', 'Wallis and Futuna', 'Samoa', 'Kosovo', 'Yemen', 'Mayotte', 'South Africa', 'Zambia', 'Zimbabwe']
2025-01-30 14:27:42,486 - __main__ - INFO - Response time for the request: 0.19 seconds
2025-01-30 14:27:42,486 - __main__ - INFO - ----------------------------------------------------------------------------------------------------
2025-01-30 14:40:18,329 - __main__ - INFO - Request came to fetch all countries.
2025-01-30 14:40:18,672 - __main__ - INFO - Received request: {'latitude': 13.092958, 'longitude': 80.198554}
2025-01-30 14:40:18,874 - __main__ - INFO - response: ['Andorra', 'United Arab Emirates', 'Afghanistan', 'Antigua and Barbuda', 'Anguilla', 'Albania', 'Armenia', 'Angola', 'Antarctica', 'Argentina', 'American Samoa', 'Austria', 'Australia', 'Aruba', 'Åland', 'Azerbaijan', 'Bosnia and Herzegovina', 'Barbados', 'Bangladesh', 'Belgium', 'Burkina Faso', 'Bulgaria', 'Bahrain', 'Burundi', 'Benin', 'Saint Barthélemy', 'Bermuda', 'Brunei', 'Bolivia', 'Bonaire, Sint Eustatius, and Saba', 'Brazil', 'Bahamas', 'Bhutan', 'Bouvet Island', 'Botswana', 'Belarus', 'Belize', 'Canada', 'Cocos (Keeling) Islands', 'DR Congo', 'Central African Republic', 'Congo Republic', 'Switzerland', 'Ivory Coast', 'Cook Islands', 'Chile', 'Cameroon', 'China', 'Colombia', 'Costa Rica', 'Cuba', 'Cabo Verde', 'Curaçao', 'Christmas Island', 'Cyprus', 'Czechia', 'Germany', 'Djibouti', 'Denmark', 'Dominica', 'Dominican Republic', 'Algeria', 'Ecuador', 'Estonia', 'Egypt', 'Western Sahara', 'Eritrea', 'Spain', 'Ethiopia', 'Finland', 'Fiji', 'Falkland Islands', 'Micronesia', 'Faroe Islands', 'France', 'Gabon', 'United Kingdom', 'Grenada', 'Georgia', 'French Guiana', 'Guernsey', 'Ghana', 'Gibraltar', 'Greenland', 'The Gambia', 'Guinea', 'Guadeloupe', 'Equatorial Guinea', 'Greece', 'South Georgia and South Sandwich Islands', 'Guatemala', 'Guam', 'Guinea-Bissau', 'Guyana', 'Hong Kong', 'Heard and McDonald Islands', 'Honduras', 'Croatia', 'Haiti', 'Hungary', 'Indonesia', 'Ireland', 'Israel', 'Isle of Man', 'India', 'British Indian Ocean Territory', 'Iraq', 'Iran', 'Iceland', 'Italy', 'Jersey', 'Jamaica', 'Jordan', 'Japan', 'Kenya', 'Kyrgyzstan', 'Cambodia', 'Kiribati', 'Comoros', 'St Kitts and Nevis', 'North Korea', 'South Korea', 'Kuwait', 'Cayman Islands', 'Kazakhstan', 'Laos', 'Lebanon', 'Saint Lucia', 'Liechtenstein', 'Sri Lanka', 'Liberia', 'Lesotho', 'Lithuania', 'Luxembourg', 'Latvia', 'Libya', 'Morocco', 'Monaco', 'Moldova', 'Montenegro', 'Saint Martin', 'Madagascar', 'Marshall Islands', 'North Macedonia', 'Mali', 'Myanmar', 'Mongolia', 'Macao', 'Northern Mariana Islands', 'Martinique', 'Mauritania', 'Montserrat', 'Malta', 'Mauritius', 'Maldives', 'Malawi', 'Mexico', 'Malaysia', 'Mozambique', 'Namibia', 'New Caledonia', 'Niger', 'Norfolk Island', 'Nigeria', 'Nicaragua', 'The Netherlands', 'Norway', 'Nepal', 'Nauru', 'Niue', 'New Zealand', 'Oman', 'Panama', 'Peru', 'French Polynesia', 'Papua New Guinea', 'Philippines', 'Pakistan', 'Poland', 'Saint Pierre and Miquelon', 'Pitcairn Islands', 'Puerto Rico', 'Palestine', 'Portugal', 'Palau', 'Paraguay', 'Qatar', 'Réunion', 'Romania', 'Serbia', 'Russia', 'Rwanda', 'Saudi Arabia', 'Solomon Islands', 'Seychelles', 'Sudan', 'Sweden', 'Singapore', 'Saint Helena', 'Slovenia', 'Svalbard and Jan Mayen', 'Slovakia', 'Sierra Leone', 'San Marino', 'Senegal', 'Somalia', 'Suriname', 'South Sudan', 'São Tomé and Príncipe', 'El Salvador', 'Sint Maarten', 'Syria', 'Eswatini', 'Turks and Caicos Islands', 'Chad', 'French Southern Territories', 'Togo', 'Thailand', 'Tajikistan', 'Tokelau', 'Timor-Leste', 'Turkmenistan', 'Tunisia', 'Tonga', 'Türkiye', 'Trinidad and Tobago', 'Tuvalu', 'Taiwan', 'Tanzania', 'Ukraine', 'Uganda', 'U.S. Outlying Islands', 'United States', 'Uruguay', 'Uzbekistan', 'Vatican City', 'St Vincent and Grenadines', 'Venezuela', 'British Virgin Islands', 'U.S. Virgin Islands', 'Vietnam', 'Vanuatu', 'Wallis and Futuna', 'Samoa', 'Kosovo', 'Yemen', 'Mayotte', 'South Africa', 'Zambia', 'Zimbabwe']
2025-01-30 14:40:18,930 - __main__ - INFO - Response time for the request: 0.60 seconds
2025-01-30 14:40:18,931 - __main__ - INFO - ----------------------------------------------------------------------------------------------------
2025-01-30 14:40:21,612 - __main__ - INFO - response: <Response 213 bytes [200 OK]>
2025-01-30 14:40:21,613 - __main__ - INFO - Response time for the request: 2.96 seconds
2025-01-30 14:40:21,613 - __main__ - INFO - ----------------------------------------------------------------------------------------------------
2025-01-30 14:40:27,418 - __main__ - INFO - Received request: {'latitude': 13.092958, 'longitude': 80.198554}
2025-01-30 14:40:28,621 - __main__ - INFO - response: <Response 213 bytes [200 OK]>
2025-01-30 14:40:28,622 - __main__ - INFO - Response time for the request: 1.20 seconds
2025-01-30 14:40:28,622 - __main__ - INFO - ----------------------------------------------------------------------------------------------------
2025-01-30 15:10:21,351 - __main__ - INFO - Received request: {'latitude': 13.092958, 'longitude': 80.198554}
2025-01-30 15:10:23,900 - __main__ - INFO - response: <Response 213 bytes [200 OK]>
2025-01-30 15:10:23,901 - __main__ - INFO - Response time for the request: 2.56 seconds
2025-01-30 15:10:23,901 - __main__ - INFO - ----------------------------------------------------------------------------------------------------
2025-01-30 15:55:17,132 - __main__ - INFO - Received request: {'latitude': 13.092958, 'longitude': 80.198554}
2025-01-30 15:55:19,242 - __main__ - INFO - response: <Response 213 bytes [200 OK]>
2025-01-30 15:55:19,243 - __main__ - INFO - Response time for the request: 2.11 seconds
2025-01-30 15:55:19,245 - __main__ - INFO - ----------------------------------------------------------------------------------------------------
2025-01-30 15:55:19,676 - __main__ - INFO - Request came to fetch all countries.
2025-01-30 15:55:20,001 - __main__ - INFO - response: ['Andorra', 'United Arab Emirates', 'Afghanistan', 'Antigua and Barbuda', 'Anguilla', 'Albania', 'Armenia', 'Angola', 'Antarctica', 'Argentina', 'American Samoa', 'Austria', 'Australia', 'Aruba', 'Åland', 'Azerbaijan', 'Bosnia and Herzegovina', 'Barbados', 'Bangladesh', 'Belgium', 'Burkina Faso', 'Bulgaria', 'Bahrain', 'Burundi', 'Benin', 'Saint Barthélemy', 'Bermuda', 'Brunei', 'Bolivia', 'Bonaire, Sint Eustatius, and Saba', 'Brazil', 'Bahamas', 'Bhutan', 'Bouvet Island', 'Botswana', 'Belarus', 'Belize', 'Canada', 'Cocos (Keeling) Islands', 'DR Congo', 'Central African Republic', 'Congo Republic', 'Switzerland', 'Ivory Coast', 'Cook Islands', 'Chile', 'Cameroon', 'China', 'Colombia', 'Costa Rica', 'Cuba', 'Cabo Verde', 'Curaçao', 'Christmas Island', 'Cyprus', 'Czechia', 'Germany', 'Djibouti', 'Denmark', 'Dominica', 'Dominican Republic', 'Algeria', 'Ecuador', 'Estonia', 'Egypt', 'Western Sahara', 'Eritrea', 'Spain', 'Ethiopia', 'Finland', 'Fiji', 'Falkland Islands', 'Micronesia', 'Faroe Islands', 'France', 'Gabon', 'United Kingdom', 'Grenada', 'Georgia', 'French Guiana', 'Guernsey', 'Ghana', 'Gibraltar', 'Greenland', 'The Gambia', 'Guinea', 'Guadeloupe', 'Equatorial Guinea', 'Greece', 'South Georgia and South Sandwich Islands', 'Guatemala', 'Guam', 'Guinea-Bissau', 'Guyana', 'Hong Kong', 'Heard and McDonald Islands', 'Honduras', 'Croatia', 'Haiti', 'Hungary', 'Indonesia', 'Ireland', 'Israel', 'Isle of Man', 'India', 'British Indian Ocean Territory', 'Iraq', 'Iran', 'Iceland', 'Italy', 'Jersey', 'Jamaica', 'Jordan', 'Japan', 'Kenya', 'Kyrgyzstan', 'Cambodia', 'Kiribati', 'Comoros', 'St Kitts and Nevis', 'North Korea', 'South Korea', 'Kuwait', 'Cayman Islands', 'Kazakhstan', 'Laos', 'Lebanon', 'Saint Lucia', 'Liechtenstein', 'Sri Lanka', 'Liberia', 'Lesotho', 'Lithuania', 'Luxembourg', 'Latvia', 'Libya', 'Morocco', 'Monaco', 'Moldova', 'Montenegro', 'Saint Martin', 'Madagascar', 'Marshall Islands', 'North Macedonia', 'Mali', 'Myanmar', 'Mongolia', 'Macao', 'Northern Mariana Islands', 'Martinique', 'Mauritania', 'Montserrat', 'Malta', 'Mauritius', 'Maldives', 'Malawi', 'Mexico', 'Malaysia', 'Mozambique', 'Namibia', 'New Caledonia', 'Niger', 'Norfolk Island', 'Nigeria', 'Nicaragua', 'The Netherlands', 'Norway', 'Nepal', 'Nauru', 'Niue', 'New Zealand', 'Oman', 'Panama', 'Peru', 'French Polynesia', 'Papua New Guinea', 'Philippines', 'Pakistan', 'Poland', 'Saint Pierre and Miquelon', 'Pitcairn Islands', 'Puerto Rico', 'Palestine', 'Portugal', 'Palau', 'Paraguay', 'Qatar', 'Réunion', 'Romania', 'Serbia', 'Russia', 'Rwanda', 'Saudi Arabia', 'Solomon Islands', 'Seychelles', 'Sudan', 'Sweden', 'Singapore', 'Saint Helena', 'Slovenia', 'Svalbard and Jan Mayen', 'Slovakia', 'Sierra Leone', 'San Marino', 'Senegal', 'Somalia', 'Suriname', 'South Sudan', 'São Tomé and Príncipe', 'El Salvador', 'Sint Maarten', 'Syria', 'Eswatini', 'Turks and Caicos Islands', 'Chad', 'French Southern Territories', 'Togo', 'Thailand', 'Tajikistan', 'Tokelau', 'Timor-Leste', 'Turkmenistan', 'Tunisia', 'Tonga', 'Türkiye', 'Trinidad and Tobago', 'Tuvalu', 'Taiwan', 'Tanzania', 'Ukraine', 'Uganda', 'U.S. Outlying Islands', 'United States', 'Uruguay', 'Uzbekistan', 'Vatican City', 'St Vincent and Grenadines', 'Venezuela', 'British Virgin Islands', 'U.S. Virgin Islands', 'Vietnam', 'Vanuatu', 'Wallis and Futuna', 'Samoa', 'Kosovo', 'Yemen', 'Mayotte', 'South Africa', 'Zambia', 'Zimbabwe']
2025-01-30 15:55:20,008 - __main__ - INFO - Response time for the request: 0.33 seconds
2025-01-30 15:55:20,008 - __main__ - INFO - ----------------------------------------------------------------------------------------------------
2025-01-30 15:55:20,185 - __main__ - INFO - Received request: {'latitude': 13.092958, 'longitude': 80.198554}
2025-01-30 15:55:21,008 - __main__ - INFO - response: <Response 213 bytes [200 OK]>
2025-01-30 15:55:21,009 - __main__ - INFO - Response time for the request: 0.82 seconds
2025-01-30 15:55:21,009 - __main__ - INFO - ----------------------------------------------------------------------------------------------------
2025-01-30 15:55:29,030 - __main__ - INFO - Received request: {'latitude': 13.092958, 'longitude': 80.198554}
2025-01-30 15:55:30,298 - __main__ - INFO - response: <Response 213 bytes [200 OK]>
2025-01-30 15:55:30,299 - __main__ - INFO - Response time for the request: 1.27 seconds
2025-01-30 15:55:30,299 - __main__ - INFO - ----------------------------------------------------------------------------------------------------
2025-01-30 15:55:38,521 - __main__ - INFO - Request came to fetch all countries.
2025-01-30 15:55:38,797 - __main__ - INFO - Received request: {'latitude': 13.092958, 'longitude': 80.198554}
2025-01-30 15:55:38,820 - __main__ - INFO - response: ['Andorra', 'United Arab Emirates', 'Afghanistan', 'Antigua and Barbuda', 'Anguilla', 'Albania', 'Armenia', 'Angola', 'Antarctica', 'Argentina', 'American Samoa', 'Austria', 'Australia', 'Aruba', 'Åland', 'Azerbaijan', 'Bosnia and Herzegovina', 'Barbados', 'Bangladesh', 'Belgium', 'Burkina Faso', 'Bulgaria', 'Bahrain', 'Burundi', 'Benin', 'Saint Barthélemy', 'Bermuda', 'Brunei', 'Bolivia', 'Bonaire, Sint Eustatius, and Saba', 'Brazil', 'Bahamas', 'Bhutan', 'Bouvet Island', 'Botswana', 'Belarus', 'Belize', 'Canada', 'Cocos (Keeling) Islands', 'DR Congo', 'Central African Republic', 'Congo Republic', 'Switzerland', 'Ivory Coast', 'Cook Islands', 'Chile', 'Cameroon', 'China', 'Colombia', 'Costa Rica', 'Cuba', 'Cabo Verde', 'Curaçao', 'Christmas Island', 'Cyprus', 'Czechia', 'Germany', 'Djibouti', 'Denmark', 'Dominica', 'Dominican Republic', 'Algeria', 'Ecuador', 'Estonia', 'Egypt', 'Western Sahara', 'Eritrea', 'Spain', 'Ethiopia', 'Finland', 'Fiji', 'Falkland Islands', 'Micronesia', 'Faroe Islands', 'France', 'Gabon', 'United Kingdom', 'Grenada', 'Georgia', 'French Guiana', 'Guernsey', 'Ghana', 'Gibraltar', 'Greenland', 'The Gambia', 'Guinea', 'Guadeloupe', 'Equatorial Guinea', 'Greece', 'South Georgia and South Sandwich Islands', 'Guatemala', 'Guam', 'Guinea-Bissau', 'Guyana', 'Hong Kong', 'Heard and McDonald Islands', 'Honduras', 'Croatia', 'Haiti', 'Hungary', 'Indonesia', 'Ireland', 'Israel', 'Isle of Man', 'India', 'British Indian Ocean Territory', 'Iraq', 'Iran', 'Iceland', 'Italy', 'Jersey', 'Jamaica', 'Jordan', 'Japan', 'Kenya', 'Kyrgyzstan', 'Cambodia', 'Kiribati', 'Comoros', 'St Kitts and Nevis', 'North Korea', 'South Korea', 'Kuwait', 'Cayman Islands', 'Kazakhstan', 'Laos', 'Lebanon', 'Saint Lucia', 'Liechtenstein', 'Sri Lanka', 'Liberia', 'Lesotho', 'Lithuania', 'Luxembourg', 'Latvia', 'Libya', 'Morocco', 'Monaco', 'Moldova', 'Montenegro', 'Saint Martin', 'Madagascar', 'Marshall Islands', 'North Macedonia', 'Mali', 'Myanmar', 'Mongolia', 'Macao', 'Northern Mariana Islands', 'Martinique', 'Mauritania', 'Montserrat', 'Malta', 'Mauritius', 'Maldives', 'Malawi', 'Mexico', 'Malaysia', 'Mozambique', 'Namibia', 'New Caledonia', 'Niger', 'Norfolk Island', 'Nigeria', 'Nicaragua', 'The Netherlands', 'Norway', 'Nepal', 'Nauru', 'Niue', 'New Zealand', 'Oman', 'Panama', 'Peru', 'French Polynesia', 'Papua New Guinea', 'Philippines', 'Pakistan', 'Poland', 'Saint Pierre and Miquelon', 'Pitcairn Islands', 'Puerto Rico', 'Palestine', 'Portugal', 'Palau', 'Paraguay', 'Qatar', 'Réunion', 'Romania', 'Serbia', 'Russia', 'Rwanda', 'Saudi Arabia', 'Solomon Islands', 'Seychelles', 'Sudan', 'Sweden', 'Singapore', 'Saint Helena', 'Slovenia', 'Svalbard and Jan Mayen', 'Slovakia', 'Sierra Leone', 'San Marino', 'Senegal', 'Somalia', 'Suriname', 'South Sudan', 'São Tomé and Príncipe', 'El Salvador', 'Sint Maarten', 'Syria', 'Eswatini', 'Turks and Caicos Islands', 'Chad', 'French Southern Territories', 'Togo', 'Thailand', 'Tajikistan', 'Tokelau', 'Timor-Leste', 'Turkmenistan', 'Tunisia', 'Tonga', 'Türkiye', 'Trinidad and Tobago', 'Tuvalu', 'Taiwan', 'Tanzania', 'Ukraine', 'Uganda', 'U.S. Outlying Islands', 'United States', 'Uruguay', 'Uzbekistan', 'Vatican City', 'St Vincent and Grenadines', 'Venezuela', 'British Virgin Islands', 'U.S. Virgin Islands', 'Vietnam', 'Vanuatu', 'Wallis and Futuna', 'Samoa', 'Kosovo', 'Yemen', 'Mayotte', 'South Africa', 'Zambia', 'Zimbabwe']
2025-01-30 15:55:38,825 - __main__ - INFO - Response time for the request: 0.30 seconds
2025-01-30 15:55:38,825 - __main__ - INFO - ----------------------------------------------------------------------------------------------------
2025-01-30 15:55:39,632 - __main__ - INFO - response: <Response 213 bytes [200 OK]>
2025-01-30 15:55:39,633 - __main__ - INFO - Response time for the request: 0.84 seconds
2025-01-30 15:55:39,633 - __main__ - INFO - ----------------------------------------------------------------------------------------------------
2025-01-30 15:55:46,337 - __main__ - INFO - Request came to fetch all states from india.
2025-01-30 15:55:46,634 - __main__ - INFO - response: ['Andaman and Nicobar', 'Andhra Pradesh', 'Arunachal Pradesh', 'Assam', 'Bihar', 'Chandigarh', 'Chhattisgarh', 'Dadra and Nagar Haveli and Daman and Diu', 'Delhi', 'Goa', 'Gujarat', 'Haryana', 'Himachal Pradesh', 'Jammu and Kashmir', 'Jharkhand', 'Karnataka', 'Kerala', 'Ladakh', 'Lakshadweep', 'Madhya Pradesh', 'Maharashtra', 'Manipur', 'Meghalaya', 'Mizoram', 'Nagaland', 'Odisha', 'Puducherry', 'Punjab', 'Rajasthan', 'Sikkim', 'Tamil Nadu', 'Telangana', 'Tripura', 'Uttar Pradesh', 'Uttarakhand', 'West Bengal']
2025-01-30 15:55:46,635 - __main__ - INFO - Response time for the request: 0.30 seconds
2025-01-30 15:55:46,635 - __main__ - INFO - ----------------------------------------------------------------------------------------------------
2025-01-30 15:55:51,401 - __main__ - INFO - Request came to fetch all districts from tamil nadu, india.
2025-01-30 15:55:51,940 - __main__ - INFO - Response time for the request: 0.54 seconds
2025-01-30 15:55:51,940 - __main__ - INFO - ----------------------------------------------------------------------------------------------------
2025-01-30 16:00:39,919 - __main__ - INFO - Received request: {'latitude': 13.092958, 'longitude': 80.198554}
2025-01-30 16:00:42,439 - __main__ - INFO - response: <Response 213 bytes [200 OK]>
2025-01-30 16:00:42,440 - __main__ - INFO - Response time for the request: 2.52 seconds
2025-01-30 16:00:42,440 - __main__ - INFO - ----------------------------------------------------------------------------------------------------
2025-01-30 16:05:04,254 - __main__ - INFO - Received request: {'latitude': 13.092958, 'longitude': 80.198554}
2025-01-30 16:05:11,441 - __main__ - INFO - Received request: {'latitude': 13.092958, 'longitude': 80.198554}
2025-01-30 16:05:13,211 - __main__ - INFO - response: <Response 213 bytes [200 OK]>
2025-01-30 16:05:13,217 - __main__ - INFO - Response time for the request: 8.98 seconds
2025-01-30 16:05:13,224 - __main__ - INFO - ----------------------------------------------------------------------------------------------------
2025-01-30 16:05:15,654 - __main__ - INFO - response: <Response 213 bytes [200 OK]>
2025-01-30 16:05:15,655 - __main__ - INFO - Response time for the request: 4.21 seconds
2025-01-30 16:05:15,655 - __main__ - INFO - ----------------------------------------------------------------------------------------------------
2025-01-30 16:05:40,689 - __main__ - INFO - Received request: {'latitude': 13.092958, 'longitude': 80.198554}
2025-01-30 16:05:45,497 - __main__ - INFO - response: <Response 213 bytes [200 OK]>
2025-01-30 16:05:45,498 - __main__ - INFO - Response time for the request: 4.81 seconds
2025-01-30 16:05:45,498 - __main__ - INFO - ----------------------------------------------------------------------------------------------------
2025-01-30 16:06:11,871 - __main__ - INFO - Received request: {'latitude': 13.092958, 'longitude': 80.198554}
2025-01-30 16:06:15,435 - __main__ - INFO - response: <Response 213 bytes [200 OK]>
2025-01-30 16:06:15,436 - __main__ - INFO - Response time for the request: 3.56 seconds
2025-01-30 16:06:15,436 - __main__ - INFO - ----------------------------------------------------------------------------------------------------
2025-01-30 16:06:20,841 - __main__ - INFO - Received request: {'latitude': 13.092958, 'longitude': 80.198554}
2025-01-30 16:06:27,433 - __main__ - INFO - Received request: {'latitude': 13.092958, 'longitude': 80.198554}
2025-01-30 16:06:27,909 - __main__ - INFO - response: <Response 213 bytes [200 OK]>
2025-01-30 16:06:27,909 - __main__ - INFO - Response time for the request: 7.07 seconds
2025-01-30 16:06:27,910 - __main__ - INFO - ----------------------------------------------------------------------------------------------------
2025-01-30 16:06:30,736 - __main__ - INFO - response: <Response 213 bytes [200 OK]>
2025-01-30 16:06:30,737 - __main__ - INFO - Response time for the request: 3.30 seconds
2025-01-30 16:06:30,737 - __main__ - INFO - ----------------------------------------------------------------------------------------------------
2025-01-30 16:06:31,458 - __main__ - INFO - Received request: {'latitude': 13.092958, 'longitude': 80.198554}
2025-01-30 16:06:32,636 - __main__ - INFO - response: <Response 213 bytes [200 OK]>
2025-01-30 16:06:32,636 - __main__ - INFO - Response time for the request: 1.18 seconds
2025-01-30 16:06:32,637 - __main__ - INFO - ----------------------------------------------------------------------------------------------------
2025-01-30 16:06:47,507 - __main__ - INFO - Received request: {'latitude': 13.092958, 'longitude': 80.198554}
2025-01-30 16:06:48,314 - __main__ - INFO - Received request: {'latitude': 13.092958, 'longitude': 80.198554}
2025-01-30 16:06:51,323 - __main__ - INFO - response: <Response 213 bytes [200 OK]>
2025-01-30 16:06:51,341 - __main__ - INFO - Response time for the request: 3.83 seconds
2025-01-30 16:06:51,392 - __main__ - INFO - ----------------------------------------------------------------------------------------------------
2025-01-30 16:06:53,732 - __main__ - INFO - response: <Response 213 bytes [200 OK]>
2025-01-30 16:06:53,733 - __main__ - INFO - Response time for the request: 5.42 seconds
2025-01-30 16:06:53,734 - __main__ - INFO - ----------------------------------------------------------------------------------------------------
2025-01-30 16:06:55,737 - __main__ - INFO - Received request: {'latitude': 13.092958, 'longitude': 80.198554}
2025-01-30 16:06:56,499 - __main__ - INFO - response: <Response 213 bytes [200 OK]>
2025-01-30 16:06:56,499 - __main__ - INFO - Response time for the request: 0.76 seconds
2025-01-30 16:06:56,503 - __main__ - INFO - ----------------------------------------------------------------------------------------------------
2025-01-30 16:07:03,472 - __main__ - INFO - Received request: {'latitude': 13.092958, 'longitude': 80.198554}
2025-01-30 16:07:04,797 - __main__ - INFO - response: <Response 213 bytes [200 OK]>
2025-01-30 16:07:04,797 - __main__ - INFO - Response time for the request: 1.33 seconds
2025-01-30 16:07:04,798 - __main__ - INFO - ----------------------------------------------------------------------------------------------------
2025-01-30 16:08:02,133 - __main__ - INFO - Received request: {'latitude': 13.092958, 'longitude': 80.198554}
2025-01-30 16:08:04,724 - __main__ - INFO - response: <Response 213 bytes [200 OK]>
2025-01-30 16:08:04,727 - __main__ - INFO - Response time for the request: 2.60 seconds
2025-01-30 16:08:04,727 - __main__ - INFO - ----------------------------------------------------------------------------------------------------
2025-01-30 16:08:50,188 - __main__ - INFO - Received request: {'latitude': 13.092958, 'longitude': 80.198554}
2025-01-30 16:08:50,831 - __main__ - INFO - response: <Response 213 bytes [200 OK]>
2025-01-30 16:08:50,831 - __main__ - INFO - Response time for the request: 0.64 seconds
2025-01-30 16:08:50,831 - __main__ - INFO - ----------------------------------------------------------------------------------------------------
2025-01-30 16:09:40,340 - __main__ - INFO - Request came to fetch all countries.
2025-01-30 16:09:40,545 - __main__ - INFO - response: ['Andorra', 'United Arab Emirates', 'Afghanistan', 'Antigua and Barbuda', 'Anguilla', 'Albania', 'Armenia', 'Angola', 'Antarctica', 'Argentina', 'American Samoa', 'Austria', 'Australia', 'Aruba', 'Åland', 'Azerbaijan', 'Bosnia and Herzegovina', 'Barbados', 'Bangladesh', 'Belgium', 'Burkina Faso', 'Bulgaria', 'Bahrain', 'Burundi', 'Benin', 'Saint Barthélemy', 'Bermuda', 'Brunei', 'Bolivia', 'Bonaire, Sint Eustatius, and Saba', 'Brazil', 'Bahamas', 'Bhutan', 'Bouvet Island', 'Botswana', 'Belarus', 'Belize', 'Canada', 'Cocos (Keeling) Islands', 'DR Congo', 'Central African Republic', 'Congo Republic', 'Switzerland', 'Ivory Coast', 'Cook Islands', 'Chile', 'Cameroon', 'China', 'Colombia', 'Costa Rica', 'Cuba', 'Cabo Verde', 'Curaçao', 'Christmas Island', 'Cyprus', 'Czechia', 'Germany', 'Djibouti', 'Denmark', 'Dominica', 'Dominican Republic', 'Algeria', 'Ecuador', 'Estonia', 'Egypt', 'Western Sahara', 'Eritrea', 'Spain', 'Ethiopia', 'Finland', 'Fiji', 'Falkland Islands', 'Micronesia', 'Faroe Islands', 'France', 'Gabon', 'United Kingdom', 'Grenada', 'Georgia', 'French Guiana', 'Guernsey', 'Ghana', 'Gibraltar', 'Greenland', 'The Gambia', 'Guinea', 'Guadeloupe', 'Equatorial Guinea', 'Greece', 'South Georgia and South Sandwich Islands', 'Guatemala', 'Guam', 'Guinea-Bissau', 'Guyana', 'Hong Kong', 'Heard and McDonald Islands', 'Honduras', 'Croatia', 'Haiti', 'Hungary', 'Indonesia', 'Ireland', 'Israel', 'Isle of Man', 'India', 'British Indian Ocean Territory', 'Iraq', 'Iran', 'Iceland', 'Italy', 'Jersey', 'Jamaica', 'Jordan', 'Japan', 'Kenya', 'Kyrgyzstan', 'Cambodia', 'Kiribati', 'Comoros', 'St Kitts and Nevis', 'North Korea', 'South Korea', 'Kuwait', 'Cayman Islands', 'Kazakhstan', 'Laos', 'Lebanon', 'Saint Lucia', 'Liechtenstein', 'Sri Lanka', 'Liberia', 'Lesotho', 'Lithuania', 'Luxembourg', 'Latvia', 'Libya', 'Morocco', 'Monaco', 'Moldova', 'Montenegro', 'Saint Martin', 'Madagascar', 'Marshall Islands', 'North Macedonia', 'Mali', 'Myanmar', 'Mongolia', 'Macao', 'Northern Mariana Islands', 'Martinique', 'Mauritania', 'Montserrat', 'Malta', 'Mauritius', 'Maldives', 'Malawi', 'Mexico', 'Malaysia', 'Mozambique', 'Namibia', 'New Caledonia', 'Niger', 'Norfolk Island', 'Nigeria', 'Nicaragua', 'The Netherlands', 'Norway', 'Nepal', 'Nauru', 'Niue', 'New Zealand', 'Oman', 'Panama', 'Peru', 'French Polynesia', 'Papua New Guinea', 'Philippines', 'Pakistan', 'Poland', 'Saint Pierre and Miquelon', 'Pitcairn Islands', 'Puerto Rico', 'Palestine', 'Portugal', 'Palau', 'Paraguay', 'Qatar', 'Réunion', 'Romania', 'Serbia', 'Russia', 'Rwanda', 'Saudi Arabia', 'Solomon Islands', 'Seychelles', 'Sudan', 'Sweden', 'Singapore', 'Saint Helena', 'Slovenia', 'Svalbard and Jan Mayen', 'Slovakia', 'Sierra Leone', 'San Marino', 'Senegal', 'Somalia', 'Suriname', 'South Sudan', 'São Tomé and Príncipe', 'El Salvador', 'Sint Maarten', 'Syria', 'Eswatini', 'Turks and Caicos Islands', 'Chad', 'French Southern Territories', 'Togo', 'Thailand', 'Tajikistan', 'Tokelau', 'Timor-Leste', 'Turkmenistan', 'Tunisia', 'Tonga', 'Türkiye', 'Trinidad and Tobago', 'Tuvalu', 'Taiwan', 'Tanzania', 'Ukraine', 'Uganda', 'U.S. Outlying Islands', 'United States', 'Uruguay', 'Uzbekistan', 'Vatican City', 'St Vincent and Grenadines', 'Venezuela', 'British Virgin Islands', 'U.S. Virgin Islands', 'Vietnam', 'Vanuatu', 'Wallis and Futuna', 'Samoa', 'Kosovo', 'Yemen', 'Mayotte', 'South Africa', 'Zambia', 'Zimbabwe']
2025-01-30 16:09:40,550 - __main__ - INFO - Response time for the request: 0.21 seconds
2025-01-30 16:09:40,551 - __main__ - INFO - ----------------------------------------------------------------------------------------------------
2025-01-30 16:09:40,598 - __main__ - INFO - Request came to fetch all countries.
2025-01-30 16:09:40,671 - __main__ - INFO - response: ['Andorra', 'United Arab Emirates', 'Afghanistan', 'Antigua and Barbuda', 'Anguilla', 'Albania', 'Armenia', 'Angola', 'Antarctica', 'Argentina', 'American Samoa', 'Austria', 'Australia', 'Aruba', 'Åland', 'Azerbaijan', 'Bosnia and Herzegovina', 'Barbados', 'Bangladesh', 'Belgium', 'Burkina Faso', 'Bulgaria', 'Bahrain', 'Burundi', 'Benin', 'Saint Barthélemy', 'Bermuda', 'Brunei', 'Bolivia', 'Bonaire, Sint Eustatius, and Saba', 'Brazil', 'Bahamas', 'Bhutan', 'Bouvet Island', 'Botswana', 'Belarus', 'Belize', 'Canada', 'Cocos (Keeling) Islands', 'DR Congo', 'Central African Republic', 'Congo Republic', 'Switzerland', 'Ivory Coast', 'Cook Islands', 'Chile', 'Cameroon', 'China', 'Colombia', 'Costa Rica', 'Cuba', 'Cabo Verde', 'Curaçao', 'Christmas Island', 'Cyprus', 'Czechia', 'Germany', 'Djibouti', 'Denmark', 'Dominica', 'Dominican Republic', 'Algeria', 'Ecuador', 'Estonia', 'Egypt', 'Western Sahara', 'Eritrea', 'Spain', 'Ethiopia', 'Finland', 'Fiji', 'Falkland Islands', 'Micronesia', 'Faroe Islands', 'France', 'Gabon', 'United Kingdom', 'Grenada', 'Georgia', 'French Guiana', 'Guernsey', 'Ghana', 'Gibraltar', 'Greenland', 'The Gambia', 'Guinea', 'Guadeloupe', 'Equatorial Guinea', 'Greece', 'South Georgia and South Sandwich Islands', 'Guatemala', 'Guam', 'Guinea-Bissau', 'Guyana', 'Hong Kong', 'Heard and McDonald Islands', 'Honduras', 'Croatia', 'Haiti', 'Hungary', 'Indonesia', 'Ireland', 'Israel', 'Isle of Man', 'India', 'British Indian Ocean Territory', 'Iraq', 'Iran', 'Iceland', 'Italy', 'Jersey', 'Jamaica', 'Jordan', 'Japan', 'Kenya', 'Kyrgyzstan', 'Cambodia', 'Kiribati', 'Comoros', 'St Kitts and Nevis', 'North Korea', 'South Korea', 'Kuwait', 'Cayman Islands', 'Kazakhstan', 'Laos', 'Lebanon', 'Saint Lucia', 'Liechtenstein', 'Sri Lanka', 'Liberia', 'Lesotho', 'Lithuania', 'Luxembourg', 'Latvia', 'Libya', 'Morocco', 'Monaco', 'Moldova', 'Montenegro', 'Saint Martin', 'Madagascar', 'Marshall Islands', 'North Macedonia', 'Mali', 'Myanmar', 'Mongolia', 'Macao', 'Northern Mariana Islands', 'Martinique', 'Mauritania', 'Montserrat', 'Malta', 'Mauritius', 'Maldives', 'Malawi', 'Mexico', 'Malaysia', 'Mozambique', 'Namibia', 'New Caledonia', 'Niger', 'Norfolk Island', 'Nigeria', 'Nicaragua', 'The Netherlands', 'Norway', 'Nepal', 'Nauru', 'Niue', 'New Zealand', 'Oman', 'Panama', 'Peru', 'French Polynesia', 'Papua New Guinea', 'Philippines', 'Pakistan', 'Poland', 'Saint Pierre and Miquelon', 'Pitcairn Islands', 'Puerto Rico', 'Palestine', 'Portugal', 'Palau', 'Paraguay', 'Qatar', 'Réunion', 'Romania', 'Serbia', 'Russia', 'Rwanda', 'Saudi Arabia', 'Solomon Islands', 'Seychelles', 'Sudan', 'Sweden', 'Singapore', 'Saint Helena', 'Slovenia', 'Svalbard and Jan Mayen', 'Slovakia', 'Sierra Leone', 'San Marino', 'Senegal', 'Somalia', 'Suriname', 'South Sudan', 'São Tomé and Príncipe', 'El Salvador', 'Sint Maarten', 'Syria', 'Eswatini', 'Turks and Caicos Islands', 'Chad', 'French Southern Territories', 'Togo', 'Thailand', 'Tajikistan', 'Tokelau', 'Timor-Leste', 'Turkmenistan', 'Tunisia', 'Tonga', 'Türkiye', 'Trinidad and Tobago', 'Tuvalu', 'Taiwan', 'Tanzania', 'Ukraine', 'Uganda', 'U.S. Outlying Islands', 'United States', 'Uruguay', 'Uzbekistan', 'Vatican City', 'St Vincent and Grenadines', 'Venezuela', 'British Virgin Islands', 'U.S. Virgin Islands', 'Vietnam', 'Vanuatu', 'Wallis and Futuna', 'Samoa', 'Kosovo', 'Yemen', 'Mayotte', 'South Africa', 'Zambia', 'Zimbabwe']
2025-01-30 16:09:40,675 - __main__ - INFO - Response time for the request: 0.08 seconds
2025-01-30 16:09:40,676 - __main__ - INFO - ----------------------------------------------------------------------------------------------------
2025-01-30 16:10:20,171 - __main__ - INFO - Received request: {'latitude': 13.092958, 'longitude': 80.198554}
2025-01-30 16:10:20,267 - __main__ - INFO - Received request: {'latitude': 13.092958, 'longitude': 80.198554}
2025-01-30 16:10:23,788 - __main__ - INFO - response: <Response 213 bytes [200 OK]>
2025-01-30 16:10:23,788 - __main__ - INFO - Response time for the request: 3.62 seconds
2025-01-30 16:10:23,789 - __main__ - INFO - ----------------------------------------------------------------------------------------------------
2025-01-30 16:10:23,875 - __main__ - INFO - response: <Response 213 bytes [200 OK]>
2025-01-30 16:10:23,876 - __main__ - INFO - Response time for the request: 3.61 seconds
2025-01-30 16:10:23,878 - __main__ - INFO - ----------------------------------------------------------------------------------------------------
2025-01-30 16:12:43,685 - __main__ - INFO - Request came to fetch all states from india.
2025-01-30 16:12:44,203 - __main__ - INFO - response: ['Andaman and Nicobar', 'Andhra Pradesh', 'Arunachal Pradesh', 'Assam', 'Bihar', 'Chandigarh', 'Chhattisgarh', 'Dadra and Nagar Haveli and Daman and Diu', 'Delhi', 'Goa', 'Gujarat', 'Haryana', 'Himachal Pradesh', 'Jammu and Kashmir', 'Jharkhand', 'Karnataka', 'Kerala', 'Ladakh', 'Lakshadweep', 'Madhya Pradesh', 'Maharashtra', 'Manipur', 'Meghalaya', 'Mizoram', 'Nagaland', 'Odisha', 'Puducherry', 'Punjab', 'Rajasthan', 'Sikkim', 'Tamil Nadu', 'Telangana', 'Tripura', 'Uttar Pradesh', 'Uttarakhand', 'West Bengal']
2025-01-30 16:12:44,205 - __main__ - INFO - Response time for the request: 0.52 seconds
2025-01-30 16:12:44,205 - __main__ - INFO - ----------------------------------------------------------------------------------------------------
2025-01-30 16:12:44,307 - __main__ - INFO - Request came to fetch all states from india.
2025-01-30 16:12:44,586 - __main__ - INFO - response: ['Andaman and Nicobar', 'Andhra Pradesh', 'Arunachal Pradesh', 'Assam', 'Bihar', 'Chandigarh', 'Chhattisgarh', 'Dadra and Nagar Haveli and Daman and Diu', 'Delhi', 'Goa', 'Gujarat', 'Haryana', 'Himachal Pradesh', 'Jammu and Kashmir', 'Jharkhand', 'Karnataka', 'Kerala', 'Ladakh', 'Lakshadweep', 'Madhya Pradesh', 'Maharashtra', 'Manipur', 'Meghalaya', 'Mizoram', 'Nagaland', 'Odisha', 'Puducherry', 'Punjab', 'Rajasthan', 'Sikkim', 'Tamil Nadu', 'Telangana', 'Tripura', 'Uttar Pradesh', 'Uttarakhand', 'West Bengal']
2025-01-30 16:12:44,587 - __main__ - INFO - Response time for the request: 0.28 seconds
2025-01-30 16:12:44,587 - __main__ - INFO - ----------------------------------------------------------------------------------------------------
2025-01-30 16:12:55,226 - __main__ - INFO - Request came to fetch all districts from tamil nadu, india.
2025-01-30 16:12:57,337 - __main__ - INFO - Response time for the request: 2.11 seconds
2025-01-30 16:12:57,337 - __main__ - INFO - ----------------------------------------------------------------------------------------------------
2025-01-30 16:12:57,346 - __main__ - INFO - Request came to fetch all districts from tamil nadu, india.
2025-01-30 16:12:58,069 - __main__ - INFO - Response time for the request: 0.72 seconds
2025-01-30 16:12:58,070 - __main__ - INFO - ----------------------------------------------------------------------------------------------------
2025-01-30 16:46:52,402 - __main__ - INFO - Request came to fetch all countries.
2025-01-30 16:46:52,973 - __main__ - INFO - response: ['Andorra', 'United Arab Emirates', 'Afghanistan', 'Antigua and Barbuda', 'Anguilla', 'Albania', 'Armenia', 'Angola', 'Antarctica', 'Argentina', 'American Samoa', 'Austria', 'Australia', 'Aruba', 'Åland', 'Azerbaijan', 'Bosnia and Herzegovina', 'Barbados', 'Bangladesh', 'Belgium', 'Burkina Faso', 'Bulgaria', 'Bahrain', 'Burundi', 'Benin', 'Saint Barthélemy', 'Bermuda', 'Brunei', 'Bolivia', 'Bonaire, Sint Eustatius, and Saba', 'Brazil', 'Bahamas', 'Bhutan', 'Bouvet Island', 'Botswana', 'Belarus', 'Belize', 'Canada', 'Cocos (Keeling) Islands', 'DR Congo', 'Central African Republic', 'Congo Republic', 'Switzerland', 'Ivory Coast', 'Cook Islands', 'Chile', 'Cameroon', 'China', 'Colombia', 'Costa Rica', 'Cuba', 'Cabo Verde', 'Curaçao', 'Christmas Island', 'Cyprus', 'Czechia', 'Germany', 'Djibouti', 'Denmark', 'Dominica', 'Dominican Republic', 'Algeria', 'Ecuador', 'Estonia', 'Egypt', 'Western Sahara', 'Eritrea', 'Spain', 'Ethiopia', 'Finland', 'Fiji', 'Falkland Islands', 'Micronesia', 'Faroe Islands', 'France', 'Gabon', 'United Kingdom', 'Grenada', 'Georgia', 'French Guiana', 'Guernsey', 'Ghana', 'Gibraltar', 'Greenland', 'The Gambia', 'Guinea', 'Guadeloupe', 'Equatorial Guinea', 'Greece', 'South Georgia and South Sandwich Islands', 'Guatemala', 'Guam', 'Guinea-Bissau', 'Guyana', 'Hong Kong', 'Heard and McDonald Islands', 'Honduras', 'Croatia', 'Haiti', 'Hungary', 'Indonesia', 'Ireland', 'Israel', 'Isle of Man', 'India', 'British Indian Ocean Territory', 'Iraq', 'Iran', 'Iceland', 'Italy', 'Jersey', 'Jamaica', 'Jordan', 'Japan', 'Kenya', 'Kyrgyzstan', 'Cambodia', 'Kiribati', 'Comoros', 'St Kitts and Nevis', 'North Korea', 'South Korea', 'Kuwait', 'Cayman Islands', 'Kazakhstan', 'Laos', 'Lebanon', 'Saint Lucia', 'Liechtenstein', 'Sri Lanka', 'Liberia', 'Lesotho', 'Lithuania', 'Luxembourg', 'Latvia', 'Libya', 'Morocco', 'Monaco', 'Moldova', 'Montenegro', 'Saint Martin', 'Madagascar', 'Marshall Islands', 'North Macedonia', 'Mali', 'Myanmar', 'Mongolia', 'Macao', 'Northern Mariana Islands', 'Martinique', 'Mauritania', 'Montserrat', 'Malta', 'Mauritius', 'Maldives', 'Malawi', 'Mexico', 'Malaysia', 'Mozambique', 'Namibia', 'New Caledonia', 'Niger', 'Norfolk Island', 'Nigeria', 'Nicaragua', 'The Netherlands', 'Norway', 'Nepal', 'Nauru', 'Niue', 'New Zealand', 'Oman', 'Panama', 'Peru', 'French Polynesia', 'Papua New Guinea', 'Philippines', 'Pakistan', 'Poland', 'Saint Pierre and Miquelon', 'Pitcairn Islands', 'Puerto Rico', 'Palestine', 'Portugal', 'Palau', 'Paraguay', 'Qatar', 'Réunion', 'Romania', 'Serbia', 'Russia', 'Rwanda', 'Saudi Arabia', 'Solomon Islands', 'Seychelles', 'Sudan', 'Sweden', 'Singapore', 'Saint Helena', 'Slovenia', 'Svalbard and Jan Mayen', 'Slovakia', 'Sierra Leone', 'San Marino', 'Senegal', 'Somalia', 'Suriname', 'South Sudan', 'São Tomé and Príncipe', 'El Salvador', 'Sint Maarten', 'Syria', 'Eswatini', 'Turks and Caicos Islands', 'Chad', 'French Southern Territories', 'Togo', 'Thailand', 'Tajikistan', 'Tokelau', 'Timor-Leste', 'Turkmenistan', 'Tunisia', 'Tonga', 'Türkiye', 'Trinidad and Tobago', 'Tuvalu', 'Taiwan', 'Tanzania', 'Ukraine', 'Uganda', 'U.S. Outlying Islands', 'United States', 'Uruguay', 'Uzbekistan', 'Vatican City', 'St Vincent and Grenadines', 'Venezuela', 'British Virgin Islands', 'U.S. Virgin Islands', 'Vietnam', 'Vanuatu', 'Wallis and Futuna', 'Samoa', 'Kosovo', 'Yemen', 'Mayotte', 'South Africa', 'Zambia', 'Zimbabwe']
2025-01-30 16:46:52,981 - __main__ - INFO - Response time for the request: 0.58 seconds
2025-01-30 16:46:52,981 - __main__ - INFO - ----------------------------------------------------------------------------------------------------
2025-01-30 16:46:53,317 - __main__ - INFO - Request came to fetch all countries.
2025-01-30 16:46:53,688 - __main__ - INFO - response: ['Andorra', 'United Arab Emirates', 'Afghanistan', 'Antigua and Barbuda', 'Anguilla', 'Albania', 'Armenia', 'Angola', 'Antarctica', 'Argentina', 'American Samoa', 'Austria', 'Australia', 'Aruba', 'Åland', 'Azerbaijan', 'Bosnia and Herzegovina', 'Barbados', 'Bangladesh', 'Belgium', 'Burkina Faso', 'Bulgaria', 'Bahrain', 'Burundi', 'Benin', 'Saint Barthélemy', 'Bermuda', 'Brunei', 'Bolivia', 'Bonaire, Sint Eustatius, and Saba', 'Brazil', 'Bahamas', 'Bhutan', 'Bouvet Island', 'Botswana', 'Belarus', 'Belize', 'Canada', 'Cocos (Keeling) Islands', 'DR Congo', 'Central African Republic', 'Congo Republic', 'Switzerland', 'Ivory Coast', 'Cook Islands', 'Chile', 'Cameroon', 'China', 'Colombia', 'Costa Rica', 'Cuba', 'Cabo Verde', 'Curaçao', 'Christmas Island', 'Cyprus', 'Czechia', 'Germany', 'Djibouti', 'Denmark', 'Dominica', 'Dominican Republic', 'Algeria', 'Ecuador', 'Estonia', 'Egypt', 'Western Sahara', 'Eritrea', 'Spain', 'Ethiopia', 'Finland', 'Fiji', 'Falkland Islands', 'Micronesia', 'Faroe Islands', 'France', 'Gabon', 'United Kingdom', 'Grenada', 'Georgia', 'French Guiana', 'Guernsey', 'Ghana', 'Gibraltar', 'Greenland', 'The Gambia', 'Guinea', 'Guadeloupe', 'Equatorial Guinea', 'Greece', 'South Georgia and South Sandwich Islands', 'Guatemala', 'Guam', 'Guinea-Bissau', 'Guyana', 'Hong Kong', 'Heard and McDonald Islands', 'Honduras', 'Croatia', 'Haiti', 'Hungary', 'Indonesia', 'Ireland', 'Israel', 'Isle of Man', 'India', 'British Indian Ocean Territory', 'Iraq', 'Iran', 'Iceland', 'Italy', 'Jersey', 'Jamaica', 'Jordan', 'Japan', 'Kenya', 'Kyrgyzstan', 'Cambodia', 'Kiribati', 'Comoros', 'St Kitts and Nevis', 'North Korea', 'South Korea', 'Kuwait', 'Cayman Islands', 'Kazakhstan', 'Laos', 'Lebanon', 'Saint Lucia', 'Liechtenstein', 'Sri Lanka', 'Liberia', 'Lesotho', 'Lithuania', 'Luxembourg', 'Latvia', 'Libya', 'Morocco', 'Monaco', 'Moldova', 'Montenegro', 'Saint Martin', 'Madagascar', 'Marshall Islands', 'North Macedonia', 'Mali', 'Myanmar', 'Mongolia', 'Macao', 'Northern Mariana Islands', 'Martinique', 'Mauritania', 'Montserrat', 'Malta', 'Mauritius', 'Maldives', 'Malawi', 'Mexico', 'Malaysia', 'Mozambique', 'Namibia', 'New Caledonia', 'Niger', 'Norfolk Island', 'Nigeria', 'Nicaragua', 'The Netherlands', 'Norway', 'Nepal', 'Nauru', 'Niue', 'New Zealand', 'Oman', 'Panama', 'Peru', 'French Polynesia', 'Papua New Guinea', 'Philippines', 'Pakistan', 'Poland', 'Saint Pierre and Miquelon', 'Pitcairn Islands', 'Puerto Rico', 'Palestine', 'Portugal', 'Palau', 'Paraguay', 'Qatar', 'Réunion', 'Romania', 'Serbia', 'Russia', 'Rwanda', 'Saudi Arabia', 'Solomon Islands', 'Seychelles', 'Sudan', 'Sweden', 'Singapore', 'Saint Helena', 'Slovenia', 'Svalbard and Jan Mayen', 'Slovakia', 'Sierra Leone', 'San Marino', 'Senegal', 'Somalia', 'Suriname', 'South Sudan', 'São Tomé and Príncipe', 'El Salvador', 'Sint Maarten', 'Syria', 'Eswatini', 'Turks and Caicos Islands', 'Chad', 'French Southern Territories', 'Togo', 'Thailand', 'Tajikistan', 'Tokelau', 'Timor-Leste', 'Turkmenistan', 'Tunisia', 'Tonga', 'Türkiye', 'Trinidad and Tobago', 'Tuvalu', 'Taiwan', 'Tanzania', 'Ukraine', 'Uganda', 'U.S. Outlying Islands', 'United States', 'Uruguay', 'Uzbekistan', 'Vatican City', 'St Vincent and Grenadines', 'Venezuela', 'British Virgin Islands', 'U.S. Virgin Islands', 'Vietnam', 'Vanuatu', 'Wallis and Futuna', 'Samoa', 'Kosovo', 'Yemen', 'Mayotte', 'South Africa', 'Zambia', 'Zimbabwe']
2025-01-30 16:46:53,701 - __main__ - INFO - Response time for the request: 0.38 seconds
2025-01-30 16:46:53,704 - __main__ - INFO - ----------------------------------------------------------------------------------------------------
2025-01-30 16:46:54,331 - __main__ - INFO - Request came to fetch all countries.
2025-01-30 16:46:54,624 - __main__ - INFO - response: ['Andorra', 'United Arab Emirates', 'Afghanistan', 'Antigua and Barbuda', 'Anguilla', 'Albania', 'Armenia', 'Angola', 'Antarctica', 'Argentina', 'American Samoa', 'Austria', 'Australia', 'Aruba', 'Åland', 'Azerbaijan', 'Bosnia and Herzegovina', 'Barbados', 'Bangladesh', 'Belgium', 'Burkina Faso', 'Bulgaria', 'Bahrain', 'Burundi', 'Benin', 'Saint Barthélemy', 'Bermuda', 'Brunei', 'Bolivia', 'Bonaire, Sint Eustatius, and Saba', 'Brazil', 'Bahamas', 'Bhutan', 'Bouvet Island', 'Botswana', 'Belarus', 'Belize', 'Canada', 'Cocos (Keeling) Islands', 'DR Congo', 'Central African Republic', 'Congo Republic', 'Switzerland', 'Ivory Coast', 'Cook Islands', 'Chile', 'Cameroon', 'China', 'Colombia', 'Costa Rica', 'Cuba', 'Cabo Verde', 'Curaçao', 'Christmas Island', 'Cyprus', 'Czechia', 'Germany', 'Djibouti', 'Denmark', 'Dominica', 'Dominican Republic', 'Algeria', 'Ecuador', 'Estonia', 'Egypt', 'Western Sahara', 'Eritrea', 'Spain', 'Ethiopia', 'Finland', 'Fiji', 'Falkland Islands', 'Micronesia', 'Faroe Islands', 'France', 'Gabon', 'United Kingdom', 'Grenada', 'Georgia', 'French Guiana', 'Guernsey', 'Ghana', 'Gibraltar', 'Greenland', 'The Gambia', 'Guinea', 'Guadeloupe', 'Equatorial Guinea', 'Greece', 'South Georgia and South Sandwich Islands', 'Guatemala', 'Guam', 'Guinea-Bissau', 'Guyana', 'Hong Kong', 'Heard and McDonald Islands', 'Honduras', 'Croatia', 'Haiti', 'Hungary', 'Indonesia', 'Ireland', 'Israel', 'Isle of Man', 'India', 'British Indian Ocean Territory', 'Iraq', 'Iran', 'Iceland', 'Italy', 'Jersey', 'Jamaica', 'Jordan', 'Japan', 'Kenya', 'Kyrgyzstan', 'Cambodia', 'Kiribati', 'Comoros', 'St Kitts and Nevis', 'North Korea', 'South Korea', 'Kuwait', 'Cayman Islands', 'Kazakhstan', 'Laos', 'Lebanon', 'Saint Lucia', 'Liechtenstein', 'Sri Lanka', 'Liberia', 'Lesotho', 'Lithuania', 'Luxembourg', 'Latvia', 'Libya', 'Morocco', 'Monaco', 'Moldova', 'Montenegro', 'Saint Martin', 'Madagascar', 'Marshall Islands', 'North Macedonia', 'Mali', 'Myanmar', 'Mongolia', 'Macao', 'Northern Mariana Islands', 'Martinique', 'Mauritania', 'Montserrat', 'Malta', 'Mauritius', 'Maldives', 'Malawi', 'Mexico', 'Malaysia', 'Mozambique', 'Namibia', 'New Caledonia', 'Niger', 'Norfolk Island', 'Nigeria', 'Nicaragua', 'The Netherlands', 'Norway', 'Nepal', 'Nauru', 'Niue', 'New Zealand', 'Oman', 'Panama', 'Peru', 'French Polynesia', 'Papua New Guinea', 'Philippines', 'Pakistan', 'Poland', 'Saint Pierre and Miquelon', 'Pitcairn Islands', 'Puerto Rico', 'Palestine', 'Portugal', 'Palau', 'Paraguay', 'Qatar', 'Réunion', 'Romania', 'Serbia', 'Russia', 'Rwanda', 'Saudi Arabia', 'Solomon Islands', 'Seychelles', 'Sudan', 'Sweden', 'Singapore', 'Saint Helena', 'Slovenia', 'Svalbard and Jan Mayen', 'Slovakia', 'Sierra Leone', 'San Marino', 'Senegal', 'Somalia', 'Suriname', 'South Sudan', 'São Tomé and Príncipe', 'El Salvador', 'Sint Maarten', 'Syria', 'Eswatini', 'Turks and Caicos Islands', 'Chad', 'French Southern Territories', 'Togo', 'Thailand', 'Tajikistan', 'Tokelau', 'Timor-Leste', 'Turkmenistan', 'Tunisia', 'Tonga', 'Türkiye', 'Trinidad and Tobago', 'Tuvalu', 'Taiwan', 'Tanzania', 'Ukraine', 'Uganda', 'U.S. Outlying Islands', 'United States', 'Uruguay', 'Uzbekistan', 'Vatican City', 'St Vincent and Grenadines', 'Venezuela', 'British Virgin Islands', 'U.S. Virgin Islands', 'Vietnam', 'Vanuatu', 'Wallis and Futuna', 'Samoa', 'Kosovo', 'Yemen', 'Mayotte', 'South Africa', 'Zambia', 'Zimbabwe']
2025-01-30 16:46:54,635 - __main__ - INFO - Response time for the request: 0.30 seconds
2025-01-30 16:46:54,635 - __main__ - INFO - ----------------------------------------------------------------------------------------------------
2025-01-30 16:46:55,052 - __main__ - INFO - Request came to fetch all countries.
2025-01-30 16:46:55,243 - __main__ - INFO - response: ['Andorra', 'United Arab Emirates', 'Afghanistan', 'Antigua and Barbuda', 'Anguilla', 'Albania', 'Armenia', 'Angola', 'Antarctica', 'Argentina', 'American Samoa', 'Austria', 'Australia', 'Aruba', 'Åland', 'Azerbaijan', 'Bosnia and Herzegovina', 'Barbados', 'Bangladesh', 'Belgium', 'Burkina Faso', 'Bulgaria', 'Bahrain', 'Burundi', 'Benin', 'Saint Barthélemy', 'Bermuda', 'Brunei', 'Bolivia', 'Bonaire, Sint Eustatius, and Saba', 'Brazil', 'Bahamas', 'Bhutan', 'Bouvet Island', 'Botswana', 'Belarus', 'Belize', 'Canada', 'Cocos (Keeling) Islands', 'DR Congo', 'Central African Republic', 'Congo Republic', 'Switzerland', 'Ivory Coast', 'Cook Islands', 'Chile', 'Cameroon', 'China', 'Colombia', 'Costa Rica', 'Cuba', 'Cabo Verde', 'Curaçao', 'Christmas Island', 'Cyprus', 'Czechia', 'Germany', 'Djibouti', 'Denmark', 'Dominica', 'Dominican Republic', 'Algeria', 'Ecuador', 'Estonia', 'Egypt', 'Western Sahara', 'Eritrea', 'Spain', 'Ethiopia', 'Finland', 'Fiji', 'Falkland Islands', 'Micronesia', 'Faroe Islands', 'France', 'Gabon', 'United Kingdom', 'Grenada', 'Georgia', 'French Guiana', 'Guernsey', 'Ghana', 'Gibraltar', 'Greenland', 'The Gambia', 'Guinea', 'Guadeloupe', 'Equatorial Guinea', 'Greece', 'South Georgia and South Sandwich Islands', 'Guatemala', 'Guam', 'Guinea-Bissau', 'Guyana', 'Hong Kong', 'Heard and McDonald Islands', 'Honduras', 'Croatia', 'Haiti', 'Hungary', 'Indonesia', 'Ireland', 'Israel', 'Isle of Man', 'India', 'British Indian Ocean Territory', 'Iraq', 'Iran', 'Iceland', 'Italy', 'Jersey', 'Jamaica', 'Jordan', 'Japan', 'Kenya', 'Kyrgyzstan', 'Cambodia', 'Kiribati', 'Comoros', 'St Kitts and Nevis', 'North Korea', 'South Korea', 'Kuwait', 'Cayman Islands', 'Kazakhstan', 'Laos', 'Lebanon', 'Saint Lucia', 'Liechtenstein', 'Sri Lanka', 'Liberia', 'Lesotho', 'Lithuania', 'Luxembourg', 'Latvia', 'Libya', 'Morocco', 'Monaco', 'Moldova', 'Montenegro', 'Saint Martin', 'Madagascar', 'Marshall Islands', 'North Macedonia', 'Mali', 'Myanmar', 'Mongolia', 'Macao', 'Northern Mariana Islands', 'Martinique', 'Mauritania', 'Montserrat', 'Malta', 'Mauritius', 'Maldives', 'Malawi', 'Mexico', 'Malaysia', 'Mozambique', 'Namibia', 'New Caledonia', 'Niger', 'Norfolk Island', 'Nigeria', 'Nicaragua', 'The Netherlands', 'Norway', 'Nepal', 'Nauru', 'Niue', 'New Zealand', 'Oman', 'Panama', 'Peru', 'French Polynesia', 'Papua New Guinea', 'Philippines', 'Pakistan', 'Poland', 'Saint Pierre and Miquelon', 'Pitcairn Islands', 'Puerto Rico', 'Palestine', 'Portugal', 'Palau', 'Paraguay', 'Qatar', 'Réunion', 'Romania', 'Serbia', 'Russia', 'Rwanda', 'Saudi Arabia', 'Solomon Islands', 'Seychelles', 'Sudan', 'Sweden', 'Singapore', 'Saint Helena', 'Slovenia', 'Svalbard and Jan Mayen', 'Slovakia', 'Sierra Leone', 'San Marino', 'Senegal', 'Somalia', 'Suriname', 'South Sudan', 'São Tomé and Príncipe', 'El Salvador', 'Sint Maarten', 'Syria', 'Eswatini', 'Turks and Caicos Islands', 'Chad', 'French Southern Territories', 'Togo', 'Thailand', 'Tajikistan', 'Tokelau', 'Timor-Leste', 'Turkmenistan', 'Tunisia', 'Tonga', 'Türkiye', 'Trinidad and Tobago', 'Tuvalu', 'Taiwan', 'Tanzania', 'Ukraine', 'Uganda', 'U.S. Outlying Islands', 'United States', 'Uruguay', 'Uzbekistan', 'Vatican City', 'St Vincent and Grenadines', 'Venezuela', 'British Virgin Islands', 'U.S. Virgin Islands', 'Vietnam', 'Vanuatu', 'Wallis and Futuna', 'Samoa', 'Kosovo', 'Yemen', 'Mayotte', 'South Africa', 'Zambia', 'Zimbabwe']
2025-01-30 16:46:55,250 - __main__ - INFO - Response time for the request: 0.20 seconds
2025-01-30 16:46:55,250 - __main__ - INFO - ----------------------------------------------------------------------------------------------------
2025-01-30 16:46:59,232 - __main__ - INFO - Request came to fetch all states from india.
2025-01-30 16:47:00,695 - __main__ - INFO - response: ['Andaman and Nicobar', 'Andhra Pradesh', 'Arunachal Pradesh', 'Assam', 'Bihar', 'Chandigarh', 'Chhattisgarh', 'Dadra and Nagar Haveli and Daman and Diu', 'Delhi', 'Goa', 'Gujarat', 'Haryana', 'Himachal Pradesh', 'Jammu and Kashmir', 'Jharkhand', 'Karnataka', 'Kerala', 'Ladakh', 'Lakshadweep', 'Madhya Pradesh', 'Maharashtra', 'Manipur', 'Meghalaya', 'Mizoram', 'Nagaland', 'Odisha', 'Puducherry', 'Punjab', 'Rajasthan', 'Sikkim', 'Tamil Nadu', 'Telangana', 'Tripura', 'Uttar Pradesh', 'Uttarakhand', 'West Bengal']
2025-01-30 16:47:00,696 - __main__ - INFO - Response time for the request: 1.47 seconds
2025-01-30 16:47:00,697 - __main__ - INFO - ----------------------------------------------------------------------------------------------------
2025-01-30 16:47:00,787 - __main__ - INFO - Request came to fetch all states from india.
2025-01-30 16:47:01,363 - __main__ - INFO - response: ['Andaman and Nicobar', 'Andhra Pradesh', 'Arunachal Pradesh', 'Assam', 'Bihar', 'Chandigarh', 'Chhattisgarh', 'Dadra and Nagar Haveli and Daman and Diu', 'Delhi', 'Goa', 'Gujarat', 'Haryana', 'Himachal Pradesh', 'Jammu and Kashmir', 'Jharkhand', 'Karnataka', 'Kerala', 'Ladakh', 'Lakshadweep', 'Madhya Pradesh', 'Maharashtra', 'Manipur', 'Meghalaya', 'Mizoram', 'Nagaland', 'Odisha', 'Puducherry', 'Punjab', 'Rajasthan', 'Sikkim', 'Tamil Nadu', 'Telangana', 'Tripura', 'Uttar Pradesh', 'Uttarakhand', 'West Bengal']
2025-01-30 16:47:01,364 - __main__ - INFO - Response time for the request: 0.58 seconds
2025-01-30 16:47:01,364 - __main__ - INFO - ----------------------------------------------------------------------------------------------------
2025-01-30 16:47:03,943 - __main__ - INFO - Request came to fetch all districts from tamil nadu, india.
2025-01-30 16:47:06,719 - __main__ - INFO - Response time for the request: 2.78 seconds
2025-01-30 16:47:06,719 - __main__ - INFO - ----------------------------------------------------------------------------------------------------
2025-01-30 16:47:06,745 - __main__ - INFO - Request came to fetch all districts from tamil nadu, india.
2025-01-30 16:47:08,174 - __main__ - INFO - Response time for the request: 1.43 seconds
2025-01-30 16:47:08,174 - __main__ - INFO - ----------------------------------------------------------------------------------------------------
2025-01-30 16:48:51,285 - __main__ - INFO - Received request: {'latitude': 13.092958, 'longitude': 80.198554}
2025-01-30 16:48:52,575 - __main__ - INFO - Received request: {'latitude': 13.092958, 'longitude': 80.198554}
2025-01-30 16:48:55,808 - __main__ - INFO - response: <Response 213 bytes [200 OK]>
2025-01-30 16:48:55,808 - __main__ - INFO - Response time for the request: 4.53 seconds
2025-01-30 16:48:55,808 - __main__ - INFO - ----------------------------------------------------------------------------------------------------
2025-01-30 16:48:55,964 - __main__ - INFO - response: <Response 213 bytes [200 OK]>
2025-01-30 16:48:55,965 - __main__ - INFO - Response time for the request: 3.39 seconds
2025-01-30 16:48:55,965 - __main__ - INFO - ----------------------------------------------------------------------------------------------------
2025-01-30 16:48:59,679 - __main__ - INFO - Received request: {'latitude': 13.092958, 'longitude': 80.198554}
2025-01-30 16:49:00,249 - __main__ - INFO - Received request: {'latitude': 13.092958, 'longitude': 80.198554}
2025-01-30 16:49:05,797 - __main__ - INFO - response: <Response 213 bytes [200 OK]>
2025-01-30 16:49:05,813 - __main__ - INFO - Response time for the request: 6.13 seconds
2025-01-30 16:49:05,837 - __main__ - INFO - ----------------------------------------------------------------------------------------------------
2025-01-30 16:49:05,920 - __main__ - INFO - response: <Response 213 bytes [200 OK]>
2025-01-30 16:49:05,924 - __main__ - INFO - Response time for the request: 5.68 seconds
2025-01-30 16:49:05,924 - __main__ - INFO - ----------------------------------------------------------------------------------------------------
2025-01-30 16:49:24,372 - __main__ - INFO - Received request: {'latitude': 13.092958, 'longitude': 80.198554}
2025-01-30 16:49:24,680 - __main__ - INFO - Received request: {'latitude': 13.092958, 'longitude': 80.198554}
2025-01-30 16:49:28,000 - __main__ - INFO - response: <Response 213 bytes [200 OK]>
2025-01-30 16:49:28,001 - __main__ - INFO - Response time for the request: 3.63 seconds
2025-01-30 16:49:28,001 - __main__ - INFO - ----------------------------------------------------------------------------------------------------
2025-01-30 16:49:28,186 - __main__ - INFO - response: <Response 213 bytes [200 OK]>
2025-01-30 16:49:28,198 - __main__ - INFO - Response time for the request: 3.52 seconds
2025-01-30 16:49:28,199 - __main__ - INFO - ----------------------------------------------------------------------------------------------------
2025-01-30 16:50:53,706 - __main__ - INFO - Received request: {'latitude': 13.092958, 'longitude': 80.198554}
2025-01-30 16:50:53,922 - __main__ - INFO - Received request: {'latitude': 13.092958, 'longitude': 80.198554}
2025-01-30 16:50:58,708 - __main__ - INFO - response: <Response 213 bytes [200 OK]>
2025-01-30 16:50:58,709 - __main__ - INFO - Response time for the request: 5.00 seconds
2025-01-30 16:50:58,709 - __main__ - INFO - ----------------------------------------------------------------------------------------------------
2025-01-30 16:50:58,783 - __main__ - INFO - response: <Response 213 bytes [200 OK]>
2025-01-30 16:50:58,783 - __main__ - INFO - Response time for the request: 4.86 seconds
2025-01-30 16:50:58,786 - __main__ - INFO - ----------------------------------------------------------------------------------------------------
2025-01-30 16:51:11,742 - __main__ - INFO - Received request: {'latitude': 13.092958, 'longitude': 80.198554}
2025-01-30 16:51:17,409 - __main__ - INFO - response: <Response 213 bytes [200 OK]>
2025-01-30 16:51:17,410 - __main__ - INFO - Response time for the request: 5.67 seconds
2025-01-30 16:51:17,410 - __main__ - INFO - ----------------------------------------------------------------------------------------------------
2025-01-30 16:57:32,221 - __main__ - INFO - Received request: {'latitude': 13.092958, 'longitude': 80.198554}
2025-01-30 16:57:32,417 - __main__ - INFO - Received request: {'latitude': 13.092958, 'longitude': 80.198554}
2025-01-30 16:57:32,457 - __main__ - INFO - Received request: {'latitude': 13.092958, 'longitude': 80.198554}
2025-01-30 16:57:32,511 - __main__ - INFO - Received request: {'latitude': 13.092958, 'longitude': 80.198554}
2025-01-30 16:57:35,987 - __main__ - INFO - response: <Response 213 bytes [200 OK]>
2025-01-30 16:57:35,988 - __main__ - INFO - Response time for the request: 3.79 seconds
2025-01-30 16:57:35,988 - __main__ - INFO - ----------------------------------------------------------------------------------------------------
2025-01-30 16:57:36,031 - __main__ - INFO - response: <Response 213 bytes [200 OK]>
2025-01-30 16:57:36,032 - __main__ - INFO - Response time for the request: 3.62 seconds
2025-01-30 16:57:36,032 - __main__ - INFO - ----------------------------------------------------------------------------------------------------
2025-01-30 16:57:36,144 - __main__ - INFO - response: <Response 213 bytes [200 OK]>
2025-01-30 16:57:36,144 - __main__ - INFO - Response time for the request: 3.63 seconds
2025-01-30 16:57:36,145 - __main__ - INFO - ----------------------------------------------------------------------------------------------------
2025-01-30 16:57:36,157 - __main__ - INFO - response: <Response 213 bytes [200 OK]>
2025-01-30 16:57:36,157 - __main__ - INFO - Response time for the request: 3.70 seconds
2025-01-30 16:57:36,157 - __main__ - INFO - ----------------------------------------------------------------------------------------------------
2025-01-30 16:57:56,508 - __main__ - INFO - Received request: {'latitude': 13.092958, 'longitude': 80.198554}
2025-01-30 16:57:58,111 - __main__ - INFO - response: <Response 213 bytes [200 OK]>
2025-01-30 16:57:58,111 - __main__ - INFO - Response time for the request: 1.60 seconds
2025-01-30 16:57:58,112 - __main__ - INFO - ----------------------------------------------------------------------------------------------------
2025-01-30 16:59:54,621 - __main__ - INFO - Received request: {'latitude': 13.092958, 'longitude': 80.198554}
2025-01-30 16:59:55,991 - __main__ - INFO - response: <Response 213 bytes [200 OK]>
2025-01-30 16:59:55,992 - __main__ - INFO - Response time for the request: 1.37 seconds
2025-01-30 16:59:55,993 - __main__ - INFO - ----------------------------------------------------------------------------------------------------
2025-01-30 17:00:12,335 - __main__ - INFO - Received request: {'latitude': 13.092958, 'longitude': 80.198554}
2025-01-30 17:00:13,992 - __main__ - INFO - response: <Response 213 bytes [200 OK]>
2025-01-30 17:00:14,012 - __main__ - INFO - Response time for the request: 1.68 seconds
2025-01-30 17:00:14,012 - __main__ - INFO - ----------------------------------------------------------------------------------------------------
2025-01-30 17:00:24,361 - __main__ - INFO - Received request: {'latitude': 13.092958, 'longitude': 80.198554}
2025-01-30 17:00:25,632 - __main__ - INFO - response: <Response 213 bytes [200 OK]>
2025-01-30 17:00:25,633 - __main__ - INFO - Response time for the request: 1.27 seconds
2025-01-30 17:00:25,633 - __main__ - INFO - ----------------------------------------------------------------------------------------------------
2025-01-30 17:00:33,743 - __main__ - INFO - Received request: {'latitude': 13.092958, 'longitude': 80.198554}
2025-01-30 17:00:34,967 - __main__ - INFO - response: <Response 213 bytes [200 OK]>
2025-01-30 17:00:34,967 - __main__ - INFO - Response time for the request: 1.22 seconds
2025-01-30 17:00:34,967 - __main__ - INFO - ----------------------------------------------------------------------------------------------------
2025-01-30 17:02:10,599 - __main__ - INFO - Received request: {'latitude': 13.092958, 'longitude': 80.198554}
2025-01-30 17:02:12,185 - __main__ - INFO - response: <Response 213 bytes [200 OK]>
2025-01-30 17:02:12,186 - __main__ - INFO - Response time for the request: 1.59 seconds
2025-01-30 17:02:12,186 - __main__ - INFO - ----------------------------------------------------------------------------------------------------
2025-01-30 17:02:45,435 - __main__ - INFO - Received request: {'latitude': 13.092958, 'longitude': 80.198554}
2025-01-30 17:02:47,553 - __main__ - INFO - response: <Response 213 bytes [200 OK]>
2025-01-30 17:02:47,553 - __main__ - INFO - Response time for the request: 2.12 seconds
2025-01-30 17:02:47,554 - __main__ - INFO - ----------------------------------------------------------------------------------------------------
2025-01-30 17:02:55,018 - __main__ - INFO - Received request: {'latitude': 13.092958, 'longitude': 80.198554}
2025-01-30 17:02:56,729 - __main__ - INFO - response: <Response 213 bytes [200 OK]>
2025-01-30 17:02:56,729 - __main__ - INFO - Response time for the request: 1.71 seconds
2025-01-30 17:02:56,730 - __main__ - INFO - ----------------------------------------------------------------------------------------------------
2025-01-30 17:03:08,254 - __main__ - INFO - Received request: {'latitude': 13.092958, 'longitude': 80.198554}
2025-01-30 17:03:10,138 - __main__ - INFO - response: <Response 213 bytes [200 OK]>
2025-01-30 17:03:10,139 - __main__ - INFO - Response time for the request: 1.89 seconds
2025-01-30 17:03:10,139 - __main__ - INFO - ----------------------------------------------------------------------------------------------------
2025-01-30 17:03:13,658 - __main__ - INFO - Received request: {'latitude': 13.092958, 'longitude': 80.198554}
2025-01-30 17:03:15,205 - __main__ - INFO - response: <Response 213 bytes [200 OK]>
2025-01-30 17:03:15,205 - __main__ - INFO - Response time for the request: 1.55 seconds
2025-01-30 17:03:15,206 - __main__ - INFO - ----------------------------------------------------------------------------------------------------
2025-01-30 17:04:28,847 - __main__ - INFO - Received request: {'latitude': 13.092958, 'longitude': 80.198554}
2025-01-30 17:04:28,948 - __main__ - INFO - Received request: {'latitude': 13.092958, 'longitude': 80.198554}
2025-01-30 17:04:29,008 - __main__ - INFO - Received request: {'latitude': 13.092958, 'longitude': 80.198554}
2025-01-30 17:04:29,126 - __main__ - INFO - Received request: {'latitude': 13.092958, 'longitude': 80.198554}
2025-01-30 17:04:29,206 - __main__ - INFO - Received request: {'latitude': 13.092958, 'longitude': 80.198554}
2025-01-30 17:04:29,242 - __main__ - INFO - Received request: {'latitude': 13.092958, 'longitude': 80.198554}
2025-01-30 17:04:33,676 - __main__ - INFO - response: <Response 213 bytes [200 OK]>
2025-01-30 17:04:33,677 - __main__ - INFO - Response time for the request: 4.73 seconds
2025-01-30 17:04:33,677 - __main__ - INFO - ----------------------------------------------------------------------------------------------------
2025-01-30 17:04:34,270 - __main__ - INFO - Received request: {'latitude': 13.092958, 'longitude': 80.198554}
2025-01-30 17:04:35,050 - __main__ - INFO - response: <Response 213 bytes [200 OK]>
2025-01-30 17:04:35,051 - __main__ - INFO - Response time for the request: 5.93 seconds
2025-01-30 17:04:35,052 - __main__ - INFO - ----------------------------------------------------------------------------------------------------
2025-01-30 17:04:35,114 - __main__ - INFO - response: <Response 213 bytes [200 OK]>
2025-01-30 17:04:35,115 - __main__ - INFO - Response time for the request: 6.27 seconds
2025-01-30 17:04:35,115 - __main__ - INFO - ----------------------------------------------------------------------------------------------------
2025-01-30 17:04:35,900 - __main__ - INFO - response: <Response 213 bytes [200 OK]>
2025-01-30 17:04:35,900 - __main__ - INFO - Response time for the request: 6.66 seconds
2025-01-30 17:04:35,900 - __main__ - INFO - ----------------------------------------------------------------------------------------------------
2025-01-30 17:04:36,040 - __main__ - INFO - response: <Response 213 bytes [200 OK]>
2025-01-30 17:04:36,040 - __main__ - INFO - Response time for the request: 6.83 seconds
2025-01-30 17:04:36,041 - __main__ - INFO - ----------------------------------------------------------------------------------------------------
2025-01-30 17:04:36,092 - __main__ - INFO - response: <Response 213 bytes [200 OK]>
2025-01-30 17:04:36,092 - __main__ - INFO - Response time for the request: 7.08 seconds
2025-01-30 17:04:36,092 - __main__ - INFO - ----------------------------------------------------------------------------------------------------
2025-01-30 17:04:36,269 - __main__ - INFO - response: <Response 213 bytes [200 OK]>
2025-01-30 17:04:36,269 - __main__ - INFO - Response time for the request: 2.00 seconds
2025-01-30 17:04:36,270 - __main__ - INFO - ----------------------------------------------------------------------------------------------------
2025-01-30 17:04:51,337 - __main__ - INFO - Received request: {'latitude': 13.092958, 'longitude': 80.198554}
2025-01-30 17:04:53,563 - __main__ - INFO - response: <Response 213 bytes [200 OK]>
2025-01-30 17:04:53,563 - __main__ - INFO - Response time for the request: 2.23 seconds
2025-01-30 17:04:53,564 - __main__ - INFO - ----------------------------------------------------------------------------------------------------
2025-01-30 17:05:10,005 - __main__ - INFO - Received request: {'latitude': 13.092958, 'longitude': 80.198554}
2025-01-30 17:05:12,353 - __main__ - INFO - Received request: {'latitude': 13.092958, 'longitude': 80.198554}
2025-01-30 17:05:14,552 - __main__ - INFO - response: <Response 213 bytes [200 OK]>
2025-01-30 17:05:14,640 - __main__ - INFO - Response time for the request: 4.64 seconds
2025-01-30 17:05:14,682 - __main__ - INFO - ----------------------------------------------------------------------------------------------------
2025-01-30 17:05:16,666 - __main__ - INFO - response: <Response 213 bytes [200 OK]>
2025-01-30 17:05:16,667 - __main__ - INFO - Response time for the request: 4.31 seconds
2025-01-30 17:05:16,668 - __main__ - INFO - ----------------------------------------------------------------------------------------------------
2025-01-30 17:05:17,416 - __main__ - INFO - Received request: {'latitude': 13.092958, 'longitude': 80.198554}
2025-01-30 17:05:18,691 - __main__ - INFO - response: <Response 213 bytes [200 OK]>
2025-01-30 17:05:18,692 - __main__ - INFO - Response time for the request: 1.28 seconds
2025-01-30 17:05:18,692 - __main__ - INFO - ----------------------------------------------------------------------------------------------------
2025-01-30 17:05:42,493 - __main__ - INFO - Received request: {'latitude': 13.092958, 'longitude': 80.198554}
2025-01-30 17:05:44,081 - __main__ - INFO - response: <Response 213 bytes [200 OK]>
2025-01-30 17:05:44,081 - __main__ - INFO - Response time for the request: 1.59 seconds
2025-01-30 17:05:44,082 - __main__ - INFO - ----------------------------------------------------------------------------------------------------
2025-01-30 17:06:09,189 - __main__ - INFO - Received request: {'latitude': 13.092958, 'longitude': 80.198554}
2025-01-30 17:06:10,646 - __main__ - INFO - response: <Response 213 bytes [200 OK]>
2025-01-30 17:06:10,647 - __main__ - INFO - Response time for the request: 1.46 seconds
2025-01-30 17:06:10,647 - __main__ - INFO - ----------------------------------------------------------------------------------------------------
2025-01-30 17:06:56,569 - __main__ - INFO - Received request: {'latitude': 13.092958, 'longitude': 80.198554}
2025-01-30 17:06:56,995 - __main__ - INFO - Received request: {'latitude': 13.092958, 'longitude': 80.198554}
2025-01-30 17:07:00,388 - __main__ - INFO - response: <Response 213 bytes [200 OK]>
2025-01-30 17:07:00,388 - __main__ - INFO - Response time for the request: 3.82 seconds
2025-01-30 17:07:00,389 - __main__ - INFO - ----------------------------------------------------------------------------------------------------
2025-01-30 17:07:00,571 - __main__ - INFO - response: <Response 213 bytes [200 OK]>
2025-01-30 17:07:00,572 - __main__ - INFO - Response time for the request: 3.58 seconds
2025-01-30 17:07:00,572 - __main__ - INFO - ----------------------------------------------------------------------------------------------------
2025-01-30 17:07:23,464 - __main__ - INFO - Received request: {'latitude': 13.092958, 'longitude': 80.198554}
2025-01-30 17:07:24,073 - __main__ - INFO - response: <Response 213 bytes [200 OK]>
2025-01-30 17:07:24,074 - __main__ - INFO - Response time for the request: 0.61 seconds
2025-01-30 17:07:24,074 - __main__ - INFO - ----------------------------------------------------------------------------------------------------
2025-01-30 17:07:56,460 - __main__ - INFO - Received request: {'latitude': 13.092958, 'longitude': 80.198554}
2025-01-30 17:07:57,824 - __main__ - INFO - response: <Response 213 bytes [200 OK]>
2025-01-30 17:07:57,824 - __main__ - INFO - Response time for the request: 1.36 seconds
2025-01-30 17:07:57,825 - __main__ - INFO - ----------------------------------------------------------------------------------------------------
2025-01-30 17:08:20,428 - __main__ - INFO - Received request: {'latitude': 13.092958, 'longitude': 80.198554}
2025-01-30 17:08:23,609 - __main__ - INFO - response: <Response 213 bytes [200 OK]>
2025-01-30 17:08:23,609 - __main__ - INFO - Response time for the request: 3.18 seconds
2025-01-30 17:08:23,610 - __main__ - INFO - ----------------------------------------------------------------------------------------------------
2025-01-30 17:08:26,128 - __main__ - INFO - Received request: {'latitude': 13.092958, 'longitude': 80.198554}
2025-01-30 17:08:28,698 - __main__ - INFO - response: <Response 213 bytes [200 OK]>
2025-01-30 17:08:28,698 - __main__ - INFO - Response time for the request: 2.57 seconds
2025-01-30 17:08:28,698 - __main__ - INFO - ----------------------------------------------------------------------------------------------------
2025-01-30 17:08:45,144 - __main__ - INFO - Received request: {'latitude': 13.092958, 'longitude': 80.198554}
2025-01-30 17:08:46,803 - __main__ - INFO - response: <Response 213 bytes [200 OK]>
2025-01-30 17:08:46,804 - __main__ - INFO - Response time for the request: 1.66 seconds
2025-01-30 17:08:46,804 - __main__ - INFO - ----------------------------------------------------------------------------------------------------
2025-01-30 17:09:03,127 - __main__ - INFO - Received request: {'latitude': 13.092958, 'longitude': 80.198554}
2025-01-30 17:09:05,033 - __main__ - INFO - response: <Response 213 bytes [200 OK]>
2025-01-30 17:09:05,033 - __main__ - INFO - Response time for the request: 1.91 seconds
2025-01-30 17:09:05,034 - __main__ - INFO - ----------------------------------------------------------------------------------------------------
2025-01-30 17:09:16,573 - __main__ - INFO - Received request: {'latitude': 13.092958, 'longitude': 80.198554}
2025-01-30 17:09:18,694 - __main__ - INFO - response: <Response 213 bytes [200 OK]>
2025-01-30 17:09:18,694 - __main__ - INFO - Response time for the request: 2.12 seconds
2025-01-30 17:09:18,695 - __main__ - INFO - ----------------------------------------------------------------------------------------------------
2025-01-30 17:09:33,242 - __main__ - INFO - Received request: {'latitude': 13.092958, 'longitude': 80.198554}
2025-01-30 17:09:33,357 - __main__ - INFO - Received request: {'latitude': 13.092958, 'longitude': 80.198554}
2025-01-30 17:09:37,545 - __main__ - INFO - response: <Response 213 bytes [200 OK]>
2025-01-30 17:09:37,545 - __main__ - INFO - Response time for the request: 4.30 seconds
2025-01-30 17:09:37,545 - __main__ - INFO - ----------------------------------------------------------------------------------------------------
2025-01-30 17:09:37,660 - __main__ - INFO - response: <Response 213 bytes [200 OK]>
2025-01-30 17:09:37,660 - __main__ - INFO - Response time for the request: 4.30 seconds
2025-01-30 17:09:37,661 - __main__ - INFO - ----------------------------------------------------------------------------------------------------
2025-01-30 17:10:28,820 - __main__ - INFO - Received request: {'latitude': 13.092958, 'longitude': 80.198554}
2025-01-30 17:10:30,358 - __main__ - INFO - response: <Response 213 bytes [200 OK]>
2025-01-30 17:10:30,365 - __main__ - INFO - Response time for the request: 1.55 seconds
2025-01-30 17:10:30,367 - __main__ - INFO - ----------------------------------------------------------------------------------------------------
2025-01-30 17:10:48,476 - __main__ - INFO - Received request: {'latitude': 13.092958, 'longitude': 80.198554}
2025-01-30 17:10:48,779 - __main__ - INFO - Received request: {'latitude': 13.092958, 'longitude': 80.198554}
2025-01-30 17:10:52,305 - __main__ - INFO - response: <Response 213 bytes [200 OK]>
2025-01-30 17:10:52,314 - __main__ - INFO - Response time for the request: 3.84 seconds
2025-01-30 17:10:52,315 - __main__ - INFO - ----------------------------------------------------------------------------------------------------
2025-01-30 17:10:52,538 - __main__ - INFO - response: <Response 213 bytes [200 OK]>
2025-01-30 17:10:52,539 - __main__ - INFO - Response time for the request: 3.76 seconds
2025-01-30 17:10:52,539 - __main__ - INFO - ----------------------------------------------------------------------------------------------------
2025-01-30 17:10:52,642 - __main__ - INFO - Received request: {'latitude': 13.092958, 'longitude': 80.198554}
2025-01-30 17:10:54,452 - __main__ - INFO - response: <Response 213 bytes [200 OK]>
2025-01-30 17:10:54,452 - __main__ - INFO - Response time for the request: 1.81 seconds
2025-01-30 17:10:54,453 - __main__ - INFO - ----------------------------------------------------------------------------------------------------
2025-01-30 17:11:24,204 - __main__ - INFO - Received request: {'latitude': 13.092958, 'longitude': 80.198554}
2025-01-30 17:11:26,206 - __main__ - INFO - Received request: {'latitude': 13.092958, 'longitude': 80.198554}
2025-01-30 17:11:26,718 - __main__ - INFO - response: <Response 213 bytes [200 OK]>
2025-01-30 17:11:26,720 - __main__ - INFO - Response time for the request: 2.52 seconds
2025-01-30 17:11:26,720 - __main__ - INFO - ----------------------------------------------------------------------------------------------------
2025-01-30 17:11:28,120 - __main__ - INFO - response: <Response 213 bytes [200 OK]>
2025-01-30 17:11:28,121 - __main__ - INFO - Response time for the request: 1.92 seconds
2025-01-30 17:11:28,121 - __main__ - INFO - ----------------------------------------------------------------------------------------------------
2025-01-30 17:11:42,965 - __main__ - INFO - Received request: {'latitude': 13.092958, 'longitude': 80.198554}
2025-01-30 17:11:44,787 - __main__ - INFO - response: <Response 213 bytes [200 OK]>
2025-01-30 17:11:44,787 - __main__ - INFO - Response time for the request: 1.82 seconds
2025-01-30 17:11:44,788 - __main__ - INFO - ----------------------------------------------------------------------------------------------------
2025-01-30 17:11:54,836 - __main__ - INFO - Received request: {'latitude': 13.092958, 'longitude': 80.198554}
2025-01-30 17:11:56,450 - __main__ - INFO - response: <Response 213 bytes [200 OK]>
2025-01-30 17:11:56,450 - __main__ - INFO - Response time for the request: 1.61 seconds
2025-01-30 17:11:56,451 - __main__ - INFO - ----------------------------------------------------------------------------------------------------
2025-01-30 17:19:28,172 - __main__ - INFO - Request came to fetch all countries.
2025-01-30 17:19:28,422 - __main__ - INFO - Received request: {'latitude': 13.092958, 'longitude': 80.198554}
2025-01-30 17:19:28,430 - __main__ - INFO - response: ['Andorra', 'United Arab Emirates', 'Afghanistan', 'Antigua and Barbuda', 'Anguilla', 'Albania', 'Armenia', 'Angola', 'Antarctica', 'Argentina', 'American Samoa', 'Austria', 'Australia', 'Aruba', 'Åland', 'Azerbaijan', 'Bosnia and Herzegovina', 'Barbados', 'Bangladesh', 'Belgium', 'Burkina Faso', 'Bulgaria', 'Bahrain', 'Burundi', 'Benin', 'Saint Barthélemy', 'Bermuda', 'Brunei', 'Bolivia', 'Bonaire, Sint Eustatius, and Saba', 'Brazil', 'Bahamas', 'Bhutan', 'Bouvet Island', 'Botswana', 'Belarus', 'Belize', 'Canada', 'Cocos (Keeling) Islands', 'DR Congo', 'Central African Republic', 'Congo Republic', 'Switzerland', 'Ivory Coast', 'Cook Islands', 'Chile', 'Cameroon', 'China', 'Colombia', 'Costa Rica', 'Cuba', 'Cabo Verde', 'Curaçao', 'Christmas Island', 'Cyprus', 'Czechia', 'Germany', 'Djibouti', 'Denmark', 'Dominica', 'Dominican Republic', 'Algeria', 'Ecuador', 'Estonia', 'Egypt', 'Western Sahara', 'Eritrea', 'Spain', 'Ethiopia', 'Finland', 'Fiji', 'Falkland Islands', 'Micronesia', 'Faroe Islands', 'France', 'Gabon', 'United Kingdom', 'Grenada', 'Georgia', 'French Guiana', 'Guernsey', 'Ghana', 'Gibraltar', 'Greenland', 'The Gambia', 'Guinea', 'Guadeloupe', 'Equatorial Guinea', 'Greece', 'South Georgia and South Sandwich Islands', 'Guatemala', 'Guam', 'Guinea-Bissau', 'Guyana', 'Hong Kong', 'Heard and McDonald Islands', 'Honduras', 'Croatia', 'Haiti', 'Hungary', 'Indonesia', 'Ireland', 'Israel', 'Isle of Man', 'India', 'British Indian Ocean Territory', 'Iraq', 'Iran', 'Iceland', 'Italy', 'Jersey', 'Jamaica', 'Jordan', 'Japan', 'Kenya', 'Kyrgyzstan', 'Cambodia', 'Kiribati', 'Comoros', 'St Kitts and Nevis', 'North Korea', 'South Korea', 'Kuwait', 'Cayman Islands', 'Kazakhstan', 'Laos', 'Lebanon', 'Saint Lucia', 'Liechtenstein', 'Sri Lanka', 'Liberia', 'Lesotho', 'Lithuania', 'Luxembourg', 'Latvia', 'Libya', 'Morocco', 'Monaco', 'Moldova', 'Montenegro', 'Saint Martin', 'Madagascar', 'Marshall Islands', 'North Macedonia', 'Mali', 'Myanmar', 'Mongolia', 'Macao', 'Northern Mariana Islands', 'Martinique', 'Mauritania', 'Montserrat', 'Malta', 'Mauritius', 'Maldives', 'Malawi', 'Mexico', 'Malaysia', 'Mozambique', 'Namibia', 'New Caledonia', 'Niger', 'Norfolk Island', 'Nigeria', 'Nicaragua', 'The Netherlands', 'Norway', 'Nepal', 'Nauru', 'Niue', 'New Zealand', 'Oman', 'Panama', 'Peru', 'French Polynesia', 'Papua New Guinea', 'Philippines', 'Pakistan', 'Poland', 'Saint Pierre and Miquelon', 'Pitcairn Islands', 'Puerto Rico', 'Palestine', 'Portugal', 'Palau', 'Paraguay', 'Qatar', 'Réunion', 'Romania', 'Serbia', 'Russia', 'Rwanda', 'Saudi Arabia', 'Solomon Islands', 'Seychelles', 'Sudan', 'Sweden', 'Singapore', 'Saint Helena', 'Slovenia', 'Svalbard and Jan Mayen', 'Slovakia', 'Sierra Leone', 'San Marino', 'Senegal', 'Somalia', 'Suriname', 'South Sudan', 'São Tomé and Príncipe', 'El Salvador', 'Sint Maarten', 'Syria', 'Eswatini', 'Turks and Caicos Islands', 'Chad', 'French Southern Territories', 'Togo', 'Thailand', 'Tajikistan', 'Tokelau', 'Timor-Leste', 'Turkmenistan', 'Tunisia', 'Tonga', 'Türkiye', 'Trinidad and Tobago', 'Tuvalu', 'Taiwan', 'Tanzania', 'Ukraine', 'Uganda', 'U.S. Outlying Islands', 'United States', 'Uruguay', 'Uzbekistan', 'Vatican City', 'St Vincent and Grenadines', 'Venezuela', 'British Virgin Islands', 'U.S. Virgin Islands', 'Vietnam', 'Vanuatu', 'Wallis and Futuna', 'Samoa', 'Kosovo', 'Yemen', 'Mayotte', 'South Africa', 'Zambia', 'Zimbabwe']
2025-01-30 17:19:28,484 - __main__ - INFO - Response time for the request: 0.31 seconds
2025-01-30 17:19:28,488 - __main__ - INFO - ----------------------------------------------------------------------------------------------------
2025-01-30 17:19:28,629 - __main__ - INFO - Received request: {'latitude': 13.092958, 'longitude': 80.198554}
2025-01-30 17:19:28,642 - __main__ - INFO - Request came to fetch all countries.
2025-01-30 17:19:29,183 - __main__ - INFO - response: ['Andorra', 'United Arab Emirates', 'Afghanistan', 'Antigua and Barbuda', 'Anguilla', 'Albania', 'Armenia', 'Angola', 'Antarctica', 'Argentina', 'American Samoa', 'Austria', 'Australia', 'Aruba', 'Åland', 'Azerbaijan', 'Bosnia and Herzegovina', 'Barbados', 'Bangladesh', 'Belgium', 'Burkina Faso', 'Bulgaria', 'Bahrain', 'Burundi', 'Benin', 'Saint Barthélemy', 'Bermuda', 'Brunei', 'Bolivia', 'Bonaire, Sint Eustatius, and Saba', 'Brazil', 'Bahamas', 'Bhutan', 'Bouvet Island', 'Botswana', 'Belarus', 'Belize', 'Canada', 'Cocos (Keeling) Islands', 'DR Congo', 'Central African Republic', 'Congo Republic', 'Switzerland', 'Ivory Coast', 'Cook Islands', 'Chile', 'Cameroon', 'China', 'Colombia', 'Costa Rica', 'Cuba', 'Cabo Verde', 'Curaçao', 'Christmas Island', 'Cyprus', 'Czechia', 'Germany', 'Djibouti', 'Denmark', 'Dominica', 'Dominican Republic', 'Algeria', 'Ecuador', 'Estonia', 'Egypt', 'Western Sahara', 'Eritrea', 'Spain', 'Ethiopia', 'Finland', 'Fiji', 'Falkland Islands', 'Micronesia', 'Faroe Islands', 'France', 'Gabon', 'United Kingdom', 'Grenada', 'Georgia', 'French Guiana', 'Guernsey', 'Ghana', 'Gibraltar', 'Greenland', 'The Gambia', 'Guinea', 'Guadeloupe', 'Equatorial Guinea', 'Greece', 'South Georgia and South Sandwich Islands', 'Guatemala', 'Guam', 'Guinea-Bissau', 'Guyana', 'Hong Kong', 'Heard and McDonald Islands', 'Honduras', 'Croatia', 'Haiti', 'Hungary', 'Indonesia', 'Ireland', 'Israel', 'Isle of Man', 'India', 'British Indian Ocean Territory', 'Iraq', 'Iran', 'Iceland', 'Italy', 'Jersey', 'Jamaica', 'Jordan', 'Japan', 'Kenya', 'Kyrgyzstan', 'Cambodia', 'Kiribati', 'Comoros', 'St Kitts and Nevis', 'North Korea', 'South Korea', 'Kuwait', 'Cayman Islands', 'Kazakhstan', 'Laos', 'Lebanon', 'Saint Lucia', 'Liechtenstein', 'Sri Lanka', 'Liberia', 'Lesotho', 'Lithuania', 'Luxembourg', 'Latvia', 'Libya', 'Morocco', 'Monaco', 'Moldova', 'Montenegro', 'Saint Martin', 'Madagascar', 'Marshall Islands', 'North Macedonia', 'Mali', 'Myanmar', 'Mongolia', 'Macao', 'Northern Mariana Islands', 'Martinique', 'Mauritania', 'Montserrat', 'Malta', 'Mauritius', 'Maldives', 'Malawi', 'Mexico', 'Malaysia', 'Mozambique', 'Namibia', 'New Caledonia', 'Niger', 'Norfolk Island', 'Nigeria', 'Nicaragua', 'The Netherlands', 'Norway', 'Nepal', 'Nauru', 'Niue', 'New Zealand', 'Oman', 'Panama', 'Peru', 'French Polynesia', 'Papua New Guinea', 'Philippines', 'Pakistan', 'Poland', 'Saint Pierre and Miquelon', 'Pitcairn Islands', 'Puerto Rico', 'Palestine', 'Portugal', 'Palau', 'Paraguay', 'Qatar', 'Réunion', 'Romania', 'Serbia', 'Russia', 'Rwanda', 'Saudi Arabia', 'Solomon Islands', 'Seychelles', 'Sudan', 'Sweden', 'Singapore', 'Saint Helena', 'Slovenia', 'Svalbard and Jan Mayen', 'Slovakia', 'Sierra Leone', 'San Marino', 'Senegal', 'Somalia', 'Suriname', 'South Sudan', 'São Tomé and Príncipe', 'El Salvador', 'Sint Maarten', 'Syria', 'Eswatini', 'Turks and Caicos Islands', 'Chad', 'French Southern Territories', 'Togo', 'Thailand', 'Tajikistan', 'Tokelau', 'Timor-Leste', 'Turkmenistan', 'Tunisia', 'Tonga', 'Türkiye', 'Trinidad and Tobago', 'Tuvalu', 'Taiwan', 'Tanzania', 'Ukraine', 'Uganda', 'U.S. Outlying Islands', 'United States', 'Uruguay', 'Uzbekistan', 'Vatican City', 'St Vincent and Grenadines', 'Venezuela', 'British Virgin Islands', 'U.S. Virgin Islands', 'Vietnam', 'Vanuatu', 'Wallis and Futuna', 'Samoa', 'Kosovo', 'Yemen', 'Mayotte', 'South Africa', 'Zambia', 'Zimbabwe']
2025-01-30 17:19:29,189 - __main__ - INFO - Response time for the request: 0.55 seconds
2025-01-30 17:19:29,190 - __main__ - INFO - ----------------------------------------------------------------------------------------------------
2025-01-30 17:19:30,689 - __main__ - INFO - response: <Response 213 bytes [200 OK]>
2025-01-30 17:19:30,689 - __main__ - INFO - Response time for the request: 2.27 seconds
2025-01-30 17:19:30,690 - __main__ - INFO - ----------------------------------------------------------------------------------------------------
2025-01-30 17:19:31,152 - __main__ - INFO - response: <Response 213 bytes [200 OK]>
2025-01-30 17:19:31,156 - __main__ - INFO - Response time for the request: 2.53 seconds
2025-01-30 17:19:31,157 - __main__ - INFO - ----------------------------------------------------------------------------------------------------
2025-01-30 17:19:41,966 - __main__ - INFO - Request came to fetch all states from india.
2025-01-30 17:19:42,180 - __main__ - INFO - response: ['Andaman and Nicobar', 'Andhra Pradesh', 'Arunachal Pradesh', 'Assam', 'Bihar', 'Chandigarh', 'Chhattisgarh', 'Dadra and Nagar Haveli and Daman and Diu', 'Delhi', 'Goa', 'Gujarat', 'Haryana', 'Himachal Pradesh', 'Jammu and Kashmir', 'Jharkhand', 'Karnataka', 'Kerala', 'Ladakh', 'Lakshadweep', 'Madhya Pradesh', 'Maharashtra', 'Manipur', 'Meghalaya', 'Mizoram', 'Nagaland', 'Odisha', 'Puducherry', 'Punjab', 'Rajasthan', 'Sikkim', 'Tamil Nadu', 'Telangana', 'Tripura', 'Uttar Pradesh', 'Uttarakhand', 'West Bengal']
2025-01-30 17:19:42,182 - __main__ - INFO - Response time for the request: 0.22 seconds
2025-01-30 17:19:42,183 - __main__ - INFO - ----------------------------------------------------------------------------------------------------
2025-01-30 17:19:42,215 - __main__ - INFO - Request came to fetch all states from india.
2025-01-30 17:19:42,447 - __main__ - INFO - response: ['Andaman and Nicobar', 'Andhra Pradesh', 'Arunachal Pradesh', 'Assam', 'Bihar', 'Chandigarh', 'Chhattisgarh', 'Dadra and Nagar Haveli and Daman and Diu', 'Delhi', 'Goa', 'Gujarat', 'Haryana', 'Himachal Pradesh', 'Jammu and Kashmir', 'Jharkhand', 'Karnataka', 'Kerala', 'Ladakh', 'Lakshadweep', 'Madhya Pradesh', 'Maharashtra', 'Manipur', 'Meghalaya', 'Mizoram', 'Nagaland', 'Odisha', 'Puducherry', 'Punjab', 'Rajasthan', 'Sikkim', 'Tamil Nadu', 'Telangana', 'Tripura', 'Uttar Pradesh', 'Uttarakhand', 'West Bengal']
2025-01-30 17:19:42,448 - __main__ - INFO - Response time for the request: 0.23 seconds
2025-01-30 17:19:42,449 - __main__ - INFO - ----------------------------------------------------------------------------------------------------
2025-01-30 17:19:45,281 - __main__ - INFO - Request came to fetch all districts from tamil nadu, india.
2025-01-30 17:19:46,980 - __main__ - INFO - Response time for the request: 1.70 seconds
2025-01-30 17:19:46,994 - __main__ - INFO - ----------------------------------------------------------------------------------------------------
2025-01-30 17:19:47,340 - __main__ - INFO - Request came to fetch all districts from tamil nadu, india.
2025-01-30 17:19:48,172 - __main__ - INFO - Response time for the request: 0.83 seconds
2025-01-30 17:19:48,173 - __main__ - INFO - ----------------------------------------------------------------------------------------------------
2025-01-30 17:22:03,589 - __main__ - INFO - Request came to fetch all districts from kerala, india.
2025-01-30 17:22:04,471 - __main__ - INFO - Response time for the request: 0.88 seconds
2025-01-30 17:22:04,472 - __main__ - INFO - ----------------------------------------------------------------------------------------------------
2025-01-30 17:25:04,416 - __main__ - INFO - Request came to fetch all districts from tamil nadu, india.
2025-01-30 17:25:05,411 - __main__ - INFO - Response time for the request: 1.00 seconds
2025-01-30 17:25:05,412 - __main__ - INFO - ----------------------------------------------------------------------------------------------------
2025-01-30 17:31:45,544 - __main__ - INFO - Request came to fetch all countries.
2025-01-30 17:31:46,515 - __main__ - INFO - response: ['Andorra', 'United Arab Emirates', 'Afghanistan', 'Antigua and Barbuda', 'Anguilla', 'Albania', 'Armenia', 'Angola', 'Antarctica', 'Argentina', 'American Samoa', 'Austria', 'Australia', 'Aruba', 'Åland', 'Azerbaijan', 'Bosnia and Herzegovina', 'Barbados', 'Bangladesh', 'Belgium', 'Burkina Faso', 'Bulgaria', 'Bahrain', 'Burundi', 'Benin', 'Saint Barthélemy', 'Bermuda', 'Brunei', 'Bolivia', 'Bonaire, Sint Eustatius, and Saba', 'Brazil', 'Bahamas', 'Bhutan', 'Bouvet Island', 'Botswana', 'Belarus', 'Belize', 'Canada', 'Cocos (Keeling) Islands', 'DR Congo', 'Central African Republic', 'Congo Republic', 'Switzerland', 'Ivory Coast', 'Cook Islands', 'Chile', 'Cameroon', 'China', 'Colombia', 'Costa Rica', 'Cuba', 'Cabo Verde', 'Curaçao', 'Christmas Island', 'Cyprus', 'Czechia', 'Germany', 'Djibouti', 'Denmark', 'Dominica', 'Dominican Republic', 'Algeria', 'Ecuador', 'Estonia', 'Egypt', 'Western Sahara', 'Eritrea', 'Spain', 'Ethiopia', 'Finland', 'Fiji', 'Falkland Islands', 'Micronesia', 'Faroe Islands', 'France', 'Gabon', 'United Kingdom', 'Grenada', 'Georgia', 'French Guiana', 'Guernsey', 'Ghana', 'Gibraltar', 'Greenland', 'The Gambia', 'Guinea', 'Guadeloupe', 'Equatorial Guinea', 'Greece', 'South Georgia and South Sandwich Islands', 'Guatemala', 'Guam', 'Guinea-Bissau', 'Guyana', 'Hong Kong', 'Heard and McDonald Islands', 'Honduras', 'Croatia', 'Haiti', 'Hungary', 'Indonesia', 'Ireland', 'Israel', 'Isle of Man', 'India', 'British Indian Ocean Territory', 'Iraq', 'Iran', 'Iceland', 'Italy', 'Jersey', 'Jamaica', 'Jordan', 'Japan', 'Kenya', 'Kyrgyzstan', 'Cambodia', 'Kiribati', 'Comoros', 'St Kitts and Nevis', 'North Korea', 'South Korea', 'Kuwait', 'Cayman Islands', 'Kazakhstan', 'Laos', 'Lebanon', 'Saint Lucia', 'Liechtenstein', 'Sri Lanka', 'Liberia', 'Lesotho', 'Lithuania', 'Luxembourg', 'Latvia', 'Libya', 'Morocco', 'Monaco', 'Moldova', 'Montenegro', 'Saint Martin', 'Madagascar', 'Marshall Islands', 'North Macedonia', 'Mali', 'Myanmar', 'Mongolia', 'Macao', 'Northern Mariana Islands', 'Martinique', 'Mauritania', 'Montserrat', 'Malta', 'Mauritius', 'Maldives', 'Malawi', 'Mexico', 'Malaysia', 'Mozambique', 'Namibia', 'New Caledonia', 'Niger', 'Norfolk Island', 'Nigeria', 'Nicaragua', 'The Netherlands', 'Norway', 'Nepal', 'Nauru', 'Niue', 'New Zealand', 'Oman', 'Panama', 'Peru', 'French Polynesia', 'Papua New Guinea', 'Philippines', 'Pakistan', 'Poland', 'Saint Pierre and Miquelon', 'Pitcairn Islands', 'Puerto Rico', 'Palestine', 'Portugal', 'Palau', 'Paraguay', 'Qatar', 'Réunion', 'Romania', 'Serbia', 'Russia', 'Rwanda', 'Saudi Arabia', 'Solomon Islands', 'Seychelles', 'Sudan', 'Sweden', 'Singapore', 'Saint Helena', 'Slovenia', 'Svalbard and Jan Mayen', 'Slovakia', 'Sierra Leone', 'San Marino', 'Senegal', 'Somalia', 'Suriname', 'South Sudan', 'São Tomé and Príncipe', 'El Salvador', 'Sint Maarten', 'Syria', 'Eswatini', 'Turks and Caicos Islands', 'Chad', 'French Southern Territories', 'Togo', 'Thailand', 'Tajikistan', 'Tokelau', 'Timor-Leste', 'Turkmenistan', 'Tunisia', 'Tonga', 'Türkiye', 'Trinidad and Tobago', 'Tuvalu', 'Taiwan', 'Tanzania', 'Ukraine', 'Uganda', 'U.S. Outlying Islands', 'United States', 'Uruguay', 'Uzbekistan', 'Vatican City', 'St Vincent and Grenadines', 'Venezuela', 'British Virgin Islands', 'U.S. Virgin Islands', 'Vietnam', 'Vanuatu', 'Wallis and Futuna', 'Samoa', 'Kosovo', 'Yemen', 'Mayotte', 'South Africa', 'Zambia', 'Zimbabwe']
2025-01-30 17:31:46,574 - __main__ - INFO - Response time for the request: 1.03 seconds
2025-01-30 17:31:46,574 - __main__ - INFO - ----------------------------------------------------------------------------------------------------
2025-01-30 17:31:46,748 - __main__ - INFO - Request came to fetch all countries.
2025-01-30 17:31:48,061 - __main__ - INFO - response: ['Andorra', 'United Arab Emirates', 'Afghanistan', 'Antigua and Barbuda', 'Anguilla', 'Albania', 'Armenia', 'Angola', 'Antarctica', 'Argentina', 'American Samoa', 'Austria', 'Australia', 'Aruba', 'Åland', 'Azerbaijan', 'Bosnia and Herzegovina', 'Barbados', 'Bangladesh', 'Belgium', 'Burkina Faso', 'Bulgaria', 'Bahrain', 'Burundi', 'Benin', 'Saint Barthélemy', 'Bermuda', 'Brunei', 'Bolivia', 'Bonaire, Sint Eustatius, and Saba', 'Brazil', 'Bahamas', 'Bhutan', 'Bouvet Island', 'Botswana', 'Belarus', 'Belize', 'Canada', 'Cocos (Keeling) Islands', 'DR Congo', 'Central African Republic', 'Congo Republic', 'Switzerland', 'Ivory Coast', 'Cook Islands', 'Chile', 'Cameroon', 'China', 'Colombia', 'Costa Rica', 'Cuba', 'Cabo Verde', 'Curaçao', 'Christmas Island', 'Cyprus', 'Czechia', 'Germany', 'Djibouti', 'Denmark', 'Dominica', 'Dominican Republic', 'Algeria', 'Ecuador', 'Estonia', 'Egypt', 'Western Sahara', 'Eritrea', 'Spain', 'Ethiopia', 'Finland', 'Fiji', 'Falkland Islands', 'Micronesia', 'Faroe Islands', 'France', 'Gabon', 'United Kingdom', 'Grenada', 'Georgia', 'French Guiana', 'Guernsey', 'Ghana', 'Gibraltar', 'Greenland', 'The Gambia', 'Guinea', 'Guadeloupe', 'Equatorial Guinea', 'Greece', 'South Georgia and South Sandwich Islands', 'Guatemala', 'Guam', 'Guinea-Bissau', 'Guyana', 'Hong Kong', 'Heard and McDonald Islands', 'Honduras', 'Croatia', 'Haiti', 'Hungary', 'Indonesia', 'Ireland', 'Israel', 'Isle of Man', 'India', 'British Indian Ocean Territory', 'Iraq', 'Iran', 'Iceland', 'Italy', 'Jersey', 'Jamaica', 'Jordan', 'Japan', 'Kenya', 'Kyrgyzstan', 'Cambodia', 'Kiribati', 'Comoros', 'St Kitts and Nevis', 'North Korea', 'South Korea', 'Kuwait', 'Cayman Islands', 'Kazakhstan', 'Laos', 'Lebanon', 'Saint Lucia', 'Liechtenstein', 'Sri Lanka', 'Liberia', 'Lesotho', 'Lithuania', 'Luxembourg', 'Latvia', 'Libya', 'Morocco', 'Monaco', 'Moldova', 'Montenegro', 'Saint Martin', 'Madagascar', 'Marshall Islands', 'North Macedonia', 'Mali', 'Myanmar', 'Mongolia', 'Macao', 'Northern Mariana Islands', 'Martinique', 'Mauritania', 'Montserrat', 'Malta', 'Mauritius', 'Maldives', 'Malawi', 'Mexico', 'Malaysia', 'Mozambique', 'Namibia', 'New Caledonia', 'Niger', 'Norfolk Island', 'Nigeria', 'Nicaragua', 'The Netherlands', 'Norway', 'Nepal', 'Nauru', 'Niue', 'New Zealand', 'Oman', 'Panama', 'Peru', 'French Polynesia', 'Papua New Guinea', 'Philippines', 'Pakistan', 'Poland', 'Saint Pierre and Miquelon', 'Pitcairn Islands', 'Puerto Rico', 'Palestine', 'Portugal', 'Palau', 'Paraguay', 'Qatar', 'Réunion', 'Romania', 'Serbia', 'Russia', 'Rwanda', 'Saudi Arabia', 'Solomon Islands', 'Seychelles', 'Sudan', 'Sweden', 'Singapore', 'Saint Helena', 'Slovenia', 'Svalbard and Jan Mayen', 'Slovakia', 'Sierra Leone', 'San Marino', 'Senegal', 'Somalia', 'Suriname', 'South Sudan', 'São Tomé and Príncipe', 'El Salvador', 'Sint Maarten', 'Syria', 'Eswatini', 'Turks and Caicos Islands', 'Chad', 'French Southern Territories', 'Togo', 'Thailand', 'Tajikistan', 'Tokelau', 'Timor-Leste', 'Turkmenistan', 'Tunisia', 'Tonga', 'Türkiye', 'Trinidad and Tobago', 'Tuvalu', 'Taiwan', 'Tanzania', 'Ukraine', 'Uganda', 'U.S. Outlying Islands', 'United States', 'Uruguay', 'Uzbekistan', 'Vatican City', 'St Vincent and Grenadines', 'Venezuela', 'British Virgin Islands', 'U.S. Virgin Islands', 'Vietnam', 'Vanuatu', 'Wallis and Futuna', 'Samoa', 'Kosovo', 'Yemen', 'Mayotte', 'South Africa', 'Zambia', 'Zimbabwe']
2025-01-30 17:31:48,065 - __main__ - INFO - Response time for the request: 1.32 seconds
2025-01-30 17:31:48,066 - __main__ - INFO - ----------------------------------------------------------------------------------------------------
2025-01-30 17:31:49,262 - __main__ - INFO - Request came to fetch all countries.
2025-01-30 17:31:49,638 - __main__ - INFO - response: ['Andorra', 'United Arab Emirates', 'Afghanistan', 'Antigua and Barbuda', 'Anguilla', 'Albania', 'Armenia', 'Angola', 'Antarctica', 'Argentina', 'American Samoa', 'Austria', 'Australia', 'Aruba', 'Åland', 'Azerbaijan', 'Bosnia and Herzegovina', 'Barbados', 'Bangladesh', 'Belgium', 'Burkina Faso', 'Bulgaria', 'Bahrain', 'Burundi', 'Benin', 'Saint Barthélemy', 'Bermuda', 'Brunei', 'Bolivia', 'Bonaire, Sint Eustatius, and Saba', 'Brazil', 'Bahamas', 'Bhutan', 'Bouvet Island', 'Botswana', 'Belarus', 'Belize', 'Canada', 'Cocos (Keeling) Islands', 'DR Congo', 'Central African Republic', 'Congo Republic', 'Switzerland', 'Ivory Coast', 'Cook Islands', 'Chile', 'Cameroon', 'China', 'Colombia', 'Costa Rica', 'Cuba', 'Cabo Verde', 'Curaçao', 'Christmas Island', 'Cyprus', 'Czechia', 'Germany', 'Djibouti', 'Denmark', 'Dominica', 'Dominican Republic', 'Algeria', 'Ecuador', 'Estonia', 'Egypt', 'Western Sahara', 'Eritrea', 'Spain', 'Ethiopia', 'Finland', 'Fiji', 'Falkland Islands', 'Micronesia', 'Faroe Islands', 'France', 'Gabon', 'United Kingdom', 'Grenada', 'Georgia', 'French Guiana', 'Guernsey', 'Ghana', 'Gibraltar', 'Greenland', 'The Gambia', 'Guinea', 'Guadeloupe', 'Equatorial Guinea', 'Greece', 'South Georgia and South Sandwich Islands', 'Guatemala', 'Guam', 'Guinea-Bissau', 'Guyana', 'Hong Kong', 'Heard and McDonald Islands', 'Honduras', 'Croatia', 'Haiti', 'Hungary', 'Indonesia', 'Ireland', 'Israel', 'Isle of Man', 'India', 'British Indian Ocean Territory', 'Iraq', 'Iran', 'Iceland', 'Italy', 'Jersey', 'Jamaica', 'Jordan', 'Japan', 'Kenya', 'Kyrgyzstan', 'Cambodia', 'Kiribati', 'Comoros', 'St Kitts and Nevis', 'North Korea', 'South Korea', 'Kuwait', 'Cayman Islands', 'Kazakhstan', 'Laos', 'Lebanon', 'Saint Lucia', 'Liechtenstein', 'Sri Lanka', 'Liberia', 'Lesotho', 'Lithuania', 'Luxembourg', 'Latvia', 'Libya', 'Morocco', 'Monaco', 'Moldova', 'Montenegro', 'Saint Martin', 'Madagascar', 'Marshall Islands', 'North Macedonia', 'Mali', 'Myanmar', 'Mongolia', 'Macao', 'Northern Mariana Islands', 'Martinique', 'Mauritania', 'Montserrat', 'Malta', 'Mauritius', 'Maldives', 'Malawi', 'Mexico', 'Malaysia', 'Mozambique', 'Namibia', 'New Caledonia', 'Niger', 'Norfolk Island', 'Nigeria', 'Nicaragua', 'The Netherlands', 'Norway', 'Nepal', 'Nauru', 'Niue', 'New Zealand', 'Oman', 'Panama', 'Peru', 'French Polynesia', 'Papua New Guinea', 'Philippines', 'Pakistan', 'Poland', 'Saint Pierre and Miquelon', 'Pitcairn Islands', 'Puerto Rico', 'Palestine', 'Portugal', 'Palau', 'Paraguay', 'Qatar', 'Réunion', 'Romania', 'Serbia', 'Russia', 'Rwanda', 'Saudi Arabia', 'Solomon Islands', 'Seychelles', 'Sudan', 'Sweden', 'Singapore', 'Saint Helena', 'Slovenia', 'Svalbard and Jan Mayen', 'Slovakia', 'Sierra Leone', 'San Marino', 'Senegal', 'Somalia', 'Suriname', 'South Sudan', 'São Tomé and Príncipe', 'El Salvador', 'Sint Maarten', 'Syria', 'Eswatini', 'Turks and Caicos Islands', 'Chad', 'French Southern Territories', 'Togo', 'Thailand', 'Tajikistan', 'Tokelau', 'Timor-Leste', 'Turkmenistan', 'Tunisia', 'Tonga', 'Türkiye', 'Trinidad and Tobago', 'Tuvalu', 'Taiwan', 'Tanzania', 'Ukraine', 'Uganda', 'U.S. Outlying Islands', 'United States', 'Uruguay', 'Uzbekistan', 'Vatican City', 'St Vincent and Grenadines', 'Venezuela', 'British Virgin Islands', 'U.S. Virgin Islands', 'Vietnam', 'Vanuatu', 'Wallis and Futuna', 'Samoa', 'Kosovo', 'Yemen', 'Mayotte', 'South Africa', 'Zambia', 'Zimbabwe']
2025-01-30 17:31:49,642 - __main__ - INFO - Response time for the request: 0.38 seconds
2025-01-30 17:31:49,642 - __main__ - INFO - ----------------------------------------------------------------------------------------------------
2025-01-30 17:31:49,680 - __main__ - INFO - Request came to fetch all countries.
2025-01-30 17:31:49,821 - __main__ - INFO - response: ['Andorra', 'United Arab Emirates', 'Afghanistan', 'Antigua and Barbuda', 'Anguilla', 'Albania', 'Armenia', 'Angola', 'Antarctica', 'Argentina', 'American Samoa', 'Austria', 'Australia', 'Aruba', 'Åland', 'Azerbaijan', 'Bosnia and Herzegovina', 'Barbados', 'Bangladesh', 'Belgium', 'Burkina Faso', 'Bulgaria', 'Bahrain', 'Burundi', 'Benin', 'Saint Barthélemy', 'Bermuda', 'Brunei', 'Bolivia', 'Bonaire, Sint Eustatius, and Saba', 'Brazil', 'Bahamas', 'Bhutan', 'Bouvet Island', 'Botswana', 'Belarus', 'Belize', 'Canada', 'Cocos (Keeling) Islands', 'DR Congo', 'Central African Republic', 'Congo Republic', 'Switzerland', 'Ivory Coast', 'Cook Islands', 'Chile', 'Cameroon', 'China', 'Colombia', 'Costa Rica', 'Cuba', 'Cabo Verde', 'Curaçao', 'Christmas Island', 'Cyprus', 'Czechia', 'Germany', 'Djibouti', 'Denmark', 'Dominica', 'Dominican Republic', 'Algeria', 'Ecuador', 'Estonia', 'Egypt', 'Western Sahara', 'Eritrea', 'Spain', 'Ethiopia', 'Finland', 'Fiji', 'Falkland Islands', 'Micronesia', 'Faroe Islands', 'France', 'Gabon', 'United Kingdom', 'Grenada', 'Georgia', 'French Guiana', 'Guernsey', 'Ghana', 'Gibraltar', 'Greenland', 'The Gambia', 'Guinea', 'Guadeloupe', 'Equatorial Guinea', 'Greece', 'South Georgia and South Sandwich Islands', 'Guatemala', 'Guam', 'Guinea-Bissau', 'Guyana', 'Hong Kong', 'Heard and McDonald Islands', 'Honduras', 'Croatia', 'Haiti', 'Hungary', 'Indonesia', 'Ireland', 'Israel', 'Isle of Man', 'India', 'British Indian Ocean Territory', 'Iraq', 'Iran', 'Iceland', 'Italy', 'Jersey', 'Jamaica', 'Jordan', 'Japan', 'Kenya', 'Kyrgyzstan', 'Cambodia', 'Kiribati', 'Comoros', 'St Kitts and Nevis', 'North Korea', 'South Korea', 'Kuwait', 'Cayman Islands', 'Kazakhstan', 'Laos', 'Lebanon', 'Saint Lucia', 'Liechtenstein', 'Sri Lanka', 'Liberia', 'Lesotho', 'Lithuania', 'Luxembourg', 'Latvia', 'Libya', 'Morocco', 'Monaco', 'Moldova', 'Montenegro', 'Saint Martin', 'Madagascar', 'Marshall Islands', 'North Macedonia', 'Mali', 'Myanmar', 'Mongolia', 'Macao', 'Northern Mariana Islands', 'Martinique', 'Mauritania', 'Montserrat', 'Malta', 'Mauritius', 'Maldives', 'Malawi', 'Mexico', 'Malaysia', 'Mozambique', 'Namibia', 'New Caledonia', 'Niger', 'Norfolk Island', 'Nigeria', 'Nicaragua', 'The Netherlands', 'Norway', 'Nepal', 'Nauru', 'Niue', 'New Zealand', 'Oman', 'Panama', 'Peru', 'French Polynesia', 'Papua New Guinea', 'Philippines', 'Pakistan', 'Poland', 'Saint Pierre and Miquelon', 'Pitcairn Islands', 'Puerto Rico', 'Palestine', 'Portugal', 'Palau', 'Paraguay', 'Qatar', 'Réunion', 'Romania', 'Serbia', 'Russia', 'Rwanda', 'Saudi Arabia', 'Solomon Islands', 'Seychelles', 'Sudan', 'Sweden', 'Singapore', 'Saint Helena', 'Slovenia', 'Svalbard and Jan Mayen', 'Slovakia', 'Sierra Leone', 'San Marino', 'Senegal', 'Somalia', 'Suriname', 'South Sudan', 'São Tomé and Príncipe', 'El Salvador', 'Sint Maarten', 'Syria', 'Eswatini', 'Turks and Caicos Islands', 'Chad', 'French Southern Territories', 'Togo', 'Thailand', 'Tajikistan', 'Tokelau', 'Timor-Leste', 'Turkmenistan', 'Tunisia', 'Tonga', 'Türkiye', 'Trinidad and Tobago', 'Tuvalu', 'Taiwan', 'Tanzania', 'Ukraine', 'Uganda', 'U.S. Outlying Islands', 'United States', 'Uruguay', 'Uzbekistan', 'Vatican City', 'St Vincent and Grenadines', 'Venezuela', 'British Virgin Islands', 'U.S. Virgin Islands', 'Vietnam', 'Vanuatu', 'Wallis and Futuna', 'Samoa', 'Kosovo', 'Yemen', 'Mayotte', 'South Africa', 'Zambia', 'Zimbabwe']
2025-01-30 17:31:49,825 - __main__ - INFO - Response time for the request: 0.14 seconds
2025-01-30 17:31:49,826 - __main__ - INFO - ----------------------------------------------------------------------------------------------------
2025-01-30 17:31:51,205 - __main__ - INFO - Request came to fetch all countries.
2025-01-30 17:31:51,916 - __main__ - INFO - response: ['Andorra', 'United Arab Emirates', 'Afghanistan', 'Antigua and Barbuda', 'Anguilla', 'Albania', 'Armenia', 'Angola', 'Antarctica', 'Argentina', 'American Samoa', 'Austria', 'Australia', 'Aruba', 'Åland', 'Azerbaijan', 'Bosnia and Herzegovina', 'Barbados', 'Bangladesh', 'Belgium', 'Burkina Faso', 'Bulgaria', 'Bahrain', 'Burundi', 'Benin', 'Saint Barthélemy', 'Bermuda', 'Brunei', 'Bolivia', 'Bonaire, Sint Eustatius, and Saba', 'Brazil', 'Bahamas', 'Bhutan', 'Bouvet Island', 'Botswana', 'Belarus', 'Belize', 'Canada', 'Cocos (Keeling) Islands', 'DR Congo', 'Central African Republic', 'Congo Republic', 'Switzerland', 'Ivory Coast', 'Cook Islands', 'Chile', 'Cameroon', 'China', 'Colombia', 'Costa Rica', 'Cuba', 'Cabo Verde', 'Curaçao', 'Christmas Island', 'Cyprus', 'Czechia', 'Germany', 'Djibouti', 'Denmark', 'Dominica', 'Dominican Republic', 'Algeria', 'Ecuador', 'Estonia', 'Egypt', 'Western Sahara', 'Eritrea', 'Spain', 'Ethiopia', 'Finland', 'Fiji', 'Falkland Islands', 'Micronesia', 'Faroe Islands', 'France', 'Gabon', 'United Kingdom', 'Grenada', 'Georgia', 'French Guiana', 'Guernsey', 'Ghana', 'Gibraltar', 'Greenland', 'The Gambia', 'Guinea', 'Guadeloupe', 'Equatorial Guinea', 'Greece', 'South Georgia and South Sandwich Islands', 'Guatemala', 'Guam', 'Guinea-Bissau', 'Guyana', 'Hong Kong', 'Heard and McDonald Islands', 'Honduras', 'Croatia', 'Haiti', 'Hungary', 'Indonesia', 'Ireland', 'Israel', 'Isle of Man', 'India', 'British Indian Ocean Territory', 'Iraq', 'Iran', 'Iceland', 'Italy', 'Jersey', 'Jamaica', 'Jordan', 'Japan', 'Kenya', 'Kyrgyzstan', 'Cambodia', 'Kiribati', 'Comoros', 'St Kitts and Nevis', 'North Korea', 'South Korea', 'Kuwait', 'Cayman Islands', 'Kazakhstan', 'Laos', 'Lebanon', 'Saint Lucia', 'Liechtenstein', 'Sri Lanka', 'Liberia', 'Lesotho', 'Lithuania', 'Luxembourg', 'Latvia', 'Libya', 'Morocco', 'Monaco', 'Moldova', 'Montenegro', 'Saint Martin', 'Madagascar', 'Marshall Islands', 'North Macedonia', 'Mali', 'Myanmar', 'Mongolia', 'Macao', 'Northern Mariana Islands', 'Martinique', 'Mauritania', 'Montserrat', 'Malta', 'Mauritius', 'Maldives', 'Malawi', 'Mexico', 'Malaysia', 'Mozambique', 'Namibia', 'New Caledonia', 'Niger', 'Norfolk Island', 'Nigeria', 'Nicaragua', 'The Netherlands', 'Norway', 'Nepal', 'Nauru', 'Niue', 'New Zealand', 'Oman', 'Panama', 'Peru', 'French Polynesia', 'Papua New Guinea', 'Philippines', 'Pakistan', 'Poland', 'Saint Pierre and Miquelon', 'Pitcairn Islands', 'Puerto Rico', 'Palestine', 'Portugal', 'Palau', 'Paraguay', 'Qatar', 'Réunion', 'Romania', 'Serbia', 'Russia', 'Rwanda', 'Saudi Arabia', 'Solomon Islands', 'Seychelles', 'Sudan', 'Sweden', 'Singapore', 'Saint Helena', 'Slovenia', 'Svalbard and Jan Mayen', 'Slovakia', 'Sierra Leone', 'San Marino', 'Senegal', 'Somalia', 'Suriname', 'South Sudan', 'São Tomé and Príncipe', 'El Salvador', 'Sint Maarten', 'Syria', 'Eswatini', 'Turks and Caicos Islands', 'Chad', 'French Southern Territories', 'Togo', 'Thailand', 'Tajikistan', 'Tokelau', 'Timor-Leste', 'Turkmenistan', 'Tunisia', 'Tonga', 'Türkiye', 'Trinidad and Tobago', 'Tuvalu', 'Taiwan', 'Tanzania', 'Ukraine', 'Uganda', 'U.S. Outlying Islands', 'United States', 'Uruguay', 'Uzbekistan', 'Vatican City', 'St Vincent and Grenadines', 'Venezuela', 'British Virgin Islands', 'U.S. Virgin Islands', 'Vietnam', 'Vanuatu', 'Wallis and Futuna', 'Samoa', 'Kosovo', 'Yemen', 'Mayotte', 'South Africa', 'Zambia', 'Zimbabwe']
2025-01-30 17:31:51,920 - __main__ - INFO - Response time for the request: 0.72 seconds
2025-01-30 17:31:51,921 - __main__ - INFO - ----------------------------------------------------------------------------------------------------
2025-01-30 17:31:52,277 - __main__ - INFO - Request came to fetch all countries.
2025-01-30 17:31:53,139 - __main__ - INFO - response: ['Andorra', 'United Arab Emirates', 'Afghanistan', 'Antigua and Barbuda', 'Anguilla', 'Albania', 'Armenia', 'Angola', 'Antarctica', 'Argentina', 'American Samoa', 'Austria', 'Australia', 'Aruba', 'Åland', 'Azerbaijan', 'Bosnia and Herzegovina', 'Barbados', 'Bangladesh', 'Belgium', 'Burkina Faso', 'Bulgaria', 'Bahrain', 'Burundi', 'Benin', 'Saint Barthélemy', 'Bermuda', 'Brunei', 'Bolivia', 'Bonaire, Sint Eustatius, and Saba', 'Brazil', 'Bahamas', 'Bhutan', 'Bouvet Island', 'Botswana', 'Belarus', 'Belize', 'Canada', 'Cocos (Keeling) Islands', 'DR Congo', 'Central African Republic', 'Congo Republic', 'Switzerland', 'Ivory Coast', 'Cook Islands', 'Chile', 'Cameroon', 'China', 'Colombia', 'Costa Rica', 'Cuba', 'Cabo Verde', 'Curaçao', 'Christmas Island', 'Cyprus', 'Czechia', 'Germany', 'Djibouti', 'Denmark', 'Dominica', 'Dominican Republic', 'Algeria', 'Ecuador', 'Estonia', 'Egypt', 'Western Sahara', 'Eritrea', 'Spain', 'Ethiopia', 'Finland', 'Fiji', 'Falkland Islands', 'Micronesia', 'Faroe Islands', 'France', 'Gabon', 'United Kingdom', 'Grenada', 'Georgia', 'French Guiana', 'Guernsey', 'Ghana', 'Gibraltar', 'Greenland', 'The Gambia', 'Guinea', 'Guadeloupe', 'Equatorial Guinea', 'Greece', 'South Georgia and South Sandwich Islands', 'Guatemala', 'Guam', 'Guinea-Bissau', 'Guyana', 'Hong Kong', 'Heard and McDonald Islands', 'Honduras', 'Croatia', 'Haiti', 'Hungary', 'Indonesia', 'Ireland', 'Israel', 'Isle of Man', 'India', 'British Indian Ocean Territory', 'Iraq', 'Iran', 'Iceland', 'Italy', 'Jersey', 'Jamaica', 'Jordan', 'Japan', 'Kenya', 'Kyrgyzstan', 'Cambodia', 'Kiribati', 'Comoros', 'St Kitts and Nevis', 'North Korea', 'South Korea', 'Kuwait', 'Cayman Islands', 'Kazakhstan', 'Laos', 'Lebanon', 'Saint Lucia', 'Liechtenstein', 'Sri Lanka', 'Liberia', 'Lesotho', 'Lithuania', 'Luxembourg', 'Latvia', 'Libya', 'Morocco', 'Monaco', 'Moldova', 'Montenegro', 'Saint Martin', 'Madagascar', 'Marshall Islands', 'North Macedonia', 'Mali', 'Myanmar', 'Mongolia', 'Macao', 'Northern Mariana Islands', 'Martinique', 'Mauritania', 'Montserrat', 'Malta', 'Mauritius', 'Maldives', 'Malawi', 'Mexico', 'Malaysia', 'Mozambique', 'Namibia', 'New Caledonia', 'Niger', 'Norfolk Island', 'Nigeria', 'Nicaragua', 'The Netherlands', 'Norway', 'Nepal', 'Nauru', 'Niue', 'New Zealand', 'Oman', 'Panama', 'Peru', 'French Polynesia', 'Papua New Guinea', 'Philippines', 'Pakistan', 'Poland', 'Saint Pierre and Miquelon', 'Pitcairn Islands', 'Puerto Rico', 'Palestine', 'Portugal', 'Palau', 'Paraguay', 'Qatar', 'Réunion', 'Romania', 'Serbia', 'Russia', 'Rwanda', 'Saudi Arabia', 'Solomon Islands', 'Seychelles', 'Sudan', 'Sweden', 'Singapore', 'Saint Helena', 'Slovenia', 'Svalbard and Jan Mayen', 'Slovakia', 'Sierra Leone', 'San Marino', 'Senegal', 'Somalia', 'Suriname', 'South Sudan', 'São Tomé and Príncipe', 'El Salvador', 'Sint Maarten', 'Syria', 'Eswatini', 'Turks and Caicos Islands', 'Chad', 'French Southern Territories', 'Togo', 'Thailand', 'Tajikistan', 'Tokelau', 'Timor-Leste', 'Turkmenistan', 'Tunisia', 'Tonga', 'Türkiye', 'Trinidad and Tobago', 'Tuvalu', 'Taiwan', 'Tanzania', 'Ukraine', 'Uganda', 'U.S. Outlying Islands', 'United States', 'Uruguay', 'Uzbekistan', 'Vatican City', 'St Vincent and Grenadines', 'Venezuela', 'British Virgin Islands', 'U.S. Virgin Islands', 'Vietnam', 'Vanuatu', 'Wallis and Futuna', 'Samoa', 'Kosovo', 'Yemen', 'Mayotte', 'South Africa', 'Zambia', 'Zimbabwe']
2025-01-30 17:31:53,142 - __main__ - INFO - Response time for the request: 0.87 seconds
2025-01-30 17:31:53,143 - __main__ - INFO - ----------------------------------------------------------------------------------------------------
2025-01-30 17:32:43,285 - __main__ - INFO - Request came to fetch all countries.
2025-01-30 17:32:43,759 - __main__ - INFO - response: ['Andorra', 'United Arab Emirates', 'Afghanistan', 'Antigua and Barbuda', 'Anguilla', 'Albania', 'Armenia', 'Angola', 'Antarctica', 'Argentina', 'American Samoa', 'Austria', 'Australia', 'Aruba', 'Åland', 'Azerbaijan', 'Bosnia and Herzegovina', 'Barbados', 'Bangladesh', 'Belgium', 'Burkina Faso', 'Bulgaria', 'Bahrain', 'Burundi', 'Benin', 'Saint Barthélemy', 'Bermuda', 'Brunei', 'Bolivia', 'Bonaire, Sint Eustatius, and Saba', 'Brazil', 'Bahamas', 'Bhutan', 'Bouvet Island', 'Botswana', 'Belarus', 'Belize', 'Canada', 'Cocos (Keeling) Islands', 'DR Congo', 'Central African Republic', 'Congo Republic', 'Switzerland', 'Ivory Coast', 'Cook Islands', 'Chile', 'Cameroon', 'China', 'Colombia', 'Costa Rica', 'Cuba', 'Cabo Verde', 'Curaçao', 'Christmas Island', 'Cyprus', 'Czechia', 'Germany', 'Djibouti', 'Denmark', 'Dominica', 'Dominican Republic', 'Algeria', 'Ecuador', 'Estonia', 'Egypt', 'Western Sahara', 'Eritrea', 'Spain', 'Ethiopia', 'Finland', 'Fiji', 'Falkland Islands', 'Micronesia', 'Faroe Islands', 'France', 'Gabon', 'United Kingdom', 'Grenada', 'Georgia', 'French Guiana', 'Guernsey', 'Ghana', 'Gibraltar', 'Greenland', 'The Gambia', 'Guinea', 'Guadeloupe', 'Equatorial Guinea', 'Greece', 'South Georgia and South Sandwich Islands', 'Guatemala', 'Guam', 'Guinea-Bissau', 'Guyana', 'Hong Kong', 'Heard and McDonald Islands', 'Honduras', 'Croatia', 'Haiti', 'Hungary', 'Indonesia', 'Ireland', 'Israel', 'Isle of Man', 'India', 'British Indian Ocean Territory', 'Iraq', 'Iran', 'Iceland', 'Italy', 'Jersey', 'Jamaica', 'Jordan', 'Japan', 'Kenya', 'Kyrgyzstan', 'Cambodia', 'Kiribati', 'Comoros', 'St Kitts and Nevis', 'North Korea', 'South Korea', 'Kuwait', 'Cayman Islands', 'Kazakhstan', 'Laos', 'Lebanon', 'Saint Lucia', 'Liechtenstein', 'Sri Lanka', 'Liberia', 'Lesotho', 'Lithuania', 'Luxembourg', 'Latvia', 'Libya', 'Morocco', 'Monaco', 'Moldova', 'Montenegro', 'Saint Martin', 'Madagascar', 'Marshall Islands', 'North Macedonia', 'Mali', 'Myanmar', 'Mongolia', 'Macao', 'Northern Mariana Islands', 'Martinique', 'Mauritania', 'Montserrat', 'Malta', 'Mauritius', 'Maldives', 'Malawi', 'Mexico', 'Malaysia', 'Mozambique', 'Namibia', 'New Caledonia', 'Niger', 'Norfolk Island', 'Nigeria', 'Nicaragua', 'The Netherlands', 'Norway', 'Nepal', 'Nauru', 'Niue', 'New Zealand', 'Oman', 'Panama', 'Peru', 'French Polynesia', 'Papua New Guinea', 'Philippines', 'Pakistan', 'Poland', 'Saint Pierre and Miquelon', 'Pitcairn Islands', 'Puerto Rico', 'Palestine', 'Portugal', 'Palau', 'Paraguay', 'Qatar', 'Réunion', 'Romania', 'Serbia', 'Russia', 'Rwanda', 'Saudi Arabia', 'Solomon Islands', 'Seychelles', 'Sudan', 'Sweden', 'Singapore', 'Saint Helena', 'Slovenia', 'Svalbard and Jan Mayen', 'Slovakia', 'Sierra Leone', 'San Marino', 'Senegal', 'Somalia', 'Suriname', 'South Sudan', 'São Tomé and Príncipe', 'El Salvador', 'Sint Maarten', 'Syria', 'Eswatini', 'Turks and Caicos Islands', 'Chad', 'French Southern Territories', 'Togo', 'Thailand', 'Tajikistan', 'Tokelau', 'Timor-Leste', 'Turkmenistan', 'Tunisia', 'Tonga', 'Türkiye', 'Trinidad and Tobago', 'Tuvalu', 'Taiwan', 'Tanzania', 'Ukraine', 'Uganda', 'U.S. Outlying Islands', 'United States', 'Uruguay', 'Uzbekistan', 'Vatican City', 'St Vincent and Grenadines', 'Venezuela', 'British Virgin Islands', 'U.S. Virgin Islands', 'Vietnam', 'Vanuatu', 'Wallis and Futuna', 'Samoa', 'Kosovo', 'Yemen', 'Mayotte', 'South Africa', 'Zambia', 'Zimbabwe']
2025-01-30 17:32:43,763 - __main__ - INFO - Response time for the request: 0.48 seconds
2025-01-30 17:32:43,764 - __main__ - INFO - ----------------------------------------------------------------------------------------------------
2025-01-30 17:32:43,866 - __main__ - INFO - Request came to fetch all countries.
2025-01-30 17:32:44,145 - __main__ - INFO - response: ['Andorra', 'United Arab Emirates', 'Afghanistan', 'Antigua and Barbuda', 'Anguilla', 'Albania', 'Armenia', 'Angola', 'Antarctica', 'Argentina', 'American Samoa', 'Austria', 'Australia', 'Aruba', 'Åland', 'Azerbaijan', 'Bosnia and Herzegovina', 'Barbados', 'Bangladesh', 'Belgium', 'Burkina Faso', 'Bulgaria', 'Bahrain', 'Burundi', 'Benin', 'Saint Barthélemy', 'Bermuda', 'Brunei', 'Bolivia', 'Bonaire, Sint Eustatius, and Saba', 'Brazil', 'Bahamas', 'Bhutan', 'Bouvet Island', 'Botswana', 'Belarus', 'Belize', 'Canada', 'Cocos (Keeling) Islands', 'DR Congo', 'Central African Republic', 'Congo Republic', 'Switzerland', 'Ivory Coast', 'Cook Islands', 'Chile', 'Cameroon', 'China', 'Colombia', 'Costa Rica', 'Cuba', 'Cabo Verde', 'Curaçao', 'Christmas Island', 'Cyprus', 'Czechia', 'Germany', 'Djibouti', 'Denmark', 'Dominica', 'Dominican Republic', 'Algeria', 'Ecuador', 'Estonia', 'Egypt', 'Western Sahara', 'Eritrea', 'Spain', 'Ethiopia', 'Finland', 'Fiji', 'Falkland Islands', 'Micronesia', 'Faroe Islands', 'France', 'Gabon', 'United Kingdom', 'Grenada', 'Georgia', 'French Guiana', 'Guernsey', 'Ghana', 'Gibraltar', 'Greenland', 'The Gambia', 'Guinea', 'Guadeloupe', 'Equatorial Guinea', 'Greece', 'South Georgia and South Sandwich Islands', 'Guatemala', 'Guam', 'Guinea-Bissau', 'Guyana', 'Hong Kong', 'Heard and McDonald Islands', 'Honduras', 'Croatia', 'Haiti', 'Hungary', 'Indonesia', 'Ireland', 'Israel', 'Isle of Man', 'India', 'British Indian Ocean Territory', 'Iraq', 'Iran', 'Iceland', 'Italy', 'Jersey', 'Jamaica', 'Jordan', 'Japan', 'Kenya', 'Kyrgyzstan', 'Cambodia', 'Kiribati', 'Comoros', 'St Kitts and Nevis', 'North Korea', 'South Korea', 'Kuwait', 'Cayman Islands', 'Kazakhstan', 'Laos', 'Lebanon', 'Saint Lucia', 'Liechtenstein', 'Sri Lanka', 'Liberia', 'Lesotho', 'Lithuania', 'Luxembourg', 'Latvia', 'Libya', 'Morocco', 'Monaco', 'Moldova', 'Montenegro', 'Saint Martin', 'Madagascar', 'Marshall Islands', 'North Macedonia', 'Mali', 'Myanmar', 'Mongolia', 'Macao', 'Northern Mariana Islands', 'Martinique', 'Mauritania', 'Montserrat', 'Malta', 'Mauritius', 'Maldives', 'Malawi', 'Mexico', 'Malaysia', 'Mozambique', 'Namibia', 'New Caledonia', 'Niger', 'Norfolk Island', 'Nigeria', 'Nicaragua', 'The Netherlands', 'Norway', 'Nepal', 'Nauru', 'Niue', 'New Zealand', 'Oman', 'Panama', 'Peru', 'French Polynesia', 'Papua New Guinea', 'Philippines', 'Pakistan', 'Poland', 'Saint Pierre and Miquelon', 'Pitcairn Islands', 'Puerto Rico', 'Palestine', 'Portugal', 'Palau', 'Paraguay', 'Qatar', 'Réunion', 'Romania', 'Serbia', 'Russia', 'Rwanda', 'Saudi Arabia', 'Solomon Islands', 'Seychelles', 'Sudan', 'Sweden', 'Singapore', 'Saint Helena', 'Slovenia', 'Svalbard and Jan Mayen', 'Slovakia', 'Sierra Leone', 'San Marino', 'Senegal', 'Somalia', 'Suriname', 'South Sudan', 'São Tomé and Príncipe', 'El Salvador', 'Sint Maarten', 'Syria', 'Eswatini', 'Turks and Caicos Islands', 'Chad', 'French Southern Territories', 'Togo', 'Thailand', 'Tajikistan', 'Tokelau', 'Timor-Leste', 'Turkmenistan', 'Tunisia', 'Tonga', 'Türkiye', 'Trinidad and Tobago', 'Tuvalu', 'Taiwan', 'Tanzania', 'Ukraine', 'Uganda', 'U.S. Outlying Islands', 'United States', 'Uruguay', 'Uzbekistan', 'Vatican City', 'St Vincent and Grenadines', 'Venezuela', 'British Virgin Islands', 'U.S. Virgin Islands', 'Vietnam', 'Vanuatu', 'Wallis and Futuna', 'Samoa', 'Kosovo', 'Yemen', 'Mayotte', 'South Africa', 'Zambia', 'Zimbabwe']
2025-01-30 17:32:44,150 - __main__ - INFO - Response time for the request: 0.28 seconds
2025-01-30 17:32:44,150 - __main__ - INFO - ----------------------------------------------------------------------------------------------------
2025-01-30 17:32:59,305 - __main__ - INFO - Request came to fetch all countries.
2025-01-30 17:32:59,493 - __main__ - INFO - response: ['Andorra', 'United Arab Emirates', 'Afghanistan', 'Antigua and Barbuda', 'Anguilla', 'Albania', 'Armenia', 'Angola', 'Antarctica', 'Argentina', 'American Samoa', 'Austria', 'Australia', 'Aruba', 'Åland', 'Azerbaijan', 'Bosnia and Herzegovina', 'Barbados', 'Bangladesh', 'Belgium', 'Burkina Faso', 'Bulgaria', 'Bahrain', 'Burundi', 'Benin', 'Saint Barthélemy', 'Bermuda', 'Brunei', 'Bolivia', 'Bonaire, Sint Eustatius, and Saba', 'Brazil', 'Bahamas', 'Bhutan', 'Bouvet Island', 'Botswana', 'Belarus', 'Belize', 'Canada', 'Cocos (Keeling) Islands', 'DR Congo', 'Central African Republic', 'Congo Republic', 'Switzerland', 'Ivory Coast', 'Cook Islands', 'Chile', 'Cameroon', 'China', 'Colombia', 'Costa Rica', 'Cuba', 'Cabo Verde', 'Curaçao', 'Christmas Island', 'Cyprus', 'Czechia', 'Germany', 'Djibouti', 'Denmark', 'Dominica', 'Dominican Republic', 'Algeria', 'Ecuador', 'Estonia', 'Egypt', 'Western Sahara', 'Eritrea', 'Spain', 'Ethiopia', 'Finland', 'Fiji', 'Falkland Islands', 'Micronesia', 'Faroe Islands', 'France', 'Gabon', 'United Kingdom', 'Grenada', 'Georgia', 'French Guiana', 'Guernsey', 'Ghana', 'Gibraltar', 'Greenland', 'The Gambia', 'Guinea', 'Guadeloupe', 'Equatorial Guinea', 'Greece', 'South Georgia and South Sandwich Islands', 'Guatemala', 'Guam', 'Guinea-Bissau', 'Guyana', 'Hong Kong', 'Heard and McDonald Islands', 'Honduras', 'Croatia', 'Haiti', 'Hungary', 'Indonesia', 'Ireland', 'Israel', 'Isle of Man', 'India', 'British Indian Ocean Territory', 'Iraq', 'Iran', 'Iceland', 'Italy', 'Jersey', 'Jamaica', 'Jordan', 'Japan', 'Kenya', 'Kyrgyzstan', 'Cambodia', 'Kiribati', 'Comoros', 'St Kitts and Nevis', 'North Korea', 'South Korea', 'Kuwait', 'Cayman Islands', 'Kazakhstan', 'Laos', 'Lebanon', 'Saint Lucia', 'Liechtenstein', 'Sri Lanka', 'Liberia', 'Lesotho', 'Lithuania', 'Luxembourg', 'Latvia', 'Libya', 'Morocco', 'Monaco', 'Moldova', 'Montenegro', 'Saint Martin', 'Madagascar', 'Marshall Islands', 'North Macedonia', 'Mali', 'Myanmar', 'Mongolia', 'Macao', 'Northern Mariana Islands', 'Martinique', 'Mauritania', 'Montserrat', 'Malta', 'Mauritius', 'Maldives', 'Malawi', 'Mexico', 'Malaysia', 'Mozambique', 'Namibia', 'New Caledonia', 'Niger', 'Norfolk Island', 'Nigeria', 'Nicaragua', 'The Netherlands', 'Norway', 'Nepal', 'Nauru', 'Niue', 'New Zealand', 'Oman', 'Panama', 'Peru', 'French Polynesia', 'Papua New Guinea', 'Philippines', 'Pakistan', 'Poland', 'Saint Pierre and Miquelon', 'Pitcairn Islands', 'Puerto Rico', 'Palestine', 'Portugal', 'Palau', 'Paraguay', 'Qatar', 'Réunion', 'Romania', 'Serbia', 'Russia', 'Rwanda', 'Saudi Arabia', 'Solomon Islands', 'Seychelles', 'Sudan', 'Sweden', 'Singapore', 'Saint Helena', 'Slovenia', 'Svalbard and Jan Mayen', 'Slovakia', 'Sierra Leone', 'San Marino', 'Senegal', 'Somalia', 'Suriname', 'South Sudan', 'São Tomé and Príncipe', 'El Salvador', 'Sint Maarten', 'Syria', 'Eswatini', 'Turks and Caicos Islands', 'Chad', 'French Southern Territories', 'Togo', 'Thailand', 'Tajikistan', 'Tokelau', 'Timor-Leste', 'Turkmenistan', 'Tunisia', 'Tonga', 'Türkiye', 'Trinidad and Tobago', 'Tuvalu', 'Taiwan', 'Tanzania', 'Ukraine', 'Uganda', 'U.S. Outlying Islands', 'United States', 'Uruguay', 'Uzbekistan', 'Vatican City', 'St Vincent and Grenadines', 'Venezuela', 'British Virgin Islands', 'U.S. Virgin Islands', 'Vietnam', 'Vanuatu', 'Wallis and Futuna', 'Samoa', 'Kosovo', 'Yemen', 'Mayotte', 'South Africa', 'Zambia', 'Zimbabwe']
2025-01-30 17:32:59,504 - __main__ - INFO - Response time for the request: 0.20 seconds
2025-01-30 17:32:59,504 - __main__ - INFO - ----------------------------------------------------------------------------------------------------
2025-01-30 17:32:59,521 - __main__ - INFO - Request came to fetch all countries.
2025-01-30 17:32:59,653 - __main__ - INFO - response: ['Andorra', 'United Arab Emirates', 'Afghanistan', 'Antigua and Barbuda', 'Anguilla', 'Albania', 'Armenia', 'Angola', 'Antarctica', 'Argentina', 'American Samoa', 'Austria', 'Australia', 'Aruba', 'Åland', 'Azerbaijan', 'Bosnia and Herzegovina', 'Barbados', 'Bangladesh', 'Belgium', 'Burkina Faso', 'Bulgaria', 'Bahrain', 'Burundi', 'Benin', 'Saint Barthélemy', 'Bermuda', 'Brunei', 'Bolivia', 'Bonaire, Sint Eustatius, and Saba', 'Brazil', 'Bahamas', 'Bhutan', 'Bouvet Island', 'Botswana', 'Belarus', 'Belize', 'Canada', 'Cocos (Keeling) Islands', 'DR Congo', 'Central African Republic', 'Congo Republic', 'Switzerland', 'Ivory Coast', 'Cook Islands', 'Chile', 'Cameroon', 'China', 'Colombia', 'Costa Rica', 'Cuba', 'Cabo Verde', 'Curaçao', 'Christmas Island', 'Cyprus', 'Czechia', 'Germany', 'Djibouti', 'Denmark', 'Dominica', 'Dominican Republic', 'Algeria', 'Ecuador', 'Estonia', 'Egypt', 'Western Sahara', 'Eritrea', 'Spain', 'Ethiopia', 'Finland', 'Fiji', 'Falkland Islands', 'Micronesia', 'Faroe Islands', 'France', 'Gabon', 'United Kingdom', 'Grenada', 'Georgia', 'French Guiana', 'Guernsey', 'Ghana', 'Gibraltar', 'Greenland', 'The Gambia', 'Guinea', 'Guadeloupe', 'Equatorial Guinea', 'Greece', 'South Georgia and South Sandwich Islands', 'Guatemala', 'Guam', 'Guinea-Bissau', 'Guyana', 'Hong Kong', 'Heard and McDonald Islands', 'Honduras', 'Croatia', 'Haiti', 'Hungary', 'Indonesia', 'Ireland', 'Israel', 'Isle of Man', 'India', 'British Indian Ocean Territory', 'Iraq', 'Iran', 'Iceland', 'Italy', 'Jersey', 'Jamaica', 'Jordan', 'Japan', 'Kenya', 'Kyrgyzstan', 'Cambodia', 'Kiribati', 'Comoros', 'St Kitts and Nevis', 'North Korea', 'South Korea', 'Kuwait', 'Cayman Islands', 'Kazakhstan', 'Laos', 'Lebanon', 'Saint Lucia', 'Liechtenstein', 'Sri Lanka', 'Liberia', 'Lesotho', 'Lithuania', 'Luxembourg', 'Latvia', 'Libya', 'Morocco', 'Monaco', 'Moldova', 'Montenegro', 'Saint Martin', 'Madagascar', 'Marshall Islands', 'North Macedonia', 'Mali', 'Myanmar', 'Mongolia', 'Macao', 'Northern Mariana Islands', 'Martinique', 'Mauritania', 'Montserrat', 'Malta', 'Mauritius', 'Maldives', 'Malawi', 'Mexico', 'Malaysia', 'Mozambique', 'Namibia', 'New Caledonia', 'Niger', 'Norfolk Island', 'Nigeria', 'Nicaragua', 'The Netherlands', 'Norway', 'Nepal', 'Nauru', 'Niue', 'New Zealand', 'Oman', 'Panama', 'Peru', 'French Polynesia', 'Papua New Guinea', 'Philippines', 'Pakistan', 'Poland', 'Saint Pierre and Miquelon', 'Pitcairn Islands', 'Puerto Rico', 'Palestine', 'Portugal', 'Palau', 'Paraguay', 'Qatar', 'Réunion', 'Romania', 'Serbia', 'Russia', 'Rwanda', 'Saudi Arabia', 'Solomon Islands', 'Seychelles', 'Sudan', 'Sweden', 'Singapore', 'Saint Helena', 'Slovenia', 'Svalbard and Jan Mayen', 'Slovakia', 'Sierra Leone', 'San Marino', 'Senegal', 'Somalia', 'Suriname', 'South Sudan', 'São Tomé and Príncipe', 'El Salvador', 'Sint Maarten', 'Syria', 'Eswatini', 'Turks and Caicos Islands', 'Chad', 'French Southern Territories', 'Togo', 'Thailand', 'Tajikistan', 'Tokelau', 'Timor-Leste', 'Turkmenistan', 'Tunisia', 'Tonga', 'Türkiye', 'Trinidad and Tobago', 'Tuvalu', 'Taiwan', 'Tanzania', 'Ukraine', 'Uganda', 'U.S. Outlying Islands', 'United States', 'Uruguay', 'Uzbekistan', 'Vatican City', 'St Vincent and Grenadines', 'Venezuela', 'British Virgin Islands', 'U.S. Virgin Islands', 'Vietnam', 'Vanuatu', 'Wallis and Futuna', 'Samoa', 'Kosovo', 'Yemen', 'Mayotte', 'South Africa', 'Zambia', 'Zimbabwe']
2025-01-30 17:32:59,658 - __main__ - INFO - Response time for the request: 0.14 seconds
2025-01-30 17:32:59,659 - __main__ - INFO - ----------------------------------------------------------------------------------------------------
2025-01-30 17:33:00,552 - __main__ - INFO - Request came to fetch all countries.
2025-01-30 17:33:00,653 - __main__ - INFO - response: ['Andorra', 'United Arab Emirates', 'Afghanistan', 'Antigua and Barbuda', 'Anguilla', 'Albania', 'Armenia', 'Angola', 'Antarctica', 'Argentina', 'American Samoa', 'Austria', 'Australia', 'Aruba', 'Åland', 'Azerbaijan', 'Bosnia and Herzegovina', 'Barbados', 'Bangladesh', 'Belgium', 'Burkina Faso', 'Bulgaria', 'Bahrain', 'Burundi', 'Benin', 'Saint Barthélemy', 'Bermuda', 'Brunei', 'Bolivia', 'Bonaire, Sint Eustatius, and Saba', 'Brazil', 'Bahamas', 'Bhutan', 'Bouvet Island', 'Botswana', 'Belarus', 'Belize', 'Canada', 'Cocos (Keeling) Islands', 'DR Congo', 'Central African Republic', 'Congo Republic', 'Switzerland', 'Ivory Coast', 'Cook Islands', 'Chile', 'Cameroon', 'China', 'Colombia', 'Costa Rica', 'Cuba', 'Cabo Verde', 'Curaçao', 'Christmas Island', 'Cyprus', 'Czechia', 'Germany', 'Djibouti', 'Denmark', 'Dominica', 'Dominican Republic', 'Algeria', 'Ecuador', 'Estonia', 'Egypt', 'Western Sahara', 'Eritrea', 'Spain', 'Ethiopia', 'Finland', 'Fiji', 'Falkland Islands', 'Micronesia', 'Faroe Islands', 'France', 'Gabon', 'United Kingdom', 'Grenada', 'Georgia', 'French Guiana', 'Guernsey', 'Ghana', 'Gibraltar', 'Greenland', 'The Gambia', 'Guinea', 'Guadeloupe', 'Equatorial Guinea', 'Greece', 'South Georgia and South Sandwich Islands', 'Guatemala', 'Guam', 'Guinea-Bissau', 'Guyana', 'Hong Kong', 'Heard and McDonald Islands', 'Honduras', 'Croatia', 'Haiti', 'Hungary', 'Indonesia', 'Ireland', 'Israel', 'Isle of Man', 'India', 'British Indian Ocean Territory', 'Iraq', 'Iran', 'Iceland', 'Italy', 'Jersey', 'Jamaica', 'Jordan', 'Japan', 'Kenya', 'Kyrgyzstan', 'Cambodia', 'Kiribati', 'Comoros', 'St Kitts and Nevis', 'North Korea', 'South Korea', 'Kuwait', 'Cayman Islands', 'Kazakhstan', 'Laos', 'Lebanon', 'Saint Lucia', 'Liechtenstein', 'Sri Lanka', 'Liberia', 'Lesotho', 'Lithuania', 'Luxembourg', 'Latvia', 'Libya', 'Morocco', 'Monaco', 'Moldova', 'Montenegro', 'Saint Martin', 'Madagascar', 'Marshall Islands', 'North Macedonia', 'Mali', 'Myanmar', 'Mongolia', 'Macao', 'Northern Mariana Islands', 'Martinique', 'Mauritania', 'Montserrat', 'Malta', 'Mauritius', 'Maldives', 'Malawi', 'Mexico', 'Malaysia', 'Mozambique', 'Namibia', 'New Caledonia', 'Niger', 'Norfolk Island', 'Nigeria', 'Nicaragua', 'The Netherlands', 'Norway', 'Nepal', 'Nauru', 'Niue', 'New Zealand', 'Oman', 'Panama', 'Peru', 'French Polynesia', 'Papua New Guinea', 'Philippines', 'Pakistan', 'Poland', 'Saint Pierre and Miquelon', 'Pitcairn Islands', 'Puerto Rico', 'Palestine', 'Portugal', 'Palau', 'Paraguay', 'Qatar', 'Réunion', 'Romania', 'Serbia', 'Russia', 'Rwanda', 'Saudi Arabia', 'Solomon Islands', 'Seychelles', 'Sudan', 'Sweden', 'Singapore', 'Saint Helena', 'Slovenia', 'Svalbard and Jan Mayen', 'Slovakia', 'Sierra Leone', 'San Marino', 'Senegal', 'Somalia', 'Suriname', 'South Sudan', 'São Tomé and Príncipe', 'El Salvador', 'Sint Maarten', 'Syria', 'Eswatini', 'Turks and Caicos Islands', 'Chad', 'French Southern Territories', 'Togo', 'Thailand', 'Tajikistan', 'Tokelau', 'Timor-Leste', 'Turkmenistan', 'Tunisia', 'Tonga', 'Türkiye', 'Trinidad and Tobago', 'Tuvalu', 'Taiwan', 'Tanzania', 'Ukraine', 'Uganda', 'U.S. Outlying Islands', 'United States', 'Uruguay', 'Uzbekistan', 'Vatican City', 'St Vincent and Grenadines', 'Venezuela', 'British Virgin Islands', 'U.S. Virgin Islands', 'Vietnam', 'Vanuatu', 'Wallis and Futuna', 'Samoa', 'Kosovo', 'Yemen', 'Mayotte', 'South Africa', 'Zambia', 'Zimbabwe']
2025-01-30 17:33:00,662 - __main__ - INFO - Response time for the request: 0.11 seconds
2025-01-30 17:33:00,662 - __main__ - INFO - ----------------------------------------------------------------------------------------------------
2025-01-30 17:33:00,999 - __main__ - INFO - Request came to fetch all countries.
2025-01-30 17:33:01,117 - __main__ - INFO - response: ['Andorra', 'United Arab Emirates', 'Afghanistan', 'Antigua and Barbuda', 'Anguilla', 'Albania', 'Armenia', 'Angola', 'Antarctica', 'Argentina', 'American Samoa', 'Austria', 'Australia', 'Aruba', 'Åland', 'Azerbaijan', 'Bosnia and Herzegovina', 'Barbados', 'Bangladesh', 'Belgium', 'Burkina Faso', 'Bulgaria', 'Bahrain', 'Burundi', 'Benin', 'Saint Barthélemy', 'Bermuda', 'Brunei', 'Bolivia', 'Bonaire, Sint Eustatius, and Saba', 'Brazil', 'Bahamas', 'Bhutan', 'Bouvet Island', 'Botswana', 'Belarus', 'Belize', 'Canada', 'Cocos (Keeling) Islands', 'DR Congo', 'Central African Republic', 'Congo Republic', 'Switzerland', 'Ivory Coast', 'Cook Islands', 'Chile', 'Cameroon', 'China', 'Colombia', 'Costa Rica', 'Cuba', 'Cabo Verde', 'Curaçao', 'Christmas Island', 'Cyprus', 'Czechia', 'Germany', 'Djibouti', 'Denmark', 'Dominica', 'Dominican Republic', 'Algeria', 'Ecuador', 'Estonia', 'Egypt', 'Western Sahara', 'Eritrea', 'Spain', 'Ethiopia', 'Finland', 'Fiji', 'Falkland Islands', 'Micronesia', 'Faroe Islands', 'France', 'Gabon', 'United Kingdom', 'Grenada', 'Georgia', 'French Guiana', 'Guernsey', 'Ghana', 'Gibraltar', 'Greenland', 'The Gambia', 'Guinea', 'Guadeloupe', 'Equatorial Guinea', 'Greece', 'South Georgia and South Sandwich Islands', 'Guatemala', 'Guam', 'Guinea-Bissau', 'Guyana', 'Hong Kong', 'Heard and McDonald Islands', 'Honduras', 'Croatia', 'Haiti', 'Hungary', 'Indonesia', 'Ireland', 'Israel', 'Isle of Man', 'India', 'British Indian Ocean Territory', 'Iraq', 'Iran', 'Iceland', 'Italy', 'Jersey', 'Jamaica', 'Jordan', 'Japan', 'Kenya', 'Kyrgyzstan', 'Cambodia', 'Kiribati', 'Comoros', 'St Kitts and Nevis', 'North Korea', 'South Korea', 'Kuwait', 'Cayman Islands', 'Kazakhstan', 'Laos', 'Lebanon', 'Saint Lucia', 'Liechtenstein', 'Sri Lanka', 'Liberia', 'Lesotho', 'Lithuania', 'Luxembourg', 'Latvia', 'Libya', 'Morocco', 'Monaco', 'Moldova', 'Montenegro', 'Saint Martin', 'Madagascar', 'Marshall Islands', 'North Macedonia', 'Mali', 'Myanmar', 'Mongolia', 'Macao', 'Northern Mariana Islands', 'Martinique', 'Mauritania', 'Montserrat', 'Malta', 'Mauritius', 'Maldives', 'Malawi', 'Mexico', 'Malaysia', 'Mozambique', 'Namibia', 'New Caledonia', 'Niger', 'Norfolk Island', 'Nigeria', 'Nicaragua', 'The Netherlands', 'Norway', 'Nepal', 'Nauru', 'Niue', 'New Zealand', 'Oman', 'Panama', 'Peru', 'French Polynesia', 'Papua New Guinea', 'Philippines', 'Pakistan', 'Poland', 'Saint Pierre and Miquelon', 'Pitcairn Islands', 'Puerto Rico', 'Palestine', 'Portugal', 'Palau', 'Paraguay', 'Qatar', 'Réunion', 'Romania', 'Serbia', 'Russia', 'Rwanda', 'Saudi Arabia', 'Solomon Islands', 'Seychelles', 'Sudan', 'Sweden', 'Singapore', 'Saint Helena', 'Slovenia', 'Svalbard and Jan Mayen', 'Slovakia', 'Sierra Leone', 'San Marino', 'Senegal', 'Somalia', 'Suriname', 'South Sudan', 'São Tomé and Príncipe', 'El Salvador', 'Sint Maarten', 'Syria', 'Eswatini', 'Turks and Caicos Islands', 'Chad', 'French Southern Territories', 'Togo', 'Thailand', 'Tajikistan', 'Tokelau', 'Timor-Leste', 'Turkmenistan', 'Tunisia', 'Tonga', 'Türkiye', 'Trinidad and Tobago', 'Tuvalu', 'Taiwan', 'Tanzania', 'Ukraine', 'Uganda', 'U.S. Outlying Islands', 'United States', 'Uruguay', 'Uzbekistan', 'Vatican City', 'St Vincent and Grenadines', 'Venezuela', 'British Virgin Islands', 'U.S. Virgin Islands', 'Vietnam', 'Vanuatu', 'Wallis and Futuna', 'Samoa', 'Kosovo', 'Yemen', 'Mayotte', 'South Africa', 'Zambia', 'Zimbabwe']
2025-01-30 17:33:01,121 - __main__ - INFO - Response time for the request: 0.12 seconds
2025-01-30 17:33:01,122 - __main__ - INFO - ----------------------------------------------------------------------------------------------------
2025-01-30 17:33:19,208 - __main__ - INFO - Request came to fetch all states from india.
2025-01-30 17:33:19,479 - __main__ - INFO - response: ['Andaman and Nicobar', 'Andhra Pradesh', 'Arunachal Pradesh', 'Assam', 'Bihar', 'Chandigarh', 'Chhattisgarh', 'Dadra and Nagar Haveli and Daman and Diu', 'Delhi', 'Goa', 'Gujarat', 'Haryana', 'Himachal Pradesh', 'Jammu and Kashmir', 'Jharkhand', 'Karnataka', 'Kerala', 'Ladakh', 'Lakshadweep', 'Madhya Pradesh', 'Maharashtra', 'Manipur', 'Meghalaya', 'Mizoram', 'Nagaland', 'Odisha', 'Puducherry', 'Punjab', 'Rajasthan', 'Sikkim', 'Tamil Nadu', 'Telangana', 'Tripura', 'Uttar Pradesh', 'Uttarakhand', 'West Bengal']
2025-01-30 17:33:19,481 - __main__ - INFO - Response time for the request: 0.27 seconds
2025-01-30 17:33:19,482 - __main__ - INFO - ----------------------------------------------------------------------------------------------------
2025-01-30 17:33:19,490 - __main__ - INFO - Request came to fetch all states from india.
2025-01-30 17:33:19,720 - __main__ - INFO - response: ['Andaman and Nicobar', 'Andhra Pradesh', 'Arunachal Pradesh', 'Assam', 'Bihar', 'Chandigarh', 'Chhattisgarh', 'Dadra and Nagar Haveli and Daman and Diu', 'Delhi', 'Goa', 'Gujarat', 'Haryana', 'Himachal Pradesh', 'Jammu and Kashmir', 'Jharkhand', 'Karnataka', 'Kerala', 'Ladakh', 'Lakshadweep', 'Madhya Pradesh', 'Maharashtra', 'Manipur', 'Meghalaya', 'Mizoram', 'Nagaland', 'Odisha', 'Puducherry', 'Punjab', 'Rajasthan', 'Sikkim', 'Tamil Nadu', 'Telangana', 'Tripura', 'Uttar Pradesh', 'Uttarakhand', 'West Bengal']
2025-01-30 17:33:19,721 - __main__ - INFO - Response time for the request: 0.23 seconds
2025-01-30 17:33:19,721 - __main__ - INFO - ----------------------------------------------------------------------------------------------------
2025-01-30 17:34:27,277 - __main__ - INFO - Request came to fetch all countries.
2025-01-30 17:34:27,391 - __main__ - INFO - Request came to fetch all states from india.
2025-01-30 17:34:27,528 - __main__ - INFO - response: ['Andorra', 'United Arab Emirates', 'Afghanistan', 'Antigua and Barbuda', 'Anguilla', 'Albania', 'Armenia', 'Angola', 'Antarctica', 'Argentina', 'American Samoa', 'Austria', 'Australia', 'Aruba', 'Åland', 'Azerbaijan', 'Bosnia and Herzegovina', 'Barbados', 'Bangladesh', 'Belgium', 'Burkina Faso', 'Bulgaria', 'Bahrain', 'Burundi', 'Benin', 'Saint Barthélemy', 'Bermuda', 'Brunei', 'Bolivia', 'Bonaire, Sint Eustatius, and Saba', 'Brazil', 'Bahamas', 'Bhutan', 'Bouvet Island', 'Botswana', 'Belarus', 'Belize', 'Canada', 'Cocos (Keeling) Islands', 'DR Congo', 'Central African Republic', 'Congo Republic', 'Switzerland', 'Ivory Coast', 'Cook Islands', 'Chile', 'Cameroon', 'China', 'Colombia', 'Costa Rica', 'Cuba', 'Cabo Verde', 'Curaçao', 'Christmas Island', 'Cyprus', 'Czechia', 'Germany', 'Djibouti', 'Denmark', 'Dominica', 'Dominican Republic', 'Algeria', 'Ecuador', 'Estonia', 'Egypt', 'Western Sahara', 'Eritrea', 'Spain', 'Ethiopia', 'Finland', 'Fiji', 'Falkland Islands', 'Micronesia', 'Faroe Islands', 'France', 'Gabon', 'United Kingdom', 'Grenada', 'Georgia', 'French Guiana', 'Guernsey', 'Ghana', 'Gibraltar', 'Greenland', 'The Gambia', 'Guinea', 'Guadeloupe', 'Equatorial Guinea', 'Greece', 'South Georgia and South Sandwich Islands', 'Guatemala', 'Guam', 'Guinea-Bissau', 'Guyana', 'Hong Kong', 'Heard and McDonald Islands', 'Honduras', 'Croatia', 'Haiti', 'Hungary', 'Indonesia', 'Ireland', 'Israel', 'Isle of Man', 'India', 'British Indian Ocean Territory', 'Iraq', 'Iran', 'Iceland', 'Italy', 'Jersey', 'Jamaica', 'Jordan', 'Japan', 'Kenya', 'Kyrgyzstan', 'Cambodia', 'Kiribati', 'Comoros', 'St Kitts and Nevis', 'North Korea', 'South Korea', 'Kuwait', 'Cayman Islands', 'Kazakhstan', 'Laos', 'Lebanon', 'Saint Lucia', 'Liechtenstein', 'Sri Lanka', 'Liberia', 'Lesotho', 'Lithuania', 'Luxembourg', 'Latvia', 'Libya', 'Morocco', 'Monaco', 'Moldova', 'Montenegro', 'Saint Martin', 'Madagascar', 'Marshall Islands', 'North Macedonia', 'Mali', 'Myanmar', 'Mongolia', 'Macao', 'Northern Mariana Islands', 'Martinique', 'Mauritania', 'Montserrat', 'Malta', 'Mauritius', 'Maldives', 'Malawi', 'Mexico', 'Malaysia', 'Mozambique', 'Namibia', 'New Caledonia', 'Niger', 'Norfolk Island', 'Nigeria', 'Nicaragua', 'The Netherlands', 'Norway', 'Nepal', 'Nauru', 'Niue', 'New Zealand', 'Oman', 'Panama', 'Peru', 'French Polynesia', 'Papua New Guinea', 'Philippines', 'Pakistan', 'Poland', 'Saint Pierre and Miquelon', 'Pitcairn Islands', 'Puerto Rico', 'Palestine', 'Portugal', 'Palau', 'Paraguay', 'Qatar', 'Réunion', 'Romania', 'Serbia', 'Russia', 'Rwanda', 'Saudi Arabia', 'Solomon Islands', 'Seychelles', 'Sudan', 'Sweden', 'Singapore', 'Saint Helena', 'Slovenia', 'Svalbard and Jan Mayen', 'Slovakia', 'Sierra Leone', 'San Marino', 'Senegal', 'Somalia', 'Suriname', 'South Sudan', 'São Tomé and Príncipe', 'El Salvador', 'Sint Maarten', 'Syria', 'Eswatini', 'Turks and Caicos Islands', 'Chad', 'French Southern Territories', 'Togo', 'Thailand', 'Tajikistan', 'Tokelau', 'Timor-Leste', 'Turkmenistan', 'Tunisia', 'Tonga', 'Türkiye', 'Trinidad and Tobago', 'Tuvalu', 'Taiwan', 'Tanzania', 'Ukraine', 'Uganda', 'U.S. Outlying Islands', 'United States', 'Uruguay', 'Uzbekistan', 'Vatican City', 'St Vincent and Grenadines', 'Venezuela', 'British Virgin Islands', 'U.S. Virgin Islands', 'Vietnam', 'Vanuatu', 'Wallis and Futuna', 'Samoa', 'Kosovo', 'Yemen', 'Mayotte', 'South Africa', 'Zambia', 'Zimbabwe']
2025-01-30 17:34:27,534 - __main__ - INFO - Response time for the request: 0.26 seconds
2025-01-30 17:34:27,543 - __main__ - INFO - ----------------------------------------------------------------------------------------------------
2025-01-30 17:34:27,730 - __main__ - INFO - Request came to fetch all countries.
2025-01-30 17:34:27,769 - __main__ - INFO - response: ['Andaman and Nicobar', 'Andhra Pradesh', 'Arunachal Pradesh', 'Assam', 'Bihar', 'Chandigarh', 'Chhattisgarh', 'Dadra and Nagar Haveli and Daman and Diu', 'Delhi', 'Goa', 'Gujarat', 'Haryana', 'Himachal Pradesh', 'Jammu and Kashmir', 'Jharkhand', 'Karnataka', 'Kerala', 'Ladakh', 'Lakshadweep', 'Madhya Pradesh', 'Maharashtra', 'Manipur', 'Meghalaya', 'Mizoram', 'Nagaland', 'Odisha', 'Puducherry', 'Punjab', 'Rajasthan', 'Sikkim', 'Tamil Nadu', 'Telangana', 'Tripura', 'Uttar Pradesh', 'Uttarakhand', 'West Bengal']
2025-01-30 17:34:27,770 - __main__ - INFO - Response time for the request: 0.38 seconds
2025-01-30 17:34:27,770 - __main__ - INFO - ----------------------------------------------------------------------------------------------------
2025-01-30 17:34:28,028 - __main__ - INFO - response: ['Andorra', 'United Arab Emirates', 'Afghanistan', 'Antigua and Barbuda', 'Anguilla', 'Albania', 'Armenia', 'Angola', 'Antarctica', 'Argentina', 'American Samoa', 'Austria', 'Australia', 'Aruba', 'Åland', 'Azerbaijan', 'Bosnia and Herzegovina', 'Barbados', 'Bangladesh', 'Belgium', 'Burkina Faso', 'Bulgaria', 'Bahrain', 'Burundi', 'Benin', 'Saint Barthélemy', 'Bermuda', 'Brunei', 'Bolivia', 'Bonaire, Sint Eustatius, and Saba', 'Brazil', 'Bahamas', 'Bhutan', 'Bouvet Island', 'Botswana', 'Belarus', 'Belize', 'Canada', 'Cocos (Keeling) Islands', 'DR Congo', 'Central African Republic', 'Congo Republic', 'Switzerland', 'Ivory Coast', 'Cook Islands', 'Chile', 'Cameroon', 'China', 'Colombia', 'Costa Rica', 'Cuba', 'Cabo Verde', 'Curaçao', 'Christmas Island', 'Cyprus', 'Czechia', 'Germany', 'Djibouti', 'Denmark', 'Dominica', 'Dominican Republic', 'Algeria', 'Ecuador', 'Estonia', 'Egypt', 'Western Sahara', 'Eritrea', 'Spain', 'Ethiopia', 'Finland', 'Fiji', 'Falkland Islands', 'Micronesia', 'Faroe Islands', 'France', 'Gabon', 'United Kingdom', 'Grenada', 'Georgia', 'French Guiana', 'Guernsey', 'Ghana', 'Gibraltar', 'Greenland', 'The Gambia', 'Guinea', 'Guadeloupe', 'Equatorial Guinea', 'Greece', 'South Georgia and South Sandwich Islands', 'Guatemala', 'Guam', 'Guinea-Bissau', 'Guyana', 'Hong Kong', 'Heard and McDonald Islands', 'Honduras', 'Croatia', 'Haiti', 'Hungary', 'Indonesia', 'Ireland', 'Israel', 'Isle of Man', 'India', 'British Indian Ocean Territory', 'Iraq', 'Iran', 'Iceland', 'Italy', 'Jersey', 'Jamaica', 'Jordan', 'Japan', 'Kenya', 'Kyrgyzstan', 'Cambodia', 'Kiribati', 'Comoros', 'St Kitts and Nevis', 'North Korea', 'South Korea', 'Kuwait', 'Cayman Islands', 'Kazakhstan', 'Laos', 'Lebanon', 'Saint Lucia', 'Liechtenstein', 'Sri Lanka', 'Liberia', 'Lesotho', 'Lithuania', 'Luxembourg', 'Latvia', 'Libya', 'Morocco', 'Monaco', 'Moldova', 'Montenegro', 'Saint Martin', 'Madagascar', 'Marshall Islands', 'North Macedonia', 'Mali', 'Myanmar', 'Mongolia', 'Macao', 'Northern Mariana Islands', 'Martinique', 'Mauritania', 'Montserrat', 'Malta', 'Mauritius', 'Maldives', 'Malawi', 'Mexico', 'Malaysia', 'Mozambique', 'Namibia', 'New Caledonia', 'Niger', 'Norfolk Island', 'Nigeria', 'Nicaragua', 'The Netherlands', 'Norway', 'Nepal', 'Nauru', 'Niue', 'New Zealand', 'Oman', 'Panama', 'Peru', 'French Polynesia', 'Papua New Guinea', 'Philippines', 'Pakistan', 'Poland', 'Saint Pierre and Miquelon', 'Pitcairn Islands', 'Puerto Rico', 'Palestine', 'Portugal', 'Palau', 'Paraguay', 'Qatar', 'Réunion', 'Romania', 'Serbia', 'Russia', 'Rwanda', 'Saudi Arabia', 'Solomon Islands', 'Seychelles', 'Sudan', 'Sweden', 'Singapore', 'Saint Helena', 'Slovenia', 'Svalbard and Jan Mayen', 'Slovakia', 'Sierra Leone', 'San Marino', 'Senegal', 'Somalia', 'Suriname', 'South Sudan', 'São Tomé and Príncipe', 'El Salvador', 'Sint Maarten', 'Syria', 'Eswatini', 'Turks and Caicos Islands', 'Chad', 'French Southern Territories', 'Togo', 'Thailand', 'Tajikistan', 'Tokelau', 'Timor-Leste', 'Turkmenistan', 'Tunisia', 'Tonga', 'Türkiye', 'Trinidad and Tobago', 'Tuvalu', 'Taiwan', 'Tanzania', 'Ukraine', 'Uganda', 'U.S. Outlying Islands', 'United States', 'Uruguay', 'Uzbekistan', 'Vatican City', 'St Vincent and Grenadines', 'Venezuela', 'British Virgin Islands', 'U.S. Virgin Islands', 'Vietnam', 'Vanuatu', 'Wallis and Futuna', 'Samoa', 'Kosovo', 'Yemen', 'Mayotte', 'South Africa', 'Zambia', 'Zimbabwe']
2025-01-30 17:34:28,031 - __main__ - INFO - Response time for the request: 0.30 seconds
2025-01-30 17:34:28,032 - __main__ - INFO - ----------------------------------------------------------------------------------------------------
2025-01-30 17:34:28,454 - __main__ - INFO - Request came to fetch all countries.
2025-01-30 17:34:28,552 - __main__ - INFO - response: ['Andorra', 'United Arab Emirates', 'Afghanistan', 'Antigua and Barbuda', 'Anguilla', 'Albania', 'Armenia', 'Angola', 'Antarctica', 'Argentina', 'American Samoa', 'Austria', 'Australia', 'Aruba', 'Åland', 'Azerbaijan', 'Bosnia and Herzegovina', 'Barbados', 'Bangladesh', 'Belgium', 'Burkina Faso', 'Bulgaria', 'Bahrain', 'Burundi', 'Benin', 'Saint Barthélemy', 'Bermuda', 'Brunei', 'Bolivia', 'Bonaire, Sint Eustatius, and Saba', 'Brazil', 'Bahamas', 'Bhutan', 'Bouvet Island', 'Botswana', 'Belarus', 'Belize', 'Canada', 'Cocos (Keeling) Islands', 'DR Congo', 'Central African Republic', 'Congo Republic', 'Switzerland', 'Ivory Coast', 'Cook Islands', 'Chile', 'Cameroon', 'China', 'Colombia', 'Costa Rica', 'Cuba', 'Cabo Verde', 'Curaçao', 'Christmas Island', 'Cyprus', 'Czechia', 'Germany', 'Djibouti', 'Denmark', 'Dominica', 'Dominican Republic', 'Algeria', 'Ecuador', 'Estonia', 'Egypt', 'Western Sahara', 'Eritrea', 'Spain', 'Ethiopia', 'Finland', 'Fiji', 'Falkland Islands', 'Micronesia', 'Faroe Islands', 'France', 'Gabon', 'United Kingdom', 'Grenada', 'Georgia', 'French Guiana', 'Guernsey', 'Ghana', 'Gibraltar', 'Greenland', 'The Gambia', 'Guinea', 'Guadeloupe', 'Equatorial Guinea', 'Greece', 'South Georgia and South Sandwich Islands', 'Guatemala', 'Guam', 'Guinea-Bissau', 'Guyana', 'Hong Kong', 'Heard and McDonald Islands', 'Honduras', 'Croatia', 'Haiti', 'Hungary', 'Indonesia', 'Ireland', 'Israel', 'Isle of Man', 'India', 'British Indian Ocean Territory', 'Iraq', 'Iran', 'Iceland', 'Italy', 'Jersey', 'Jamaica', 'Jordan', 'Japan', 'Kenya', 'Kyrgyzstan', 'Cambodia', 'Kiribati', 'Comoros', 'St Kitts and Nevis', 'North Korea', 'South Korea', 'Kuwait', 'Cayman Islands', 'Kazakhstan', 'Laos', 'Lebanon', 'Saint Lucia', 'Liechtenstein', 'Sri Lanka', 'Liberia', 'Lesotho', 'Lithuania', 'Luxembourg', 'Latvia', 'Libya', 'Morocco', 'Monaco', 'Moldova', 'Montenegro', 'Saint Martin', 'Madagascar', 'Marshall Islands', 'North Macedonia', 'Mali', 'Myanmar', 'Mongolia', 'Macao', 'Northern Mariana Islands', 'Martinique', 'Mauritania', 'Montserrat', 'Malta', 'Mauritius', 'Maldives', 'Malawi', 'Mexico', 'Malaysia', 'Mozambique', 'Namibia', 'New Caledonia', 'Niger', 'Norfolk Island', 'Nigeria', 'Nicaragua', 'The Netherlands', 'Norway', 'Nepal', 'Nauru', 'Niue', 'New Zealand', 'Oman', 'Panama', 'Peru', 'French Polynesia', 'Papua New Guinea', 'Philippines', 'Pakistan', 'Poland', 'Saint Pierre and Miquelon', 'Pitcairn Islands', 'Puerto Rico', 'Palestine', 'Portugal', 'Palau', 'Paraguay', 'Qatar', 'Réunion', 'Romania', 'Serbia', 'Russia', 'Rwanda', 'Saudi Arabia', 'Solomon Islands', 'Seychelles', 'Sudan', 'Sweden', 'Singapore', 'Saint Helena', 'Slovenia', 'Svalbard and Jan Mayen', 'Slovakia', 'Sierra Leone', 'San Marino', 'Senegal', 'Somalia', 'Suriname', 'South Sudan', 'São Tomé and Príncipe', 'El Salvador', 'Sint Maarten', 'Syria', 'Eswatini', 'Turks and Caicos Islands', 'Chad', 'French Southern Territories', 'Togo', 'Thailand', 'Tajikistan', 'Tokelau', 'Timor-Leste', 'Turkmenistan', 'Tunisia', 'Tonga', 'Türkiye', 'Trinidad and Tobago', 'Tuvalu', 'Taiwan', 'Tanzania', 'Ukraine', 'Uganda', 'U.S. Outlying Islands', 'United States', 'Uruguay', 'Uzbekistan', 'Vatican City', 'St Vincent and Grenadines', 'Venezuela', 'British Virgin Islands', 'U.S. Virgin Islands', 'Vietnam', 'Vanuatu', 'Wallis and Futuna', 'Samoa', 'Kosovo', 'Yemen', 'Mayotte', 'South Africa', 'Zambia', 'Zimbabwe']
2025-01-30 17:34:28,555 - __main__ - INFO - Response time for the request: 0.10 seconds
2025-01-30 17:34:28,556 - __main__ - INFO - ----------------------------------------------------------------------------------------------------
2025-01-30 17:35:55,900 - __main__ - INFO - Request came to fetch all countries.
2025-01-30 17:35:55,970 - __main__ - INFO - response: ['Andorra', 'United Arab Emirates', 'Afghanistan', 'Antigua and Barbuda', 'Anguilla', 'Albania', 'Armenia', 'Angola', 'Antarctica', 'Argentina', 'American Samoa', 'Austria', 'Australia', 'Aruba', 'Åland', 'Azerbaijan', 'Bosnia and Herzegovina', 'Barbados', 'Bangladesh', 'Belgium', 'Burkina Faso', 'Bulgaria', 'Bahrain', 'Burundi', 'Benin', 'Saint Barthélemy', 'Bermuda', 'Brunei', 'Bolivia', 'Bonaire, Sint Eustatius, and Saba', 'Brazil', 'Bahamas', 'Bhutan', 'Bouvet Island', 'Botswana', 'Belarus', 'Belize', 'Canada', 'Cocos (Keeling) Islands', 'DR Congo', 'Central African Republic', 'Congo Republic', 'Switzerland', 'Ivory Coast', 'Cook Islands', 'Chile', 'Cameroon', 'China', 'Colombia', 'Costa Rica', 'Cuba', 'Cabo Verde', 'Curaçao', 'Christmas Island', 'Cyprus', 'Czechia', 'Germany', 'Djibouti', 'Denmark', 'Dominica', 'Dominican Republic', 'Algeria', 'Ecuador', 'Estonia', 'Egypt', 'Western Sahara', 'Eritrea', 'Spain', 'Ethiopia', 'Finland', 'Fiji', 'Falkland Islands', 'Micronesia', 'Faroe Islands', 'France', 'Gabon', 'United Kingdom', 'Grenada', 'Georgia', 'French Guiana', 'Guernsey', 'Ghana', 'Gibraltar', 'Greenland', 'The Gambia', 'Guinea', 'Guadeloupe', 'Equatorial Guinea', 'Greece', 'South Georgia and South Sandwich Islands', 'Guatemala', 'Guam', 'Guinea-Bissau', 'Guyana', 'Hong Kong', 'Heard and McDonald Islands', 'Honduras', 'Croatia', 'Haiti', 'Hungary', 'Indonesia', 'Ireland', 'Israel', 'Isle of Man', 'India', 'British Indian Ocean Territory', 'Iraq', 'Iran', 'Iceland', 'Italy', 'Jersey', 'Jamaica', 'Jordan', 'Japan', 'Kenya', 'Kyrgyzstan', 'Cambodia', 'Kiribati', 'Comoros', 'St Kitts and Nevis', 'North Korea', 'South Korea', 'Kuwait', 'Cayman Islands', 'Kazakhstan', 'Laos', 'Lebanon', 'Saint Lucia', 'Liechtenstein', 'Sri Lanka', 'Liberia', 'Lesotho', 'Lithuania', 'Luxembourg', 'Latvia', 'Libya', 'Morocco', 'Monaco', 'Moldova', 'Montenegro', 'Saint Martin', 'Madagascar', 'Marshall Islands', 'North Macedonia', 'Mali', 'Myanmar', 'Mongolia', 'Macao', 'Northern Mariana Islands', 'Martinique', 'Mauritania', 'Montserrat', 'Malta', 'Mauritius', 'Maldives', 'Malawi', 'Mexico', 'Malaysia', 'Mozambique', 'Namibia', 'New Caledonia', 'Niger', 'Norfolk Island', 'Nigeria', 'Nicaragua', 'The Netherlands', 'Norway', 'Nepal', 'Nauru', 'Niue', 'New Zealand', 'Oman', 'Panama', 'Peru', 'French Polynesia', 'Papua New Guinea', 'Philippines', 'Pakistan', 'Poland', 'Saint Pierre and Miquelon', 'Pitcairn Islands', 'Puerto Rico', 'Palestine', 'Portugal', 'Palau', 'Paraguay', 'Qatar', 'Réunion', 'Romania', 'Serbia', 'Russia', 'Rwanda', 'Saudi Arabia', 'Solomon Islands', 'Seychelles', 'Sudan', 'Sweden', 'Singapore', 'Saint Helena', 'Slovenia', 'Svalbard and Jan Mayen', 'Slovakia', 'Sierra Leone', 'San Marino', 'Senegal', 'Somalia', 'Suriname', 'South Sudan', 'São Tomé and Príncipe', 'El Salvador', 'Sint Maarten', 'Syria', 'Eswatini', 'Turks and Caicos Islands', 'Chad', 'French Southern Territories', 'Togo', 'Thailand', 'Tajikistan', 'Tokelau', 'Timor-Leste', 'Turkmenistan', 'Tunisia', 'Tonga', 'Türkiye', 'Trinidad and Tobago', 'Tuvalu', 'Taiwan', 'Tanzania', 'Ukraine', 'Uganda', 'U.S. Outlying Islands', 'United States', 'Uruguay', 'Uzbekistan', 'Vatican City', 'St Vincent and Grenadines', 'Venezuela', 'British Virgin Islands', 'U.S. Virgin Islands', 'Vietnam', 'Vanuatu', 'Wallis and Futuna', 'Samoa', 'Kosovo', 'Yemen', 'Mayotte', 'South Africa', 'Zambia', 'Zimbabwe']
2025-01-30 17:35:55,974 - __main__ - INFO - Response time for the request: 0.07 seconds
2025-01-30 17:35:55,975 - __main__ - INFO - ----------------------------------------------------------------------------------------------------
2025-01-30 17:36:48,613 - __main__ - INFO - Request came to fetch all countries.
2025-01-30 17:36:48,800 - __main__ - INFO - response: ['Andorra', 'United Arab Emirates', 'Afghanistan', 'Antigua and Barbuda', 'Anguilla', 'Albania', 'Armenia', 'Angola', 'Antarctica', 'Argentina', 'American Samoa', 'Austria', 'Australia', 'Aruba', 'Åland', 'Azerbaijan', 'Bosnia and Herzegovina', 'Barbados', 'Bangladesh', 'Belgium', 'Burkina Faso', 'Bulgaria', 'Bahrain', 'Burundi', 'Benin', 'Saint Barthélemy', 'Bermuda', 'Brunei', 'Bolivia', 'Bonaire, Sint Eustatius, and Saba', 'Brazil', 'Bahamas', 'Bhutan', 'Bouvet Island', 'Botswana', 'Belarus', 'Belize', 'Canada', 'Cocos (Keeling) Islands', 'DR Congo', 'Central African Republic', 'Congo Republic', 'Switzerland', 'Ivory Coast', 'Cook Islands', 'Chile', 'Cameroon', 'China', 'Colombia', 'Costa Rica', 'Cuba', 'Cabo Verde', 'Curaçao', 'Christmas Island', 'Cyprus', 'Czechia', 'Germany', 'Djibouti', 'Denmark', 'Dominica', 'Dominican Republic', 'Algeria', 'Ecuador', 'Estonia', 'Egypt', 'Western Sahara', 'Eritrea', 'Spain', 'Ethiopia', 'Finland', 'Fiji', 'Falkland Islands', 'Micronesia', 'Faroe Islands', 'France', 'Gabon', 'United Kingdom', 'Grenada', 'Georgia', 'French Guiana', 'Guernsey', 'Ghana', 'Gibraltar', 'Greenland', 'The Gambia', 'Guinea', 'Guadeloupe', 'Equatorial Guinea', 'Greece', 'South Georgia and South Sandwich Islands', 'Guatemala', 'Guam', 'Guinea-Bissau', 'Guyana', 'Hong Kong', 'Heard and McDonald Islands', 'Honduras', 'Croatia', 'Haiti', 'Hungary', 'Indonesia', 'Ireland', 'Israel', 'Isle of Man', 'India', 'British Indian Ocean Territory', 'Iraq', 'Iran', 'Iceland', 'Italy', 'Jersey', 'Jamaica', 'Jordan', 'Japan', 'Kenya', 'Kyrgyzstan', 'Cambodia', 'Kiribati', 'Comoros', 'St Kitts and Nevis', 'North Korea', 'South Korea', 'Kuwait', 'Cayman Islands', 'Kazakhstan', 'Laos', 'Lebanon', 'Saint Lucia', 'Liechtenstein', 'Sri Lanka', 'Liberia', 'Lesotho', 'Lithuania', 'Luxembourg', 'Latvia', 'Libya', 'Morocco', 'Monaco', 'Moldova', 'Montenegro', 'Saint Martin', 'Madagascar', 'Marshall Islands', 'North Macedonia', 'Mali', 'Myanmar', 'Mongolia', 'Macao', 'Northern Mariana Islands', 'Martinique', 'Mauritania', 'Montserrat', 'Malta', 'Mauritius', 'Maldives', 'Malawi', 'Mexico', 'Malaysia', 'Mozambique', 'Namibia', 'New Caledonia', 'Niger', 'Norfolk Island', 'Nigeria', 'Nicaragua', 'The Netherlands', 'Norway', 'Nepal', 'Nauru', 'Niue', 'New Zealand', 'Oman', 'Panama', 'Peru', 'French Polynesia', 'Papua New Guinea', 'Philippines', 'Pakistan', 'Poland', 'Saint Pierre and Miquelon', 'Pitcairn Islands', 'Puerto Rico', 'Palestine', 'Portugal', 'Palau', 'Paraguay', 'Qatar', 'Réunion', 'Romania', 'Serbia', 'Russia', 'Rwanda', 'Saudi Arabia', 'Solomon Islands', 'Seychelles', 'Sudan', 'Sweden', 'Singapore', 'Saint Helena', 'Slovenia', 'Svalbard and Jan Mayen', 'Slovakia', 'Sierra Leone', 'San Marino', 'Senegal', 'Somalia', 'Suriname', 'South Sudan', 'São Tomé and Príncipe', 'El Salvador', 'Sint Maarten', 'Syria', 'Eswatini', 'Turks and Caicos Islands', 'Chad', 'French Southern Territories', 'Togo', 'Thailand', 'Tajikistan', 'Tokelau', 'Timor-Leste', 'Turkmenistan', 'Tunisia', 'Tonga', 'Türkiye', 'Trinidad and Tobago', 'Tuvalu', 'Taiwan', 'Tanzania', 'Ukraine', 'Uganda', 'U.S. Outlying Islands', 'United States', 'Uruguay', 'Uzbekistan', 'Vatican City', 'St Vincent and Grenadines', 'Venezuela', 'British Virgin Islands', 'U.S. Virgin Islands', 'Vietnam', 'Vanuatu', 'Wallis and Futuna', 'Samoa', 'Kosovo', 'Yemen', 'Mayotte', 'South Africa', 'Zambia', 'Zimbabwe']
2025-01-30 17:36:48,805 - __main__ - INFO - Response time for the request: 0.19 seconds
2025-01-30 17:36:48,806 - __main__ - INFO - ----------------------------------------------------------------------------------------------------
2025-01-30 17:36:57,630 - __main__ - INFO - Request came to fetch all countries.
2025-01-30 17:36:57,812 - __main__ - INFO - response: ['Andorra', 'United Arab Emirates', 'Afghanistan', 'Antigua and Barbuda', 'Anguilla', 'Albania', 'Armenia', 'Angola', 'Antarctica', 'Argentina', 'American Samoa', 'Austria', 'Australia', 'Aruba', 'Åland', 'Azerbaijan', 'Bosnia and Herzegovina', 'Barbados', 'Bangladesh', 'Belgium', 'Burkina Faso', 'Bulgaria', 'Bahrain', 'Burundi', 'Benin', 'Saint Barthélemy', 'Bermuda', 'Brunei', 'Bolivia', 'Bonaire, Sint Eustatius, and Saba', 'Brazil', 'Bahamas', 'Bhutan', 'Bouvet Island', 'Botswana', 'Belarus', 'Belize', 'Canada', 'Cocos (Keeling) Islands', 'DR Congo', 'Central African Republic', 'Congo Republic', 'Switzerland', 'Ivory Coast', 'Cook Islands', 'Chile', 'Cameroon', 'China', 'Colombia', 'Costa Rica', 'Cuba', 'Cabo Verde', 'Curaçao', 'Christmas Island', 'Cyprus', 'Czechia', 'Germany', 'Djibouti', 'Denmark', 'Dominica', 'Dominican Republic', 'Algeria', 'Ecuador', 'Estonia', 'Egypt', 'Western Sahara', 'Eritrea', 'Spain', 'Ethiopia', 'Finland', 'Fiji', 'Falkland Islands', 'Micronesia', 'Faroe Islands', 'France', 'Gabon', 'United Kingdom', 'Grenada', 'Georgia', 'French Guiana', 'Guernsey', 'Ghana', 'Gibraltar', 'Greenland', 'The Gambia', 'Guinea', 'Guadeloupe', 'Equatorial Guinea', 'Greece', 'South Georgia and South Sandwich Islands', 'Guatemala', 'Guam', 'Guinea-Bissau', 'Guyana', 'Hong Kong', 'Heard and McDonald Islands', 'Honduras', 'Croatia', 'Haiti', 'Hungary', 'Indonesia', 'Ireland', 'Israel', 'Isle of Man', 'India', 'British Indian Ocean Territory', 'Iraq', 'Iran', 'Iceland', 'Italy', 'Jersey', 'Jamaica', 'Jordan', 'Japan', 'Kenya', 'Kyrgyzstan', 'Cambodia', 'Kiribati', 'Comoros', 'St Kitts and Nevis', 'North Korea', 'South Korea', 'Kuwait', 'Cayman Islands', 'Kazakhstan', 'Laos', 'Lebanon', 'Saint Lucia', 'Liechtenstein', 'Sri Lanka', 'Liberia', 'Lesotho', 'Lithuania', 'Luxembourg', 'Latvia', 'Libya', 'Morocco', 'Monaco', 'Moldova', 'Montenegro', 'Saint Martin', 'Madagascar', 'Marshall Islands', 'North Macedonia', 'Mali', 'Myanmar', 'Mongolia', 'Macao', 'Northern Mariana Islands', 'Martinique', 'Mauritania', 'Montserrat', 'Malta', 'Mauritius', 'Maldives', 'Malawi', 'Mexico', 'Malaysia', 'Mozambique', 'Namibia', 'New Caledonia', 'Niger', 'Norfolk Island', 'Nigeria', 'Nicaragua', 'The Netherlands', 'Norway', 'Nepal', 'Nauru', 'Niue', 'New Zealand', 'Oman', 'Panama', 'Peru', 'French Polynesia', 'Papua New Guinea', 'Philippines', 'Pakistan', 'Poland', 'Saint Pierre and Miquelon', 'Pitcairn Islands', 'Puerto Rico', 'Palestine', 'Portugal', 'Palau', 'Paraguay', 'Qatar', 'Réunion', 'Romania', 'Serbia', 'Russia', 'Rwanda', 'Saudi Arabia', 'Solomon Islands', 'Seychelles', 'Sudan', 'Sweden', 'Singapore', 'Saint Helena', 'Slovenia', 'Svalbard and Jan Mayen', 'Slovakia', 'Sierra Leone', 'San Marino', 'Senegal', 'Somalia', 'Suriname', 'South Sudan', 'São Tomé and Príncipe', 'El Salvador', 'Sint Maarten', 'Syria', 'Eswatini', 'Turks and Caicos Islands', 'Chad', 'French Southern Territories', 'Togo', 'Thailand', 'Tajikistan', 'Tokelau', 'Timor-Leste', 'Turkmenistan', 'Tunisia', 'Tonga', 'Türkiye', 'Trinidad and Tobago', 'Tuvalu', 'Taiwan', 'Tanzania', 'Ukraine', 'Uganda', 'U.S. Outlying Islands', 'United States', 'Uruguay', 'Uzbekistan', 'Vatican City', 'St Vincent and Grenadines', 'Venezuela', 'British Virgin Islands', 'U.S. Virgin Islands', 'Vietnam', 'Vanuatu', 'Wallis and Futuna', 'Samoa', 'Kosovo', 'Yemen', 'Mayotte', 'South Africa', 'Zambia', 'Zimbabwe']
2025-01-30 17:36:57,816 - __main__ - INFO - Response time for the request: 0.19 seconds
2025-01-30 17:36:57,816 - __main__ - INFO - ----------------------------------------------------------------------------------------------------
2025-01-30 17:36:57,872 - __main__ - INFO - Request came to fetch all countries.
2025-01-30 17:36:57,993 - __main__ - INFO - response: ['Andorra', 'United Arab Emirates', 'Afghanistan', 'Antigua and Barbuda', 'Anguilla', 'Albania', 'Armenia', 'Angola', 'Antarctica', 'Argentina', 'American Samoa', 'Austria', 'Australia', 'Aruba', 'Åland', 'Azerbaijan', 'Bosnia and Herzegovina', 'Barbados', 'Bangladesh', 'Belgium', 'Burkina Faso', 'Bulgaria', 'Bahrain', 'Burundi', 'Benin', 'Saint Barthélemy', 'Bermuda', 'Brunei', 'Bolivia', 'Bonaire, Sint Eustatius, and Saba', 'Brazil', 'Bahamas', 'Bhutan', 'Bouvet Island', 'Botswana', 'Belarus', 'Belize', 'Canada', 'Cocos (Keeling) Islands', 'DR Congo', 'Central African Republic', 'Congo Republic', 'Switzerland', 'Ivory Coast', 'Cook Islands', 'Chile', 'Cameroon', 'China', 'Colombia', 'Costa Rica', 'Cuba', 'Cabo Verde', 'Curaçao', 'Christmas Island', 'Cyprus', 'Czechia', 'Germany', 'Djibouti', 'Denmark', 'Dominica', 'Dominican Republic', 'Algeria', 'Ecuador', 'Estonia', 'Egypt', 'Western Sahara', 'Eritrea', 'Spain', 'Ethiopia', 'Finland', 'Fiji', 'Falkland Islands', 'Micronesia', 'Faroe Islands', 'France', 'Gabon', 'United Kingdom', 'Grenada', 'Georgia', 'French Guiana', 'Guernsey', 'Ghana', 'Gibraltar', 'Greenland', 'The Gambia', 'Guinea', 'Guadeloupe', 'Equatorial Guinea', 'Greece', 'South Georgia and South Sandwich Islands', 'Guatemala', 'Guam', 'Guinea-Bissau', 'Guyana', 'Hong Kong', 'Heard and McDonald Islands', 'Honduras', 'Croatia', 'Haiti', 'Hungary', 'Indonesia', 'Ireland', 'Israel', 'Isle of Man', 'India', 'British Indian Ocean Territory', 'Iraq', 'Iran', 'Iceland', 'Italy', 'Jersey', 'Jamaica', 'Jordan', 'Japan', 'Kenya', 'Kyrgyzstan', 'Cambodia', 'Kiribati', 'Comoros', 'St Kitts and Nevis', 'North Korea', 'South Korea', 'Kuwait', 'Cayman Islands', 'Kazakhstan', 'Laos', 'Lebanon', 'Saint Lucia', 'Liechtenstein', 'Sri Lanka', 'Liberia', 'Lesotho', 'Lithuania', 'Luxembourg', 'Latvia', 'Libya', 'Morocco', 'Monaco', 'Moldova', 'Montenegro', 'Saint Martin', 'Madagascar', 'Marshall Islands', 'North Macedonia', 'Mali', 'Myanmar', 'Mongolia', 'Macao', 'Northern Mariana Islands', 'Martinique', 'Mauritania', 'Montserrat', 'Malta', 'Mauritius', 'Maldives', 'Malawi', 'Mexico', 'Malaysia', 'Mozambique', 'Namibia', 'New Caledonia', 'Niger', 'Norfolk Island', 'Nigeria', 'Nicaragua', 'The Netherlands', 'Norway', 'Nepal', 'Nauru', 'Niue', 'New Zealand', 'Oman', 'Panama', 'Peru', 'French Polynesia', 'Papua New Guinea', 'Philippines', 'Pakistan', 'Poland', 'Saint Pierre and Miquelon', 'Pitcairn Islands', 'Puerto Rico', 'Palestine', 'Portugal', 'Palau', 'Paraguay', 'Qatar', 'Réunion', 'Romania', 'Serbia', 'Russia', 'Rwanda', 'Saudi Arabia', 'Solomon Islands', 'Seychelles', 'Sudan', 'Sweden', 'Singapore', 'Saint Helena', 'Slovenia', 'Svalbard and Jan Mayen', 'Slovakia', 'Sierra Leone', 'San Marino', 'Senegal', 'Somalia', 'Suriname', 'South Sudan', 'São Tomé and Príncipe', 'El Salvador', 'Sint Maarten', 'Syria', 'Eswatini', 'Turks and Caicos Islands', 'Chad', 'French Southern Territories', 'Togo', 'Thailand', 'Tajikistan', 'Tokelau', 'Timor-Leste', 'Turkmenistan', 'Tunisia', 'Tonga', 'Türkiye', 'Trinidad and Tobago', 'Tuvalu', 'Taiwan', 'Tanzania', 'Ukraine', 'Uganda', 'U.S. Outlying Islands', 'United States', 'Uruguay', 'Uzbekistan', 'Vatican City', 'St Vincent and Grenadines', 'Venezuela', 'British Virgin Islands', 'U.S. Virgin Islands', 'Vietnam', 'Vanuatu', 'Wallis and Futuna', 'Samoa', 'Kosovo', 'Yemen', 'Mayotte', 'South Africa', 'Zambia', 'Zimbabwe']
2025-01-30 17:36:58,003 - __main__ - INFO - Response time for the request: 0.13 seconds
2025-01-30 17:36:58,003 - __main__ - INFO - ----------------------------------------------------------------------------------------------------
2025-01-30 17:36:59,919 - __main__ - INFO - Request came to fetch all countries.
2025-01-30 17:37:00,001 - __main__ - INFO - response: ['Andorra', 'United Arab Emirates', 'Afghanistan', 'Antigua and Barbuda', 'Anguilla', 'Albania', 'Armenia', 'Angola', 'Antarctica', 'Argentina', 'American Samoa', 'Austria', 'Australia', 'Aruba', 'Åland', 'Azerbaijan', 'Bosnia and Herzegovina', 'Barbados', 'Bangladesh', 'Belgium', 'Burkina Faso', 'Bulgaria', 'Bahrain', 'Burundi', 'Benin', 'Saint Barthélemy', 'Bermuda', 'Brunei', 'Bolivia', 'Bonaire, Sint Eustatius, and Saba', 'Brazil', 'Bahamas', 'Bhutan', 'Bouvet Island', 'Botswana', 'Belarus', 'Belize', 'Canada', 'Cocos (Keeling) Islands', 'DR Congo', 'Central African Republic', 'Congo Republic', 'Switzerland', 'Ivory Coast', 'Cook Islands', 'Chile', 'Cameroon', 'China', 'Colombia', 'Costa Rica', 'Cuba', 'Cabo Verde', 'Curaçao', 'Christmas Island', 'Cyprus', 'Czechia', 'Germany', 'Djibouti', 'Denmark', 'Dominica', 'Dominican Republic', 'Algeria', 'Ecuador', 'Estonia', 'Egypt', 'Western Sahara', 'Eritrea', 'Spain', 'Ethiopia', 'Finland', 'Fiji', 'Falkland Islands', 'Micronesia', 'Faroe Islands', 'France', 'Gabon', 'United Kingdom', 'Grenada', 'Georgia', 'French Guiana', 'Guernsey', 'Ghana', 'Gibraltar', 'Greenland', 'The Gambia', 'Guinea', 'Guadeloupe', 'Equatorial Guinea', 'Greece', 'South Georgia and South Sandwich Islands', 'Guatemala', 'Guam', 'Guinea-Bissau', 'Guyana', 'Hong Kong', 'Heard and McDonald Islands', 'Honduras', 'Croatia', 'Haiti', 'Hungary', 'Indonesia', 'Ireland', 'Israel', 'Isle of Man', 'India', 'British Indian Ocean Territory', 'Iraq', 'Iran', 'Iceland', 'Italy', 'Jersey', 'Jamaica', 'Jordan', 'Japan', 'Kenya', 'Kyrgyzstan', 'Cambodia', 'Kiribati', 'Comoros', 'St Kitts and Nevis', 'North Korea', 'South Korea', 'Kuwait', 'Cayman Islands', 'Kazakhstan', 'Laos', 'Lebanon', 'Saint Lucia', 'Liechtenstein', 'Sri Lanka', 'Liberia', 'Lesotho', 'Lithuania', 'Luxembourg', 'Latvia', 'Libya', 'Morocco', 'Monaco', 'Moldova', 'Montenegro', 'Saint Martin', 'Madagascar', 'Marshall Islands', 'North Macedonia', 'Mali', 'Myanmar', 'Mongolia', 'Macao', 'Northern Mariana Islands', 'Martinique', 'Mauritania', 'Montserrat', 'Malta', 'Mauritius', 'Maldives', 'Malawi', 'Mexico', 'Malaysia', 'Mozambique', 'Namibia', 'New Caledonia', 'Niger', 'Norfolk Island', 'Nigeria', 'Nicaragua', 'The Netherlands', 'Norway', 'Nepal', 'Nauru', 'Niue', 'New Zealand', 'Oman', 'Panama', 'Peru', 'French Polynesia', 'Papua New Guinea', 'Philippines', 'Pakistan', 'Poland', 'Saint Pierre and Miquelon', 'Pitcairn Islands', 'Puerto Rico', 'Palestine', 'Portugal', 'Palau', 'Paraguay', 'Qatar', 'Réunion', 'Romania', 'Serbia', 'Russia', 'Rwanda', 'Saudi Arabia', 'Solomon Islands', 'Seychelles', 'Sudan', 'Sweden', 'Singapore', 'Saint Helena', 'Slovenia', 'Svalbard and Jan Mayen', 'Slovakia', 'Sierra Leone', 'San Marino', 'Senegal', 'Somalia', 'Suriname', 'South Sudan', 'São Tomé and Príncipe', 'El Salvador', 'Sint Maarten', 'Syria', 'Eswatini', 'Turks and Caicos Islands', 'Chad', 'French Southern Territories', 'Togo', 'Thailand', 'Tajikistan', 'Tokelau', 'Timor-Leste', 'Turkmenistan', 'Tunisia', 'Tonga', 'Türkiye', 'Trinidad and Tobago', 'Tuvalu', 'Taiwan', 'Tanzania', 'Ukraine', 'Uganda', 'U.S. Outlying Islands', 'United States', 'Uruguay', 'Uzbekistan', 'Vatican City', 'St Vincent and Grenadines', 'Venezuela', 'British Virgin Islands', 'U.S. Virgin Islands', 'Vietnam', 'Vanuatu', 'Wallis and Futuna', 'Samoa', 'Kosovo', 'Yemen', 'Mayotte', 'South Africa', 'Zambia', 'Zimbabwe']
2025-01-30 17:37:00,006 - __main__ - INFO - Response time for the request: 0.09 seconds
2025-01-30 17:37:00,006 - __main__ - INFO - ----------------------------------------------------------------------------------------------------
2025-01-30 17:37:00,333 - __main__ - INFO - Request came to fetch all countries.
2025-01-30 17:37:00,453 - __main__ - INFO - response: ['Andorra', 'United Arab Emirates', 'Afghanistan', 'Antigua and Barbuda', 'Anguilla', 'Albania', 'Armenia', 'Angola', 'Antarctica', 'Argentina', 'American Samoa', 'Austria', 'Australia', 'Aruba', 'Åland', 'Azerbaijan', 'Bosnia and Herzegovina', 'Barbados', 'Bangladesh', 'Belgium', 'Burkina Faso', 'Bulgaria', 'Bahrain', 'Burundi', 'Benin', 'Saint Barthélemy', 'Bermuda', 'Brunei', 'Bolivia', 'Bonaire, Sint Eustatius, and Saba', 'Brazil', 'Bahamas', 'Bhutan', 'Bouvet Island', 'Botswana', 'Belarus', 'Belize', 'Canada', 'Cocos (Keeling) Islands', 'DR Congo', 'Central African Republic', 'Congo Republic', 'Switzerland', 'Ivory Coast', 'Cook Islands', 'Chile', 'Cameroon', 'China', 'Colombia', 'Costa Rica', 'Cuba', 'Cabo Verde', 'Curaçao', 'Christmas Island', 'Cyprus', 'Czechia', 'Germany', 'Djibouti', 'Denmark', 'Dominica', 'Dominican Republic', 'Algeria', 'Ecuador', 'Estonia', 'Egypt', 'Western Sahara', 'Eritrea', 'Spain', 'Ethiopia', 'Finland', 'Fiji', 'Falkland Islands', 'Micronesia', 'Faroe Islands', 'France', 'Gabon', 'United Kingdom', 'Grenada', 'Georgia', 'French Guiana', 'Guernsey', 'Ghana', 'Gibraltar', 'Greenland', 'The Gambia', 'Guinea', 'Guadeloupe', 'Equatorial Guinea', 'Greece', 'South Georgia and South Sandwich Islands', 'Guatemala', 'Guam', 'Guinea-Bissau', 'Guyana', 'Hong Kong', 'Heard and McDonald Islands', 'Honduras', 'Croatia', 'Haiti', 'Hungary', 'Indonesia', 'Ireland', 'Israel', 'Isle of Man', 'India', 'British Indian Ocean Territory', 'Iraq', 'Iran', 'Iceland', 'Italy', 'Jersey', 'Jamaica', 'Jordan', 'Japan', 'Kenya', 'Kyrgyzstan', 'Cambodia', 'Kiribati', 'Comoros', 'St Kitts and Nevis', 'North Korea', 'South Korea', 'Kuwait', 'Cayman Islands', 'Kazakhstan', 'Laos', 'Lebanon', 'Saint Lucia', 'Liechtenstein', 'Sri Lanka', 'Liberia', 'Lesotho', 'Lithuania', 'Luxembourg', 'Latvia', 'Libya', 'Morocco', 'Monaco', 'Moldova', 'Montenegro', 'Saint Martin', 'Madagascar', 'Marshall Islands', 'North Macedonia', 'Mali', 'Myanmar', 'Mongolia', 'Macao', 'Northern Mariana Islands', 'Martinique', 'Mauritania', 'Montserrat', 'Malta', 'Mauritius', 'Maldives', 'Malawi', 'Mexico', 'Malaysia', 'Mozambique', 'Namibia', 'New Caledonia', 'Niger', 'Norfolk Island', 'Nigeria', 'Nicaragua', 'The Netherlands', 'Norway', 'Nepal', 'Nauru', 'Niue', 'New Zealand', 'Oman', 'Panama', 'Peru', 'French Polynesia', 'Papua New Guinea', 'Philippines', 'Pakistan', 'Poland', 'Saint Pierre and Miquelon', 'Pitcairn Islands', 'Puerto Rico', 'Palestine', 'Portugal', 'Palau', 'Paraguay', 'Qatar', 'Réunion', 'Romania', 'Serbia', 'Russia', 'Rwanda', 'Saudi Arabia', 'Solomon Islands', 'Seychelles', 'Sudan', 'Sweden', 'Singapore', 'Saint Helena', 'Slovenia', 'Svalbard and Jan Mayen', 'Slovakia', 'Sierra Leone', 'San Marino', 'Senegal', 'Somalia', 'Suriname', 'South Sudan', 'São Tomé and Príncipe', 'El Salvador', 'Sint Maarten', 'Syria', 'Eswatini', 'Turks and Caicos Islands', 'Chad', 'French Southern Territories', 'Togo', 'Thailand', 'Tajikistan', 'Tokelau', 'Timor-Leste', 'Turkmenistan', 'Tunisia', 'Tonga', 'Türkiye', 'Trinidad and Tobago', 'Tuvalu', 'Taiwan', 'Tanzania', 'Ukraine', 'Uganda', 'U.S. Outlying Islands', 'United States', 'Uruguay', 'Uzbekistan', 'Vatican City', 'St Vincent and Grenadines', 'Venezuela', 'British Virgin Islands', 'U.S. Virgin Islands', 'Vietnam', 'Vanuatu', 'Wallis and Futuna', 'Samoa', 'Kosovo', 'Yemen', 'Mayotte', 'South Africa', 'Zambia', 'Zimbabwe']
2025-01-30 17:37:00,456 - __main__ - INFO - Response time for the request: 0.12 seconds
2025-01-30 17:37:00,457 - __main__ - INFO - ----------------------------------------------------------------------------------------------------
2025-01-30 17:37:01,315 - __main__ - INFO - Request came to fetch all countries.
2025-01-30 17:37:01,477 - __main__ - INFO - response: ['Andorra', 'United Arab Emirates', 'Afghanistan', 'Antigua and Barbuda', 'Anguilla', 'Albania', 'Armenia', 'Angola', 'Antarctica', 'Argentina', 'American Samoa', 'Austria', 'Australia', 'Aruba', 'Åland', 'Azerbaijan', 'Bosnia and Herzegovina', 'Barbados', 'Bangladesh', 'Belgium', 'Burkina Faso', 'Bulgaria', 'Bahrain', 'Burundi', 'Benin', 'Saint Barthélemy', 'Bermuda', 'Brunei', 'Bolivia', 'Bonaire, Sint Eustatius, and Saba', 'Brazil', 'Bahamas', 'Bhutan', 'Bouvet Island', 'Botswana', 'Belarus', 'Belize', 'Canada', 'Cocos (Keeling) Islands', 'DR Congo', 'Central African Republic', 'Congo Republic', 'Switzerland', 'Ivory Coast', 'Cook Islands', 'Chile', 'Cameroon', 'China', 'Colombia', 'Costa Rica', 'Cuba', 'Cabo Verde', 'Curaçao', 'Christmas Island', 'Cyprus', 'Czechia', 'Germany', 'Djibouti', 'Denmark', 'Dominica', 'Dominican Republic', 'Algeria', 'Ecuador', 'Estonia', 'Egypt', 'Western Sahara', 'Eritrea', 'Spain', 'Ethiopia', 'Finland', 'Fiji', 'Falkland Islands', 'Micronesia', 'Faroe Islands', 'France', 'Gabon', 'United Kingdom', 'Grenada', 'Georgia', 'French Guiana', 'Guernsey', 'Ghana', 'Gibraltar', 'Greenland', 'The Gambia', 'Guinea', 'Guadeloupe', 'Equatorial Guinea', 'Greece', 'South Georgia and South Sandwich Islands', 'Guatemala', 'Guam', 'Guinea-Bissau', 'Guyana', 'Hong Kong', 'Heard and McDonald Islands', 'Honduras', 'Croatia', 'Haiti', 'Hungary', 'Indonesia', 'Ireland', 'Israel', 'Isle of Man', 'India', 'British Indian Ocean Territory', 'Iraq', 'Iran', 'Iceland', 'Italy', 'Jersey', 'Jamaica', 'Jordan', 'Japan', 'Kenya', 'Kyrgyzstan', 'Cambodia', 'Kiribati', 'Comoros', 'St Kitts and Nevis', 'North Korea', 'South Korea', 'Kuwait', 'Cayman Islands', 'Kazakhstan', 'Laos', 'Lebanon', 'Saint Lucia', 'Liechtenstein', 'Sri Lanka', 'Liberia', 'Lesotho', 'Lithuania', 'Luxembourg', 'Latvia', 'Libya', 'Morocco', 'Monaco', 'Moldova', 'Montenegro', 'Saint Martin', 'Madagascar', 'Marshall Islands', 'North Macedonia', 'Mali', 'Myanmar', 'Mongolia', 'Macao', 'Northern Mariana Islands', 'Martinique', 'Mauritania', 'Montserrat', 'Malta', 'Mauritius', 'Maldives', 'Malawi', 'Mexico', 'Malaysia', 'Mozambique', 'Namibia', 'New Caledonia', 'Niger', 'Norfolk Island', 'Nigeria', 'Nicaragua', 'The Netherlands', 'Norway', 'Nepal', 'Nauru', 'Niue', 'New Zealand', 'Oman', 'Panama', 'Peru', 'French Polynesia', 'Papua New Guinea', 'Philippines', 'Pakistan', 'Poland', 'Saint Pierre and Miquelon', 'Pitcairn Islands', 'Puerto Rico', 'Palestine', 'Portugal', 'Palau', 'Paraguay', 'Qatar', 'Réunion', 'Romania', 'Serbia', 'Russia', 'Rwanda', 'Saudi Arabia', 'Solomon Islands', 'Seychelles', 'Sudan', 'Sweden', 'Singapore', 'Saint Helena', 'Slovenia', 'Svalbard and Jan Mayen', 'Slovakia', 'Sierra Leone', 'San Marino', 'Senegal', 'Somalia', 'Suriname', 'South Sudan', 'São Tomé and Príncipe', 'El Salvador', 'Sint Maarten', 'Syria', 'Eswatini', 'Turks and Caicos Islands', 'Chad', 'French Southern Territories', 'Togo', 'Thailand', 'Tajikistan', 'Tokelau', 'Timor-Leste', 'Turkmenistan', 'Tunisia', 'Tonga', 'Türkiye', 'Trinidad and Tobago', 'Tuvalu', 'Taiwan', 'Tanzania', 'Ukraine', 'Uganda', 'U.S. Outlying Islands', 'United States', 'Uruguay', 'Uzbekistan', 'Vatican City', 'St Vincent and Grenadines', 'Venezuela', 'British Virgin Islands', 'U.S. Virgin Islands', 'Vietnam', 'Vanuatu', 'Wallis and Futuna', 'Samoa', 'Kosovo', 'Yemen', 'Mayotte', 'South Africa', 'Zambia', 'Zimbabwe']
2025-01-30 17:37:01,485 - __main__ - INFO - Response time for the request: 0.17 seconds
2025-01-30 17:37:01,485 - __main__ - INFO - ----------------------------------------------------------------------------------------------------
2025-01-30 17:37:01,562 - __main__ - INFO - Request came to fetch all countries.
2025-01-30 17:37:01,664 - __main__ - INFO - response: ['Andorra', 'United Arab Emirates', 'Afghanistan', 'Antigua and Barbuda', 'Anguilla', 'Albania', 'Armenia', 'Angola', 'Antarctica', 'Argentina', 'American Samoa', 'Austria', 'Australia', 'Aruba', 'Åland', 'Azerbaijan', 'Bosnia and Herzegovina', 'Barbados', 'Bangladesh', 'Belgium', 'Burkina Faso', 'Bulgaria', 'Bahrain', 'Burundi', 'Benin', 'Saint Barthélemy', 'Bermuda', 'Brunei', 'Bolivia', 'Bonaire, Sint Eustatius, and Saba', 'Brazil', 'Bahamas', 'Bhutan', 'Bouvet Island', 'Botswana', 'Belarus', 'Belize', 'Canada', 'Cocos (Keeling) Islands', 'DR Congo', 'Central African Republic', 'Congo Republic', 'Switzerland', 'Ivory Coast', 'Cook Islands', 'Chile', 'Cameroon', 'China', 'Colombia', 'Costa Rica', 'Cuba', 'Cabo Verde', 'Curaçao', 'Christmas Island', 'Cyprus', 'Czechia', 'Germany', 'Djibouti', 'Denmark', 'Dominica', 'Dominican Republic', 'Algeria', 'Ecuador', 'Estonia', 'Egypt', 'Western Sahara', 'Eritrea', 'Spain', 'Ethiopia', 'Finland', 'Fiji', 'Falkland Islands', 'Micronesia', 'Faroe Islands', 'France', 'Gabon', 'United Kingdom', 'Grenada', 'Georgia', 'French Guiana', 'Guernsey', 'Ghana', 'Gibraltar', 'Greenland', 'The Gambia', 'Guinea', 'Guadeloupe', 'Equatorial Guinea', 'Greece', 'South Georgia and South Sandwich Islands', 'Guatemala', 'Guam', 'Guinea-Bissau', 'Guyana', 'Hong Kong', 'Heard and McDonald Islands', 'Honduras', 'Croatia', 'Haiti', 'Hungary', 'Indonesia', 'Ireland', 'Israel', 'Isle of Man', 'India', 'British Indian Ocean Territory', 'Iraq', 'Iran', 'Iceland', 'Italy', 'Jersey', 'Jamaica', 'Jordan', 'Japan', 'Kenya', 'Kyrgyzstan', 'Cambodia', 'Kiribati', 'Comoros', 'St Kitts and Nevis', 'North Korea', 'South Korea', 'Kuwait', 'Cayman Islands', 'Kazakhstan', 'Laos', 'Lebanon', 'Saint Lucia', 'Liechtenstein', 'Sri Lanka', 'Liberia', 'Lesotho', 'Lithuania', 'Luxembourg', 'Latvia', 'Libya', 'Morocco', 'Monaco', 'Moldova', 'Montenegro', 'Saint Martin', 'Madagascar', 'Marshall Islands', 'North Macedonia', 'Mali', 'Myanmar', 'Mongolia', 'Macao', 'Northern Mariana Islands', 'Martinique', 'Mauritania', 'Montserrat', 'Malta', 'Mauritius', 'Maldives', 'Malawi', 'Mexico', 'Malaysia', 'Mozambique', 'Namibia', 'New Caledonia', 'Niger', 'Norfolk Island', 'Nigeria', 'Nicaragua', 'The Netherlands', 'Norway', 'Nepal', 'Nauru', 'Niue', 'New Zealand', 'Oman', 'Panama', 'Peru', 'French Polynesia', 'Papua New Guinea', 'Philippines', 'Pakistan', 'Poland', 'Saint Pierre and Miquelon', 'Pitcairn Islands', 'Puerto Rico', 'Palestine', 'Portugal', 'Palau', 'Paraguay', 'Qatar', 'Réunion', 'Romania', 'Serbia', 'Russia', 'Rwanda', 'Saudi Arabia', 'Solomon Islands', 'Seychelles', 'Sudan', 'Sweden', 'Singapore', 'Saint Helena', 'Slovenia', 'Svalbard and Jan Mayen', 'Slovakia', 'Sierra Leone', 'San Marino', 'Senegal', 'Somalia', 'Suriname', 'South Sudan', 'São Tomé and Príncipe', 'El Salvador', 'Sint Maarten', 'Syria', 'Eswatini', 'Turks and Caicos Islands', 'Chad', 'French Southern Territories', 'Togo', 'Thailand', 'Tajikistan', 'Tokelau', 'Timor-Leste', 'Turkmenistan', 'Tunisia', 'Tonga', 'Türkiye', 'Trinidad and Tobago', 'Tuvalu', 'Taiwan', 'Tanzania', 'Ukraine', 'Uganda', 'U.S. Outlying Islands', 'United States', 'Uruguay', 'Uzbekistan', 'Vatican City', 'St Vincent and Grenadines', 'Venezuela', 'British Virgin Islands', 'U.S. Virgin Islands', 'Vietnam', 'Vanuatu', 'Wallis and Futuna', 'Samoa', 'Kosovo', 'Yemen', 'Mayotte', 'South Africa', 'Zambia', 'Zimbabwe']
2025-01-30 17:37:01,667 - __main__ - INFO - Response time for the request: 0.11 seconds
2025-01-30 17:37:01,668 - __main__ - INFO - ----------------------------------------------------------------------------------------------------
2025-01-30 17:37:01,877 - __main__ - INFO - Request came to fetch all countries.
2025-01-30 17:37:02,146 - __main__ - INFO - response: ['Andorra', 'United Arab Emirates', 'Afghanistan', 'Antigua and Barbuda', 'Anguilla', 'Albania', 'Armenia', 'Angola', 'Antarctica', 'Argentina', 'American Samoa', 'Austria', 'Australia', 'Aruba', 'Åland', 'Azerbaijan', 'Bosnia and Herzegovina', 'Barbados', 'Bangladesh', 'Belgium', 'Burkina Faso', 'Bulgaria', 'Bahrain', 'Burundi', 'Benin', 'Saint Barthélemy', 'Bermuda', 'Brunei', 'Bolivia', 'Bonaire, Sint Eustatius, and Saba', 'Brazil', 'Bahamas', 'Bhutan', 'Bouvet Island', 'Botswana', 'Belarus', 'Belize', 'Canada', 'Cocos (Keeling) Islands', 'DR Congo', 'Central African Republic', 'Congo Republic', 'Switzerland', 'Ivory Coast', 'Cook Islands', 'Chile', 'Cameroon', 'China', 'Colombia', 'Costa Rica', 'Cuba', 'Cabo Verde', 'Curaçao', 'Christmas Island', 'Cyprus', 'Czechia', 'Germany', 'Djibouti', 'Denmark', 'Dominica', 'Dominican Republic', 'Algeria', 'Ecuador', 'Estonia', 'Egypt', 'Western Sahara', 'Eritrea', 'Spain', 'Ethiopia', 'Finland', 'Fiji', 'Falkland Islands', 'Micronesia', 'Faroe Islands', 'France', 'Gabon', 'United Kingdom', 'Grenada', 'Georgia', 'French Guiana', 'Guernsey', 'Ghana', 'Gibraltar', 'Greenland', 'The Gambia', 'Guinea', 'Guadeloupe', 'Equatorial Guinea', 'Greece', 'South Georgia and South Sandwich Islands', 'Guatemala', 'Guam', 'Guinea-Bissau', 'Guyana', 'Hong Kong', 'Heard and McDonald Islands', 'Honduras', 'Croatia', 'Haiti', 'Hungary', 'Indonesia', 'Ireland', 'Israel', 'Isle of Man', 'India', 'British Indian Ocean Territory', 'Iraq', 'Iran', 'Iceland', 'Italy', 'Jersey', 'Jamaica', 'Jordan', 'Japan', 'Kenya', 'Kyrgyzstan', 'Cambodia', 'Kiribati', 'Comoros', 'St Kitts and Nevis', 'North Korea', 'South Korea', 'Kuwait', 'Cayman Islands', 'Kazakhstan', 'Laos', 'Lebanon', 'Saint Lucia', 'Liechtenstein', 'Sri Lanka', 'Liberia', 'Lesotho', 'Lithuania', 'Luxembourg', 'Latvia', 'Libya', 'Morocco', 'Monaco', 'Moldova', 'Montenegro', 'Saint Martin', 'Madagascar', 'Marshall Islands', 'North Macedonia', 'Mali', 'Myanmar', 'Mongolia', 'Macao', 'Northern Mariana Islands', 'Martinique', 'Mauritania', 'Montserrat', 'Malta', 'Mauritius', 'Maldives', 'Malawi', 'Mexico', 'Malaysia', 'Mozambique', 'Namibia', 'New Caledonia', 'Niger', 'Norfolk Island', 'Nigeria', 'Nicaragua', 'The Netherlands', 'Norway', 'Nepal', 'Nauru', 'Niue', 'New Zealand', 'Oman', 'Panama', 'Peru', 'French Polynesia', 'Papua New Guinea', 'Philippines', 'Pakistan', 'Poland', 'Saint Pierre and Miquelon', 'Pitcairn Islands', 'Puerto Rico', 'Palestine', 'Portugal', 'Palau', 'Paraguay', 'Qatar', 'Réunion', 'Romania', 'Serbia', 'Russia', 'Rwanda', 'Saudi Arabia', 'Solomon Islands', 'Seychelles', 'Sudan', 'Sweden', 'Singapore', 'Saint Helena', 'Slovenia', 'Svalbard and Jan Mayen', 'Slovakia', 'Sierra Leone', 'San Marino', 'Senegal', 'Somalia', 'Suriname', 'South Sudan', 'São Tomé and Príncipe', 'El Salvador', 'Sint Maarten', 'Syria', 'Eswatini', 'Turks and Caicos Islands', 'Chad', 'French Southern Territories', 'Togo', 'Thailand', 'Tajikistan', 'Tokelau', 'Timor-Leste', 'Turkmenistan', 'Tunisia', 'Tonga', 'Türkiye', 'Trinidad and Tobago', 'Tuvalu', 'Taiwan', 'Tanzania', 'Ukraine', 'Uganda', 'U.S. Outlying Islands', 'United States', 'Uruguay', 'Uzbekistan', 'Vatican City', 'St Vincent and Grenadines', 'Venezuela', 'British Virgin Islands', 'U.S. Virgin Islands', 'Vietnam', 'Vanuatu', 'Wallis and Futuna', 'Samoa', 'Kosovo', 'Yemen', 'Mayotte', 'South Africa', 'Zambia', 'Zimbabwe']
2025-01-30 17:37:02,166 - __main__ - INFO - Response time for the request: 0.29 seconds
2025-01-30 17:37:02,166 - __main__ - INFO - ----------------------------------------------------------------------------------------------------
2025-01-30 17:37:02,183 - __main__ - INFO - Request came to fetch all countries.
2025-01-30 17:37:02,307 - __main__ - INFO - response: ['Andorra', 'United Arab Emirates', 'Afghanistan', 'Antigua and Barbuda', 'Anguilla', 'Albania', 'Armenia', 'Angola', 'Antarctica', 'Argentina', 'American Samoa', 'Austria', 'Australia', 'Aruba', 'Åland', 'Azerbaijan', 'Bosnia and Herzegovina', 'Barbados', 'Bangladesh', 'Belgium', 'Burkina Faso', 'Bulgaria', 'Bahrain', 'Burundi', 'Benin', 'Saint Barthélemy', 'Bermuda', 'Brunei', 'Bolivia', 'Bonaire, Sint Eustatius, and Saba', 'Brazil', 'Bahamas', 'Bhutan', 'Bouvet Island', 'Botswana', 'Belarus', 'Belize', 'Canada', 'Cocos (Keeling) Islands', 'DR Congo', 'Central African Republic', 'Congo Republic', 'Switzerland', 'Ivory Coast', 'Cook Islands', 'Chile', 'Cameroon', 'China', 'Colombia', 'Costa Rica', 'Cuba', 'Cabo Verde', 'Curaçao', 'Christmas Island', 'Cyprus', 'Czechia', 'Germany', 'Djibouti', 'Denmark', 'Dominica', 'Dominican Republic', 'Algeria', 'Ecuador', 'Estonia', 'Egypt', 'Western Sahara', 'Eritrea', 'Spain', 'Ethiopia', 'Finland', 'Fiji', 'Falkland Islands', 'Micronesia', 'Faroe Islands', 'France', 'Gabon', 'United Kingdom', 'Grenada', 'Georgia', 'French Guiana', 'Guernsey', 'Ghana', 'Gibraltar', 'Greenland', 'The Gambia', 'Guinea', 'Guadeloupe', 'Equatorial Guinea', 'Greece', 'South Georgia and South Sandwich Islands', 'Guatemala', 'Guam', 'Guinea-Bissau', 'Guyana', 'Hong Kong', 'Heard and McDonald Islands', 'Honduras', 'Croatia', 'Haiti', 'Hungary', 'Indonesia', 'Ireland', 'Israel', 'Isle of Man', 'India', 'British Indian Ocean Territory', 'Iraq', 'Iran', 'Iceland', 'Italy', 'Jersey', 'Jamaica', 'Jordan', 'Japan', 'Kenya', 'Kyrgyzstan', 'Cambodia', 'Kiribati', 'Comoros', 'St Kitts and Nevis', 'North Korea', 'South Korea', 'Kuwait', 'Cayman Islands', 'Kazakhstan', 'Laos', 'Lebanon', 'Saint Lucia', 'Liechtenstein', 'Sri Lanka', 'Liberia', 'Lesotho', 'Lithuania', 'Luxembourg', 'Latvia', 'Libya', 'Morocco', 'Monaco', 'Moldova', 'Montenegro', 'Saint Martin', 'Madagascar', 'Marshall Islands', 'North Macedonia', 'Mali', 'Myanmar', 'Mongolia', 'Macao', 'Northern Mariana Islands', 'Martinique', 'Mauritania', 'Montserrat', 'Malta', 'Mauritius', 'Maldives', 'Malawi', 'Mexico', 'Malaysia', 'Mozambique', 'Namibia', 'New Caledonia', 'Niger', 'Norfolk Island', 'Nigeria', 'Nicaragua', 'The Netherlands', 'Norway', 'Nepal', 'Nauru', 'Niue', 'New Zealand', 'Oman', 'Panama', 'Peru', 'French Polynesia', 'Papua New Guinea', 'Philippines', 'Pakistan', 'Poland', 'Saint Pierre and Miquelon', 'Pitcairn Islands', 'Puerto Rico', 'Palestine', 'Portugal', 'Palau', 'Paraguay', 'Qatar', 'Réunion', 'Romania', 'Serbia', 'Russia', 'Rwanda', 'Saudi Arabia', 'Solomon Islands', 'Seychelles', 'Sudan', 'Sweden', 'Singapore', 'Saint Helena', 'Slovenia', 'Svalbard and Jan Mayen', 'Slovakia', 'Sierra Leone', 'San Marino', 'Senegal', 'Somalia', 'Suriname', 'South Sudan', 'São Tomé and Príncipe', 'El Salvador', 'Sint Maarten', 'Syria', 'Eswatini', 'Turks and Caicos Islands', 'Chad', 'French Southern Territories', 'Togo', 'Thailand', 'Tajikistan', 'Tokelau', 'Timor-Leste', 'Turkmenistan', 'Tunisia', 'Tonga', 'Türkiye', 'Trinidad and Tobago', 'Tuvalu', 'Taiwan', 'Tanzania', 'Ukraine', 'Uganda', 'U.S. Outlying Islands', 'United States', 'Uruguay', 'Uzbekistan', 'Vatican City', 'St Vincent and Grenadines', 'Venezuela', 'British Virgin Islands', 'U.S. Virgin Islands', 'Vietnam', 'Vanuatu', 'Wallis and Futuna', 'Samoa', 'Kosovo', 'Yemen', 'Mayotte', 'South Africa', 'Zambia', 'Zimbabwe']
2025-01-30 17:37:02,314 - __main__ - INFO - Response time for the request: 0.13 seconds
2025-01-30 17:37:02,315 - __main__ - INFO - ----------------------------------------------------------------------------------------------------
2025-01-30 17:37:02,632 - __main__ - INFO - Request came to fetch all countries.
2025-01-30 17:37:02,837 - __main__ - INFO - response: ['Andorra', 'United Arab Emirates', 'Afghanistan', 'Antigua and Barbuda', 'Anguilla', 'Albania', 'Armenia', 'Angola', 'Antarctica', 'Argentina', 'American Samoa', 'Austria', 'Australia', 'Aruba', 'Åland', 'Azerbaijan', 'Bosnia and Herzegovina', 'Barbados', 'Bangladesh', 'Belgium', 'Burkina Faso', 'Bulgaria', 'Bahrain', 'Burundi', 'Benin', 'Saint Barthélemy', 'Bermuda', 'Brunei', 'Bolivia', 'Bonaire, Sint Eustatius, and Saba', 'Brazil', 'Bahamas', 'Bhutan', 'Bouvet Island', 'Botswana', 'Belarus', 'Belize', 'Canada', 'Cocos (Keeling) Islands', 'DR Congo', 'Central African Republic', 'Congo Republic', 'Switzerland', 'Ivory Coast', 'Cook Islands', 'Chile', 'Cameroon', 'China', 'Colombia', 'Costa Rica', 'Cuba', 'Cabo Verde', 'Curaçao', 'Christmas Island', 'Cyprus', 'Czechia', 'Germany', 'Djibouti', 'Denmark', 'Dominica', 'Dominican Republic', 'Algeria', 'Ecuador', 'Estonia', 'Egypt', 'Western Sahara', 'Eritrea', 'Spain', 'Ethiopia', 'Finland', 'Fiji', 'Falkland Islands', 'Micronesia', 'Faroe Islands', 'France', 'Gabon', 'United Kingdom', 'Grenada', 'Georgia', 'French Guiana', 'Guernsey', 'Ghana', 'Gibraltar', 'Greenland', 'The Gambia', 'Guinea', 'Guadeloupe', 'Equatorial Guinea', 'Greece', 'South Georgia and South Sandwich Islands', 'Guatemala', 'Guam', 'Guinea-Bissau', 'Guyana', 'Hong Kong', 'Heard and McDonald Islands', 'Honduras', 'Croatia', 'Haiti', 'Hungary', 'Indonesia', 'Ireland', 'Israel', 'Isle of Man', 'India', 'British Indian Ocean Territory', 'Iraq', 'Iran', 'Iceland', 'Italy', 'Jersey', 'Jamaica', 'Jordan', 'Japan', 'Kenya', 'Kyrgyzstan', 'Cambodia', 'Kiribati', 'Comoros', 'St Kitts and Nevis', 'North Korea', 'South Korea', 'Kuwait', 'Cayman Islands', 'Kazakhstan', 'Laos', 'Lebanon', 'Saint Lucia', 'Liechtenstein', 'Sri Lanka', 'Liberia', 'Lesotho', 'Lithuania', 'Luxembourg', 'Latvia', 'Libya', 'Morocco', 'Monaco', 'Moldova', 'Montenegro', 'Saint Martin', 'Madagascar', 'Marshall Islands', 'North Macedonia', 'Mali', 'Myanmar', 'Mongolia', 'Macao', 'Northern Mariana Islands', 'Martinique', 'Mauritania', 'Montserrat', 'Malta', 'Mauritius', 'Maldives', 'Malawi', 'Mexico', 'Malaysia', 'Mozambique', 'Namibia', 'New Caledonia', 'Niger', 'Norfolk Island', 'Nigeria', 'Nicaragua', 'The Netherlands', 'Norway', 'Nepal', 'Nauru', 'Niue', 'New Zealand', 'Oman', 'Panama', 'Peru', 'French Polynesia', 'Papua New Guinea', 'Philippines', 'Pakistan', 'Poland', 'Saint Pierre and Miquelon', 'Pitcairn Islands', 'Puerto Rico', 'Palestine', 'Portugal', 'Palau', 'Paraguay', 'Qatar', 'Réunion', 'Romania', 'Serbia', 'Russia', 'Rwanda', 'Saudi Arabia', 'Solomon Islands', 'Seychelles', 'Sudan', 'Sweden', 'Singapore', 'Saint Helena', 'Slovenia', 'Svalbard and Jan Mayen', 'Slovakia', 'Sierra Leone', 'San Marino', 'Senegal', 'Somalia', 'Suriname', 'South Sudan', 'São Tomé and Príncipe', 'El Salvador', 'Sint Maarten', 'Syria', 'Eswatini', 'Turks and Caicos Islands', 'Chad', 'French Southern Territories', 'Togo', 'Thailand', 'Tajikistan', 'Tokelau', 'Timor-Leste', 'Turkmenistan', 'Tunisia', 'Tonga', 'Türkiye', 'Trinidad and Tobago', 'Tuvalu', 'Taiwan', 'Tanzania', 'Ukraine', 'Uganda', 'U.S. Outlying Islands', 'United States', 'Uruguay', 'Uzbekistan', 'Vatican City', 'St Vincent and Grenadines', 'Venezuela', 'British Virgin Islands', 'U.S. Virgin Islands', 'Vietnam', 'Vanuatu', 'Wallis and Futuna', 'Samoa', 'Kosovo', 'Yemen', 'Mayotte', 'South Africa', 'Zambia', 'Zimbabwe']
2025-01-30 17:37:02,841 - __main__ - INFO - Response time for the request: 0.21 seconds
2025-01-30 17:37:02,841 - __main__ - INFO - ----------------------------------------------------------------------------------------------------
2025-01-30 17:37:03,311 - __main__ - INFO - Request came to fetch all countries.
2025-01-30 17:37:03,410 - __main__ - INFO - response: ['Andorra', 'United Arab Emirates', 'Afghanistan', 'Antigua and Barbuda', 'Anguilla', 'Albania', 'Armenia', 'Angola', 'Antarctica', 'Argentina', 'American Samoa', 'Austria', 'Australia', 'Aruba', 'Åland', 'Azerbaijan', 'Bosnia and Herzegovina', 'Barbados', 'Bangladesh', 'Belgium', 'Burkina Faso', 'Bulgaria', 'Bahrain', 'Burundi', 'Benin', 'Saint Barthélemy', 'Bermuda', 'Brunei', 'Bolivia', 'Bonaire, Sint Eustatius, and Saba', 'Brazil', 'Bahamas', 'Bhutan', 'Bouvet Island', 'Botswana', 'Belarus', 'Belize', 'Canada', 'Cocos (Keeling) Islands', 'DR Congo', 'Central African Republic', 'Congo Republic', 'Switzerland', 'Ivory Coast', 'Cook Islands', 'Chile', 'Cameroon', 'China', 'Colombia', 'Costa Rica', 'Cuba', 'Cabo Verde', 'Curaçao', 'Christmas Island', 'Cyprus', 'Czechia', 'Germany', 'Djibouti', 'Denmark', 'Dominica', 'Dominican Republic', 'Algeria', 'Ecuador', 'Estonia', 'Egypt', 'Western Sahara', 'Eritrea', 'Spain', 'Ethiopia', 'Finland', 'Fiji', 'Falkland Islands', 'Micronesia', 'Faroe Islands', 'France', 'Gabon', 'United Kingdom', 'Grenada', 'Georgia', 'French Guiana', 'Guernsey', 'Ghana', 'Gibraltar', 'Greenland', 'The Gambia', 'Guinea', 'Guadeloupe', 'Equatorial Guinea', 'Greece', 'South Georgia and South Sandwich Islands', 'Guatemala', 'Guam', 'Guinea-Bissau', 'Guyana', 'Hong Kong', 'Heard and McDonald Islands', 'Honduras', 'Croatia', 'Haiti', 'Hungary', 'Indonesia', 'Ireland', 'Israel', 'Isle of Man', 'India', 'British Indian Ocean Territory', 'Iraq', 'Iran', 'Iceland', 'Italy', 'Jersey', 'Jamaica', 'Jordan', 'Japan', 'Kenya', 'Kyrgyzstan', 'Cambodia', 'Kiribati', 'Comoros', 'St Kitts and Nevis', 'North Korea', 'South Korea', 'Kuwait', 'Cayman Islands', 'Kazakhstan', 'Laos', 'Lebanon', 'Saint Lucia', 'Liechtenstein', 'Sri Lanka', 'Liberia', 'Lesotho', 'Lithuania', 'Luxembourg', 'Latvia', 'Libya', 'Morocco', 'Monaco', 'Moldova', 'Montenegro', 'Saint Martin', 'Madagascar', 'Marshall Islands', 'North Macedonia', 'Mali', 'Myanmar', 'Mongolia', 'Macao', 'Northern Mariana Islands', 'Martinique', 'Mauritania', 'Montserrat', 'Malta', 'Mauritius', 'Maldives', 'Malawi', 'Mexico', 'Malaysia', 'Mozambique', 'Namibia', 'New Caledonia', 'Niger', 'Norfolk Island', 'Nigeria', 'Nicaragua', 'The Netherlands', 'Norway', 'Nepal', 'Nauru', 'Niue', 'New Zealand', 'Oman', 'Panama', 'Peru', 'French Polynesia', 'Papua New Guinea', 'Philippines', 'Pakistan', 'Poland', 'Saint Pierre and Miquelon', 'Pitcairn Islands', 'Puerto Rico', 'Palestine', 'Portugal', 'Palau', 'Paraguay', 'Qatar', 'Réunion', 'Romania', 'Serbia', 'Russia', 'Rwanda', 'Saudi Arabia', 'Solomon Islands', 'Seychelles', 'Sudan', 'Sweden', 'Singapore', 'Saint Helena', 'Slovenia', 'Svalbard and Jan Mayen', 'Slovakia', 'Sierra Leone', 'San Marino', 'Senegal', 'Somalia', 'Suriname', 'South Sudan', 'São Tomé and Príncipe', 'El Salvador', 'Sint Maarten', 'Syria', 'Eswatini', 'Turks and Caicos Islands', 'Chad', 'French Southern Territories', 'Togo', 'Thailand', 'Tajikistan', 'Tokelau', 'Timor-Leste', 'Turkmenistan', 'Tunisia', 'Tonga', 'Türkiye', 'Trinidad and Tobago', 'Tuvalu', 'Taiwan', 'Tanzania', 'Ukraine', 'Uganda', 'U.S. Outlying Islands', 'United States', 'Uruguay', 'Uzbekistan', 'Vatican City', 'St Vincent and Grenadines', 'Venezuela', 'British Virgin Islands', 'U.S. Virgin Islands', 'Vietnam', 'Vanuatu', 'Wallis and Futuna', 'Samoa', 'Kosovo', 'Yemen', 'Mayotte', 'South Africa', 'Zambia', 'Zimbabwe']
2025-01-30 17:37:03,418 - __main__ - INFO - Response time for the request: 0.11 seconds
2025-01-30 17:37:03,420 - __main__ - INFO - ----------------------------------------------------------------------------------------------------
2025-01-30 17:37:05,244 - __main__ - INFO - Request came to fetch all states from i.
2025-01-30 17:37:05,404 - __main__ - INFO - response: []
2025-01-30 17:37:05,404 - __main__ - INFO - Response time for the request: 0.16 seconds
2025-01-30 17:37:05,405 - __main__ - INFO - ----------------------------------------------------------------------------------------------------
2025-01-30 17:37:05,408 - __main__ - INFO - Request came to fetch all states from in.
2025-01-30 17:37:05,550 - __main__ - INFO - Request came to fetch all states from ind.
2025-01-30 17:37:05,727 - __main__ - INFO - response: []
2025-01-30 17:37:05,728 - __main__ - INFO - Response time for the request: 0.32 seconds
2025-01-30 17:37:05,728 - __main__ - INFO - ----------------------------------------------------------------------------------------------------
2025-01-30 17:37:05,732 - __main__ - INFO - Request came to fetch all states from indi.
2025-01-30 17:37:05,757 - __main__ - INFO - Request came to fetch all states from i.
2025-01-30 17:37:05,853 - __main__ - INFO - Request came to fetch all states from india.
2025-01-30 17:37:05,926 - __main__ - INFO - response: []
2025-01-30 17:37:05,934 - __main__ - INFO - Response time for the request: 0.38 seconds
2025-01-30 17:37:05,993 - __main__ - INFO - ----------------------------------------------------------------------------------------------------
2025-01-30 17:37:06,031 - __main__ - INFO - Request came to fetch all states from India.
2025-01-30 17:37:06,072 - __main__ - INFO - response: []
2025-01-30 17:37:06,072 - __main__ - INFO - Response time for the request: 0.32 seconds
2025-01-30 17:37:06,073 - __main__ - INFO - ----------------------------------------------------------------------------------------------------
2025-01-30 17:37:06,110 - __main__ - INFO - response: []
2025-01-30 17:37:06,111 - __main__ - INFO - Response time for the request: 0.38 seconds
2025-01-30 17:37:06,111 - __main__ - INFO - ----------------------------------------------------------------------------------------------------
2025-01-30 17:37:06,210 - __main__ - INFO - response: ['Andaman and Nicobar', 'Andhra Pradesh', 'Arunachal Pradesh', 'Assam', 'Bihar', 'Chandigarh', 'Chhattisgarh', 'Dadra and Nagar Haveli and Daman and Diu', 'Delhi', 'Goa', 'Gujarat', 'Haryana', 'Himachal Pradesh', 'Jammu and Kashmir', 'Jharkhand', 'Karnataka', 'Kerala', 'Ladakh', 'Lakshadweep', 'Madhya Pradesh', 'Maharashtra', 'Manipur', 'Meghalaya', 'Mizoram', 'Nagaland', 'Odisha', 'Puducherry', 'Punjab', 'Rajasthan', 'Sikkim', 'Tamil Nadu', 'Telangana', 'Tripura', 'Uttar Pradesh', 'Uttarakhand', 'West Bengal']
2025-01-30 17:37:06,211 - __main__ - INFO - Response time for the request: 0.36 seconds
2025-01-30 17:37:06,212 - __main__ - INFO - ----------------------------------------------------------------------------------------------------
2025-01-30 17:37:06,592 - __main__ - INFO - response: ['Andaman and Nicobar', 'Andhra Pradesh', 'Arunachal Pradesh', 'Assam', 'Bihar', 'Chandigarh', 'Chhattisgarh', 'Dadra and Nagar Haveli and Daman and Diu', 'Delhi', 'Goa', 'Gujarat', 'Haryana', 'Himachal Pradesh', 'Jammu and Kashmir', 'Jharkhand', 'Karnataka', 'Kerala', 'Ladakh', 'Lakshadweep', 'Madhya Pradesh', 'Maharashtra', 'Manipur', 'Meghalaya', 'Mizoram', 'Nagaland', 'Odisha', 'Puducherry', 'Punjab', 'Rajasthan', 'Sikkim', 'Tamil Nadu', 'Telangana', 'Tripura', 'Uttar Pradesh', 'Uttarakhand', 'West Bengal']
2025-01-30 17:37:06,597 - __main__ - INFO - Response time for the request: 0.57 seconds
2025-01-30 17:37:06,598 - __main__ - INFO - ----------------------------------------------------------------------------------------------------
2025-01-30 17:37:08,102 - __main__ - INFO - Request came to fetch all states from i.
2025-01-30 17:37:08,248 - __main__ - INFO - Request came to fetch all states from in.
2025-01-30 17:37:08,257 - __main__ - INFO - response: []
2025-01-30 17:37:08,258 - __main__ - INFO - Response time for the request: 0.16 seconds
2025-01-30 17:37:08,258 - __main__ - INFO - ----------------------------------------------------------------------------------------------------
2025-01-30 17:37:08,348 - __main__ - INFO - Request came to fetch all states from ind.
2025-01-30 17:37:08,416 - __main__ - INFO - response: []
2025-01-30 17:37:08,417 - __main__ - INFO - Response time for the request: 0.17 seconds
2025-01-30 17:37:08,417 - __main__ - INFO - ----------------------------------------------------------------------------------------------------
2025-01-30 17:37:08,471 - __main__ - INFO - Request came to fetch all states from indi.
2025-01-30 17:37:08,547 - __main__ - INFO - response: []
2025-01-30 17:37:08,547 - __main__ - INFO - Response time for the request: 0.20 seconds
2025-01-30 17:37:08,547 - __main__ - INFO - ----------------------------------------------------------------------------------------------------
2025-01-30 17:37:08,627 - __main__ - INFO - Request came to fetch all states from i.
2025-01-30 17:37:08,676 - __main__ - INFO - Request came to fetch all states from india.
2025-01-30 17:37:08,760 - __main__ - INFO - response: []
2025-01-30 17:37:08,760 - __main__ - INFO - Response time for the request: 0.29 seconds
2025-01-30 17:37:08,761 - __main__ - INFO - ----------------------------------------------------------------------------------------------------
2025-01-30 17:37:08,770 - __main__ - INFO - Request came to fetch all states from India.
2025-01-30 17:37:08,950 - __main__ - INFO - response: ['Andaman and Nicobar', 'Andhra Pradesh', 'Arunachal Pradesh', 'Assam', 'Bihar', 'Chandigarh', 'Chhattisgarh', 'Dadra and Nagar Haveli and Daman and Diu', 'Delhi', 'Goa', 'Gujarat', 'Haryana', 'Himachal Pradesh', 'Jammu and Kashmir', 'Jharkhand', 'Karnataka', 'Kerala', 'Ladakh', 'Lakshadweep', 'Madhya Pradesh', 'Maharashtra', 'Manipur', 'Meghalaya', 'Mizoram', 'Nagaland', 'Odisha', 'Puducherry', 'Punjab', 'Rajasthan', 'Sikkim', 'Tamil Nadu', 'Telangana', 'Tripura', 'Uttar Pradesh', 'Uttarakhand', 'West Bengal']
2025-01-30 17:37:08,953 - __main__ - INFO - Response time for the request: 0.28 seconds
2025-01-30 17:37:08,953 - __main__ - INFO - ----------------------------------------------------------------------------------------------------
2025-01-30 17:37:08,958 - __main__ - INFO - response: []
2025-01-30 17:37:08,959 - __main__ - INFO - Response time for the request: 0.33 seconds
2025-01-30 17:37:08,962 - __main__ - INFO - ----------------------------------------------------------------------------------------------------
2025-01-30 17:37:08,999 - __main__ - INFO - response: ['Andaman and Nicobar', 'Andhra Pradesh', 'Arunachal Pradesh', 'Assam', 'Bihar', 'Chandigarh', 'Chhattisgarh', 'Dadra and Nagar Haveli and Daman and Diu', 'Delhi', 'Goa', 'Gujarat', 'Haryana', 'Himachal Pradesh', 'Jammu and Kashmir', 'Jharkhand', 'Karnataka', 'Kerala', 'Ladakh', 'Lakshadweep', 'Madhya Pradesh', 'Maharashtra', 'Manipur', 'Meghalaya', 'Mizoram', 'Nagaland', 'Odisha', 'Puducherry', 'Punjab', 'Rajasthan', 'Sikkim', 'Tamil Nadu', 'Telangana', 'Tripura', 'Uttar Pradesh', 'Uttarakhand', 'West Bengal']
2025-01-30 17:37:09,000 - __main__ - INFO - Response time for the request: 0.23 seconds
2025-01-30 17:37:09,000 - __main__ - INFO - ----------------------------------------------------------------------------------------------------
2025-01-30 17:37:09,858 - __main__ - INFO - Request came to fetch all states from i.
2025-01-30 17:37:10,256 - __main__ - INFO - response: []
2025-01-30 17:37:10,256 - __main__ - INFO - Response time for the request: 0.40 seconds
2025-01-30 17:37:10,256 - __main__ - INFO - ----------------------------------------------------------------------------------------------------
2025-01-30 17:37:10,449 - __main__ - INFO - Request came to fetch all states from in.
2025-01-30 17:37:10,574 - __main__ - INFO - Request came to fetch all states from i.
2025-01-30 17:37:10,609 - __main__ - INFO - response: []
2025-01-30 17:37:10,611 - __main__ - INFO - Response time for the request: 0.16 seconds
2025-01-30 17:37:10,612 - __main__ - INFO - ----------------------------------------------------------------------------------------------------
2025-01-30 17:37:10,744 - __main__ - INFO - response: []
2025-01-30 17:37:10,745 - __main__ - INFO - Response time for the request: 0.17 seconds
2025-01-30 17:37:10,745 - __main__ - INFO - ----------------------------------------------------------------------------------------------------
2025-01-30 17:37:11,629 - __main__ - INFO - Request came to fetch all states from ind.
2025-01-30 17:37:11,780 - __main__ - INFO - response: []
2025-01-30 17:37:11,780 - __main__ - INFO - Response time for the request: 0.15 seconds
2025-01-30 17:37:11,781 - __main__ - INFO - ----------------------------------------------------------------------------------------------------
2025-01-30 17:37:12,226 - __main__ - INFO - Request came to fetch all states from indi.
2025-01-30 17:37:12,366 - __main__ - INFO - response: []
2025-01-30 17:37:12,367 - __main__ - INFO - Response time for the request: 0.14 seconds
2025-01-30 17:37:12,367 - __main__ - INFO - ----------------------------------------------------------------------------------------------------
2025-01-30 17:37:12,709 - __main__ - INFO - Request came to fetch all states from india.
2025-01-30 17:37:12,765 - __main__ - INFO - Request came to fetch all states from India.
2025-01-30 17:37:12,902 - __main__ - INFO - response: ['Andaman and Nicobar', 'Andhra Pradesh', 'Arunachal Pradesh', 'Assam', 'Bihar', 'Chandigarh', 'Chhattisgarh', 'Dadra and Nagar Haveli and Daman and Diu', 'Delhi', 'Goa', 'Gujarat', 'Haryana', 'Himachal Pradesh', 'Jammu and Kashmir', 'Jharkhand', 'Karnataka', 'Kerala', 'Ladakh', 'Lakshadweep', 'Madhya Pradesh', 'Maharashtra', 'Manipur', 'Meghalaya', 'Mizoram', 'Nagaland', 'Odisha', 'Puducherry', 'Punjab', 'Rajasthan', 'Sikkim', 'Tamil Nadu', 'Telangana', 'Tripura', 'Uttar Pradesh', 'Uttarakhand', 'West Bengal']
2025-01-30 17:37:12,905 - __main__ - INFO - Response time for the request: 0.20 seconds
2025-01-30 17:37:12,905 - __main__ - INFO - ----------------------------------------------------------------------------------------------------
2025-01-30 17:37:12,944 - __main__ - INFO - response: ['Andaman and Nicobar', 'Andhra Pradesh', 'Arunachal Pradesh', 'Assam', 'Bihar', 'Chandigarh', 'Chhattisgarh', 'Dadra and Nagar Haveli and Daman and Diu', 'Delhi', 'Goa', 'Gujarat', 'Haryana', 'Himachal Pradesh', 'Jammu and Kashmir', 'Jharkhand', 'Karnataka', 'Kerala', 'Ladakh', 'Lakshadweep', 'Madhya Pradesh', 'Maharashtra', 'Manipur', 'Meghalaya', 'Mizoram', 'Nagaland', 'Odisha', 'Puducherry', 'Punjab', 'Rajasthan', 'Sikkim', 'Tamil Nadu', 'Telangana', 'Tripura', 'Uttar Pradesh', 'Uttarakhand', 'West Bengal']
2025-01-30 17:37:12,945 - __main__ - INFO - Response time for the request: 0.18 seconds
2025-01-30 17:37:12,945 - __main__ - INFO - ----------------------------------------------------------------------------------------------------
2025-01-30 17:37:15,226 - __main__ - INFO - Request came to fetch all states from i.
2025-01-30 17:37:15,358 - __main__ - INFO - response: []
2025-01-30 17:37:15,358 - __main__ - INFO - Response time for the request: 0.13 seconds
2025-01-30 17:37:15,359 - __main__ - INFO - ----------------------------------------------------------------------------------------------------
2025-01-30 17:37:15,665 - __main__ - INFO - Request came to fetch all states from i.
2025-01-30 17:37:15,696 - __main__ - INFO - Request came to fetch all states from in.
2025-01-30 17:37:15,839 - __main__ - INFO - response: []
2025-01-30 17:37:15,840 - __main__ - INFO - Response time for the request: 0.17 seconds
2025-01-30 17:37:15,840 - __main__ - INFO - ----------------------------------------------------------------------------------------------------
2025-01-30 17:37:15,857 - __main__ - INFO - response: []
2025-01-30 17:37:15,858 - __main__ - INFO - Response time for the request: 0.16 seconds
2025-01-30 17:37:15,858 - __main__ - INFO - ----------------------------------------------------------------------------------------------------
2025-01-30 17:37:15,863 - __main__ - INFO - Request came to fetch all states from ind.
2025-01-30 17:37:15,928 - __main__ - INFO - Request came to fetch all states from indi.
2025-01-30 17:37:16,086 - __main__ - INFO - response: []
2025-01-30 17:37:16,087 - __main__ - INFO - Response time for the request: 0.16 seconds
2025-01-30 17:37:16,087 - __main__ - INFO - ----------------------------------------------------------------------------------------------------
2025-01-30 17:37:16,119 - __main__ - INFO - response: []
2025-01-30 17:37:16,119 - __main__ - INFO - Response time for the request: 0.26 seconds
2025-01-30 17:37:16,119 - __main__ - INFO - ----------------------------------------------------------------------------------------------------
2025-01-30 17:37:17,066 - __main__ - INFO - Request came to fetch all states from india.
2025-01-30 17:37:17,299 - __main__ - INFO - response: ['Andaman and Nicobar', 'Andhra Pradesh', 'Arunachal Pradesh', 'Assam', 'Bihar', 'Chandigarh', 'Chhattisgarh', 'Dadra and Nagar Haveli and Daman and Diu', 'Delhi', 'Goa', 'Gujarat', 'Haryana', 'Himachal Pradesh', 'Jammu and Kashmir', 'Jharkhand', 'Karnataka', 'Kerala', 'Ladakh', 'Lakshadweep', 'Madhya Pradesh', 'Maharashtra', 'Manipur', 'Meghalaya', 'Mizoram', 'Nagaland', 'Odisha', 'Puducherry', 'Punjab', 'Rajasthan', 'Sikkim', 'Tamil Nadu', 'Telangana', 'Tripura', 'Uttar Pradesh', 'Uttarakhand', 'West Bengal']
2025-01-30 17:37:17,300 - __main__ - INFO - Response time for the request: 0.23 seconds
2025-01-30 17:37:17,301 - __main__ - INFO - ----------------------------------------------------------------------------------------------------
2025-01-30 17:37:25,179 - __main__ - INFO - Request came to fetch all districts from t, india.
2025-01-30 17:37:25,314 - __main__ - INFO - Request came to fetch all districts from tm, india.
2025-01-30 17:37:25,403 - __main__ - INFO - Request came to fetch all districts from tma, india.
2025-01-30 17:37:25,499 - __main__ - INFO - Request came to fetch all districts from tmai, india.
2025-01-30 17:37:25,562 - __main__ - INFO - response: []
2025-01-30 17:37:25,563 - __main__ - INFO - Response time for the request: 0.38 seconds
2025-01-30 17:37:25,563 - __main__ - INFO - ----------------------------------------------------------------------------------------------------
2025-01-30 17:37:25,663 - __main__ - INFO - Request came to fetch all districts from tmail, india.
2025-01-30 17:37:25,714 - __main__ - INFO - response: []
2025-01-30 17:37:25,714 - __main__ - INFO - Response time for the request: 0.40 seconds
2025-01-30 17:37:25,714 - __main__ - INFO - ----------------------------------------------------------------------------------------------------
2025-01-30 17:37:25,731 - __main__ - INFO - response: []
2025-01-30 17:37:25,731 - __main__ - INFO - Response time for the request: 0.33 seconds
2025-01-30 17:37:25,732 - __main__ - INFO - ----------------------------------------------------------------------------------------------------
2025-01-30 17:37:25,850 - __main__ - INFO - response: []
2025-01-30 17:37:25,851 - __main__ - INFO - Response time for the request: 0.35 seconds
2025-01-30 17:37:25,852 - __main__ - INFO - ----------------------------------------------------------------------------------------------------
2025-01-30 17:37:25,903 - __main__ - INFO - response: []
2025-01-30 17:37:25,903 - __main__ - INFO - Response time for the request: 0.24 seconds
2025-01-30 17:37:25,903 - __main__ - INFO - ----------------------------------------------------------------------------------------------------
2025-01-30 17:37:25,924 - __main__ - INFO - Request came to fetch all districts from t, india.
2025-01-30 17:37:26,228 - __main__ - INFO - response: []
2025-01-30 17:37:26,228 - __main__ - INFO - Response time for the request: 0.30 seconds
2025-01-30 17:37:26,229 - __main__ - INFO - ----------------------------------------------------------------------------------------------------
2025-01-30 17:37:26,474 - __main__ - INFO - Request came to fetch all districts from tmai, india.
2025-01-30 17:37:26,682 - __main__ - INFO - response: []
2025-01-30 17:37:26,682 - __main__ - INFO - Response time for the request: 0.21 seconds
2025-01-30 17:37:26,683 - __main__ - INFO - ----------------------------------------------------------------------------------------------------
2025-01-30 17:37:26,965 - __main__ - INFO - Request came to fetch all districts from tma, india.
2025-01-30 17:37:27,105 - __main__ - INFO - Request came to fetch all districts from tm, india.
2025-01-30 17:37:27,228 - __main__ - INFO - Request came to fetch all districts from t, india.
2025-01-30 17:37:27,356 - __main__ - INFO - response: []
2025-01-30 17:37:27,357 - __main__ - INFO - Response time for the request: 0.39 seconds
2025-01-30 17:37:27,357 - __main__ - INFO - ----------------------------------------------------------------------------------------------------
2025-01-30 17:37:27,395 - __main__ - INFO - response: []
2025-01-30 17:37:27,395 - __main__ - INFO - Response time for the request: 0.29 seconds
2025-01-30 17:37:27,396 - __main__ - INFO - ----------------------------------------------------------------------------------------------------
2025-01-30 17:37:27,525 - __main__ - INFO - response: []
2025-01-30 17:37:27,526 - __main__ - INFO - Response time for the request: 0.30 seconds
2025-01-30 17:37:27,526 - __main__ - INFO - ----------------------------------------------------------------------------------------------------
2025-01-30 17:37:27,928 - __main__ - INFO - Request came to fetch all districts from ta, india.
2025-01-30 17:37:28,170 - __main__ - INFO - Request came to fetch all districts from tam, india.
2025-01-30 17:37:28,225 - __main__ - INFO - Request came to fetch all districts from tami, india.
2025-01-30 17:37:28,296 - __main__ - INFO - Request came to fetch all districts from tamil, india.
2025-01-30 17:37:28,343 - __main__ - INFO - response: []
2025-01-30 17:37:28,362 - __main__ - INFO - Response time for the request: 0.43 seconds
2025-01-30 17:37:28,364 - __main__ - INFO - ----------------------------------------------------------------------------------------------------
2025-01-30 17:37:28,660 - __main__ - INFO - response: []
2025-01-30 17:37:28,660 - __main__ - INFO - Response time for the request: 0.49 seconds
2025-01-30 17:37:28,661 - __main__ - INFO - ----------------------------------------------------------------------------------------------------
2025-01-30 17:37:28,682 - __main__ - INFO - response: []
2025-01-30 17:37:28,683 - __main__ - INFO - Response time for the request: 0.46 seconds
2025-01-30 17:37:28,685 - __main__ - INFO - ----------------------------------------------------------------------------------------------------
2025-01-30 17:37:28,702 - __main__ - INFO - response: []
2025-01-30 17:37:28,703 - __main__ - INFO - Response time for the request: 0.41 seconds
2025-01-30 17:37:28,703 - __main__ - INFO - ----------------------------------------------------------------------------------------------------
2025-01-30 17:37:29,085 - __main__ - INFO - Request came to fetch all districts from tamil , india.
2025-01-30 17:37:29,291 - __main__ - INFO - response: []
2025-01-30 17:37:29,292 - __main__ - INFO - Response time for the request: 0.21 seconds
2025-01-30 17:37:29,292 - __main__ - INFO - ----------------------------------------------------------------------------------------------------
2025-01-30 17:37:30,092 - __main__ - INFO - Request came to fetch all districts from tamil n, india.
2025-01-30 17:37:30,175 - __main__ - INFO - Request came to fetch all districts from tamil na, india.
2025-01-30 17:37:30,354 - __main__ - INFO - Request came to fetch all districts from tamil nad, india.
2025-01-30 17:37:30,400 - __main__ - INFO - response: []
2025-01-30 17:37:30,401 - __main__ - INFO - Response time for the request: 0.23 seconds
2025-01-30 17:37:30,401 - __main__ - INFO - ----------------------------------------------------------------------------------------------------
2025-01-30 17:37:30,412 - __main__ - INFO - response: []
2025-01-30 17:37:30,412 - __main__ - INFO - Response time for the request: 0.32 seconds
2025-01-30 17:37:30,413 - __main__ - INFO - ----------------------------------------------------------------------------------------------------
2025-01-30 17:37:30,626 - __main__ - INFO - response: []
2025-01-30 17:37:30,626 - __main__ - INFO - Response time for the request: 0.27 seconds
2025-01-30 17:37:30,626 - __main__ - INFO - ----------------------------------------------------------------------------------------------------
2025-01-30 17:37:30,759 - __main__ - INFO - Request came to fetch all districts from tamil nadu, india.
2025-01-30 17:37:30,792 - __main__ - INFO - Request came to fetch all districts from Tamil Nadu, india.
2025-01-30 17:37:32,839 - __main__ - INFO - Response time for the request: 2.08 seconds
2025-01-30 17:37:33,029 - __main__ - INFO - Response time for the request: 2.24 seconds
2025-01-30 17:37:33,029 - __main__ - INFO - ----------------------------------------------------------------------------------------------------
2025-01-30 17:37:33,029 - __main__ - INFO - ----------------------------------------------------------------------------------------------------
2025-01-30 17:37:33,472 - __main__ - INFO - Request came to fetch all districts from t, india.
2025-01-30 17:37:33,668 - __main__ - INFO - response: []
2025-01-30 17:37:33,669 - __main__ - INFO - Response time for the request: 0.20 seconds
2025-01-30 17:37:33,670 - __main__ - INFO - ----------------------------------------------------------------------------------------------------
2025-01-30 17:37:33,720 - __main__ - INFO - Request came to fetch all districts from tam, india.
2025-01-30 17:37:33,721 - __main__ - INFO - Request came to fetch all districts from ta, india.
2025-01-30 17:37:33,857 - __main__ - INFO - Request came to fetch all districts from t, india.
2025-01-30 17:37:33,996 - __main__ - INFO - Request came to fetch all districts from tami, india.
2025-01-30 17:37:34,006 - __main__ - INFO - Request came to fetch all districts from tamil, india.
2025-01-30 17:37:34,033 - __main__ - INFO - response: []
2025-01-30 17:37:34,034 - __main__ - INFO - Response time for the request: 0.31 seconds
2025-01-30 17:37:34,035 - __main__ - INFO - ----------------------------------------------------------------------------------------------------
2025-01-30 17:37:34,068 - __main__ - INFO - response: []
2025-01-30 17:37:34,069 - __main__ - INFO - Response time for the request: 0.35 seconds
2025-01-30 17:37:34,069 - __main__ - INFO - ----------------------------------------------------------------------------------------------------
2025-01-30 17:37:34,156 - __main__ - INFO - response: []
2025-01-30 17:37:34,156 - __main__ - INFO - Response time for the request: 0.30 seconds
2025-01-30 17:37:34,156 - __main__ - INFO - ----------------------------------------------------------------------------------------------------
2025-01-30 17:37:34,282 - __main__ - INFO - response: []
2025-01-30 17:37:34,283 - __main__ - INFO - Response time for the request: 0.29 seconds
2025-01-30 17:37:34,284 - __main__ - INFO - ----------------------------------------------------------------------------------------------------
2025-01-30 17:37:34,295 - __main__ - INFO - response: []
2025-01-30 17:37:34,295 - __main__ - INFO - Response time for the request: 0.29 seconds
2025-01-30 17:37:34,295 - __main__ - INFO - ----------------------------------------------------------------------------------------------------
2025-01-30 17:37:35,140 - __main__ - INFO - Request came to fetch all districts from tamil nadu, india.
2025-01-30 17:37:35,909 - __main__ - INFO - Response time for the request: 0.77 seconds
2025-01-30 17:37:35,910 - __main__ - INFO - ----------------------------------------------------------------------------------------------------
2025-01-30 17:37:47,489 - __main__ - INFO - Request came to fetch all countries.
2025-01-30 17:37:47,813 - __main__ - INFO - response: ['Andorra', 'United Arab Emirates', 'Afghanistan', 'Antigua and Barbuda', 'Anguilla', 'Albania', 'Armenia', 'Angola', 'Antarctica', 'Argentina', 'American Samoa', 'Austria', 'Australia', 'Aruba', 'Åland', 'Azerbaijan', 'Bosnia and Herzegovina', 'Barbados', 'Bangladesh', 'Belgium', 'Burkina Faso', 'Bulgaria', 'Bahrain', 'Burundi', 'Benin', 'Saint Barthélemy', 'Bermuda', 'Brunei', 'Bolivia', 'Bonaire, Sint Eustatius, and Saba', 'Brazil', 'Bahamas', 'Bhutan', 'Bouvet Island', 'Botswana', 'Belarus', 'Belize', 'Canada', 'Cocos (Keeling) Islands', 'DR Congo', 'Central African Republic', 'Congo Republic', 'Switzerland', 'Ivory Coast', 'Cook Islands', 'Chile', 'Cameroon', 'China', 'Colombia', 'Costa Rica', 'Cuba', 'Cabo Verde', 'Curaçao', 'Christmas Island', 'Cyprus', 'Czechia', 'Germany', 'Djibouti', 'Denmark', 'Dominica', 'Dominican Republic', 'Algeria', 'Ecuador', 'Estonia', 'Egypt', 'Western Sahara', 'Eritrea', 'Spain', 'Ethiopia', 'Finland', 'Fiji', 'Falkland Islands', 'Micronesia', 'Faroe Islands', 'France', 'Gabon', 'United Kingdom', 'Grenada', 'Georgia', 'French Guiana', 'Guernsey', 'Ghana', 'Gibraltar', 'Greenland', 'The Gambia', 'Guinea', 'Guadeloupe', 'Equatorial Guinea', 'Greece', 'South Georgia and South Sandwich Islands', 'Guatemala', 'Guam', 'Guinea-Bissau', 'Guyana', 'Hong Kong', 'Heard and McDonald Islands', 'Honduras', 'Croatia', 'Haiti', 'Hungary', 'Indonesia', 'Ireland', 'Israel', 'Isle of Man', 'India', 'British Indian Ocean Territory', 'Iraq', 'Iran', 'Iceland', 'Italy', 'Jersey', 'Jamaica', 'Jordan', 'Japan', 'Kenya', 'Kyrgyzstan', 'Cambodia', 'Kiribati', 'Comoros', 'St Kitts and Nevis', 'North Korea', 'South Korea', 'Kuwait', 'Cayman Islands', 'Kazakhstan', 'Laos', 'Lebanon', 'Saint Lucia', 'Liechtenstein', 'Sri Lanka', 'Liberia', 'Lesotho', 'Lithuania', 'Luxembourg', 'Latvia', 'Libya', 'Morocco', 'Monaco', 'Moldova', 'Montenegro', 'Saint Martin', 'Madagascar', 'Marshall Islands', 'North Macedonia', 'Mali', 'Myanmar', 'Mongolia', 'Macao', 'Northern Mariana Islands', 'Martinique', 'Mauritania', 'Montserrat', 'Malta', 'Mauritius', 'Maldives', 'Malawi', 'Mexico', 'Malaysia', 'Mozambique', 'Namibia', 'New Caledonia', 'Niger', 'Norfolk Island', 'Nigeria', 'Nicaragua', 'The Netherlands', 'Norway', 'Nepal', 'Nauru', 'Niue', 'New Zealand', 'Oman', 'Panama', 'Peru', 'French Polynesia', 'Papua New Guinea', 'Philippines', 'Pakistan', 'Poland', 'Saint Pierre and Miquelon', 'Pitcairn Islands', 'Puerto Rico', 'Palestine', 'Portugal', 'Palau', 'Paraguay', 'Qatar', 'Réunion', 'Romania', 'Serbia', 'Russia', 'Rwanda', 'Saudi Arabia', 'Solomon Islands', 'Seychelles', 'Sudan', 'Sweden', 'Singapore', 'Saint Helena', 'Slovenia', 'Svalbard and Jan Mayen', 'Slovakia', 'Sierra Leone', 'San Marino', 'Senegal', 'Somalia', 'Suriname', 'South Sudan', 'São Tomé and Príncipe', 'El Salvador', 'Sint Maarten', 'Syria', 'Eswatini', 'Turks and Caicos Islands', 'Chad', 'French Southern Territories', 'Togo', 'Thailand', 'Tajikistan', 'Tokelau', 'Timor-Leste', 'Turkmenistan', 'Tunisia', 'Tonga', 'Türkiye', 'Trinidad and Tobago', 'Tuvalu', 'Taiwan', 'Tanzania', 'Ukraine', 'Uganda', 'U.S. Outlying Islands', 'United States', 'Uruguay', 'Uzbekistan', 'Vatican City', 'St Vincent and Grenadines', 'Venezuela', 'British Virgin Islands', 'U.S. Virgin Islands', 'Vietnam', 'Vanuatu', 'Wallis and Futuna', 'Samoa', 'Kosovo', 'Yemen', 'Mayotte', 'South Africa', 'Zambia', 'Zimbabwe']
2025-01-30 17:37:47,818 - __main__ - INFO - Response time for the request: 0.33 seconds
2025-01-30 17:37:47,820 - __main__ - INFO - ----------------------------------------------------------------------------------------------------
2025-01-30 17:37:47,857 - __main__ - INFO - Request came to fetch all countries.
2025-01-30 17:37:47,988 - __main__ - INFO - response: ['Andorra', 'United Arab Emirates', 'Afghanistan', 'Antigua and Barbuda', 'Anguilla', 'Albania', 'Armenia', 'Angola', 'Antarctica', 'Argentina', 'American Samoa', 'Austria', 'Australia', 'Aruba', 'Åland', 'Azerbaijan', 'Bosnia and Herzegovina', 'Barbados', 'Bangladesh', 'Belgium', 'Burkina Faso', 'Bulgaria', 'Bahrain', 'Burundi', 'Benin', 'Saint Barthélemy', 'Bermuda', 'Brunei', 'Bolivia', 'Bonaire, Sint Eustatius, and Saba', 'Brazil', 'Bahamas', 'Bhutan', 'Bouvet Island', 'Botswana', 'Belarus', 'Belize', 'Canada', 'Cocos (Keeling) Islands', 'DR Congo', 'Central African Republic', 'Congo Republic', 'Switzerland', 'Ivory Coast', 'Cook Islands', 'Chile', 'Cameroon', 'China', 'Colombia', 'Costa Rica', 'Cuba', 'Cabo Verde', 'Curaçao', 'Christmas Island', 'Cyprus', 'Czechia', 'Germany', 'Djibouti', 'Denmark', 'Dominica', 'Dominican Republic', 'Algeria', 'Ecuador', 'Estonia', 'Egypt', 'Western Sahara', 'Eritrea', 'Spain', 'Ethiopia', 'Finland', 'Fiji', 'Falkland Islands', 'Micronesia', 'Faroe Islands', 'France', 'Gabon', 'United Kingdom', 'Grenada', 'Georgia', 'French Guiana', 'Guernsey', 'Ghana', 'Gibraltar', 'Greenland', 'The Gambia', 'Guinea', 'Guadeloupe', 'Equatorial Guinea', 'Greece', 'South Georgia and South Sandwich Islands', 'Guatemala', 'Guam', 'Guinea-Bissau', 'Guyana', 'Hong Kong', 'Heard and McDonald Islands', 'Honduras', 'Croatia', 'Haiti', 'Hungary', 'Indonesia', 'Ireland', 'Israel', 'Isle of Man', 'India', 'British Indian Ocean Territory', 'Iraq', 'Iran', 'Iceland', 'Italy', 'Jersey', 'Jamaica', 'Jordan', 'Japan', 'Kenya', 'Kyrgyzstan', 'Cambodia', 'Kiribati', 'Comoros', 'St Kitts and Nevis', 'North Korea', 'South Korea', 'Kuwait', 'Cayman Islands', 'Kazakhstan', 'Laos', 'Lebanon', 'Saint Lucia', 'Liechtenstein', 'Sri Lanka', 'Liberia', 'Lesotho', 'Lithuania', 'Luxembourg', 'Latvia', 'Libya', 'Morocco', 'Monaco', 'Moldova', 'Montenegro', 'Saint Martin', 'Madagascar', 'Marshall Islands', 'North Macedonia', 'Mali', 'Myanmar', 'Mongolia', 'Macao', 'Northern Mariana Islands', 'Martinique', 'Mauritania', 'Montserrat', 'Malta', 'Mauritius', 'Maldives', 'Malawi', 'Mexico', 'Malaysia', 'Mozambique', 'Namibia', 'New Caledonia', 'Niger', 'Norfolk Island', 'Nigeria', 'Nicaragua', 'The Netherlands', 'Norway', 'Nepal', 'Nauru', 'Niue', 'New Zealand', 'Oman', 'Panama', 'Peru', 'French Polynesia', 'Papua New Guinea', 'Philippines', 'Pakistan', 'Poland', 'Saint Pierre and Miquelon', 'Pitcairn Islands', 'Puerto Rico', 'Palestine', 'Portugal', 'Palau', 'Paraguay', 'Qatar', 'Réunion', 'Romania', 'Serbia', 'Russia', 'Rwanda', 'Saudi Arabia', 'Solomon Islands', 'Seychelles', 'Sudan', 'Sweden', 'Singapore', 'Saint Helena', 'Slovenia', 'Svalbard and Jan Mayen', 'Slovakia', 'Sierra Leone', 'San Marino', 'Senegal', 'Somalia', 'Suriname', 'South Sudan', 'São Tomé and Príncipe', 'El Salvador', 'Sint Maarten', 'Syria', 'Eswatini', 'Turks and Caicos Islands', 'Chad', 'French Southern Territories', 'Togo', 'Thailand', 'Tajikistan', 'Tokelau', 'Timor-Leste', 'Turkmenistan', 'Tunisia', 'Tonga', 'Türkiye', 'Trinidad and Tobago', 'Tuvalu', 'Taiwan', 'Tanzania', 'Ukraine', 'Uganda', 'U.S. Outlying Islands', 'United States', 'Uruguay', 'Uzbekistan', 'Vatican City', 'St Vincent and Grenadines', 'Venezuela', 'British Virgin Islands', 'U.S. Virgin Islands', 'Vietnam', 'Vanuatu', 'Wallis and Futuna', 'Samoa', 'Kosovo', 'Yemen', 'Mayotte', 'South Africa', 'Zambia', 'Zimbabwe']
2025-01-30 17:37:47,992 - __main__ - INFO - Response time for the request: 0.13 seconds
2025-01-30 17:37:47,992 - __main__ - INFO - ----------------------------------------------------------------------------------------------------
2025-01-30 17:37:50,429 - __main__ - INFO - Request came to fetch all states from i.
2025-01-30 17:37:50,580 - __main__ - INFO - response: []
2025-01-30 17:37:50,581 - __main__ - INFO - Response time for the request: 0.15 seconds
2025-01-30 17:37:50,581 - __main__ - INFO - ----------------------------------------------------------------------------------------------------
2025-01-30 17:37:50,604 - __main__ - INFO - Request came to fetch all states from in.
2025-01-30 17:37:50,695 - __main__ - INFO - Request came to fetch all states from ind.
2025-01-30 17:37:50,779 - __main__ - INFO - response: []
2025-01-30 17:37:50,779 - __main__ - INFO - Response time for the request: 0.17 seconds
2025-01-30 17:37:50,780 - __main__ - INFO - ----------------------------------------------------------------------------------------------------
2025-01-30 17:37:50,808 - __main__ - INFO - Request came to fetch all states from i.
2025-01-30 17:37:50,897 - __main__ - INFO - Request came to fetch all states from indi.
2025-01-30 17:37:50,902 - __main__ - INFO - Request came to fetch all states from india.
2025-01-30 17:37:50,925 - __main__ - INFO - response: []
2025-01-30 17:37:50,957 - __main__ - INFO - Response time for the request: 0.26 seconds
2025-01-30 17:37:50,962 - __main__ - INFO - ----------------------------------------------------------------------------------------------------
2025-01-30 17:37:51,080 - __main__ - INFO - response: []
2025-01-30 17:37:51,081 - __main__ - INFO - Response time for the request: 0.27 seconds
2025-01-30 17:37:51,081 - __main__ - INFO - ----------------------------------------------------------------------------------------------------
2025-01-30 17:37:51,099 - __main__ - INFO - Request came to fetch all states from India.
2025-01-30 17:37:51,196 - __main__ - INFO - response: ['Andaman and Nicobar', 'Andhra Pradesh', 'Arunachal Pradesh', 'Assam', 'Bihar', 'Chandigarh', 'Chhattisgarh', 'Dadra and Nagar Haveli and Daman and Diu', 'Delhi', 'Goa', 'Gujarat', 'Haryana', 'Himachal Pradesh', 'Jammu and Kashmir', 'Jharkhand', 'Karnataka', 'Kerala', 'Ladakh', 'Lakshadweep', 'Madhya Pradesh', 'Maharashtra', 'Manipur', 'Meghalaya', 'Mizoram', 'Nagaland', 'Odisha', 'Puducherry', 'Punjab', 'Rajasthan', 'Sikkim', 'Tamil Nadu', 'Telangana', 'Tripura', 'Uttar Pradesh', 'Uttarakhand', 'West Bengal']
2025-01-30 17:37:51,197 - __main__ - INFO - Response time for the request: 0.30 seconds
2025-01-30 17:37:51,198 - __main__ - INFO - ----------------------------------------------------------------------------------------------------
2025-01-30 17:37:51,256 - __main__ - INFO - response: []
2025-01-30 17:37:51,257 - __main__ - INFO - Response time for the request: 0.36 seconds
2025-01-30 17:37:51,257 - __main__ - INFO - ----------------------------------------------------------------------------------------------------
2025-01-30 17:37:51,341 - __main__ - INFO - response: ['Andaman and Nicobar', 'Andhra Pradesh', 'Arunachal Pradesh', 'Assam', 'Bihar', 'Chandigarh', 'Chhattisgarh', 'Dadra and Nagar Haveli and Daman and Diu', 'Delhi', 'Goa', 'Gujarat', 'Haryana', 'Himachal Pradesh', 'Jammu and Kashmir', 'Jharkhand', 'Karnataka', 'Kerala', 'Ladakh', 'Lakshadweep', 'Madhya Pradesh', 'Maharashtra', 'Manipur', 'Meghalaya', 'Mizoram', 'Nagaland', 'Odisha', 'Puducherry', 'Punjab', 'Rajasthan', 'Sikkim', 'Tamil Nadu', 'Telangana', 'Tripura', 'Uttar Pradesh', 'Uttarakhand', 'West Bengal']
2025-01-30 17:37:51,342 - __main__ - INFO - Response time for the request: 0.24 seconds
2025-01-30 17:37:51,342 - __main__ - INFO - ----------------------------------------------------------------------------------------------------
2025-01-30 17:37:53,365 - __main__ - INFO - Request came to fetch all states from i.
2025-01-30 17:37:53,592 - __main__ - INFO - response: []
2025-01-30 17:37:53,593 - __main__ - INFO - Response time for the request: 0.23 seconds
2025-01-30 17:37:53,593 - __main__ - INFO - ----------------------------------------------------------------------------------------------------
2025-01-30 17:37:53,890 - __main__ - INFO - Request came to fetch all states from in.
2025-01-30 17:37:53,909 - __main__ - INFO - Request came to fetch all states from i.
2025-01-30 17:37:54,051 - __main__ - INFO - response: []
2025-01-30 17:37:54,052 - __main__ - INFO - Response time for the request: 0.14 seconds
2025-01-30 17:37:54,053 - __main__ - INFO - ----------------------------------------------------------------------------------------------------
2025-01-30 17:37:54,075 - __main__ - INFO - Request came to fetch all states from ind.
2025-01-30 17:37:54,129 - __main__ - INFO - response: []
2025-01-30 17:37:54,130 - __main__ - INFO - Response time for the request: 0.24 seconds
2025-01-30 17:37:54,130 - __main__ - INFO - ----------------------------------------------------------------------------------------------------
2025-01-30 17:37:54,309 - __main__ - INFO - response: []
2025-01-30 17:37:54,310 - __main__ - INFO - Response time for the request: 0.23 seconds
2025-01-30 17:37:54,310 - __main__ - INFO - ----------------------------------------------------------------------------------------------------
2025-01-30 17:37:54,573 - __main__ - INFO - Request came to fetch all states from indi.
2025-01-30 17:37:54,807 - __main__ - INFO - response: []
2025-01-30 17:37:54,808 - __main__ - INFO - Response time for the request: 0.24 seconds
2025-01-30 17:37:54,808 - __main__ - INFO - ----------------------------------------------------------------------------------------------------
2025-01-30 17:37:56,847 - __main__ - INFO - Request came to fetch all states from india.
2025-01-30 17:37:56,956 - __main__ - INFO - Request came to fetch all states from India.
2025-01-30 17:37:57,126 - __main__ - INFO - response: ['Andaman and Nicobar', 'Andhra Pradesh', 'Arunachal Pradesh', 'Assam', 'Bihar', 'Chandigarh', 'Chhattisgarh', 'Dadra and Nagar Haveli and Daman and Diu', 'Delhi', 'Goa', 'Gujarat', 'Haryana', 'Himachal Pradesh', 'Jammu and Kashmir', 'Jharkhand', 'Karnataka', 'Kerala', 'Ladakh', 'Lakshadweep', 'Madhya Pradesh', 'Maharashtra', 'Manipur', 'Meghalaya', 'Mizoram', 'Nagaland', 'Odisha', 'Puducherry', 'Punjab', 'Rajasthan', 'Sikkim', 'Tamil Nadu', 'Telangana', 'Tripura', 'Uttar Pradesh', 'Uttarakhand', 'West Bengal']
2025-01-30 17:37:57,127 - __main__ - INFO - Response time for the request: 0.17 seconds
2025-01-30 17:37:57,127 - __main__ - INFO - ----------------------------------------------------------------------------------------------------
2025-01-30 17:37:57,135 - __main__ - INFO - response: ['Andaman and Nicobar', 'Andhra Pradesh', 'Arunachal Pradesh', 'Assam', 'Bihar', 'Chandigarh', 'Chhattisgarh', 'Dadra and Nagar Haveli and Daman and Diu', 'Delhi', 'Goa', 'Gujarat', 'Haryana', 'Himachal Pradesh', 'Jammu and Kashmir', 'Jharkhand', 'Karnataka', 'Kerala', 'Ladakh', 'Lakshadweep', 'Madhya Pradesh', 'Maharashtra', 'Manipur', 'Meghalaya', 'Mizoram', 'Nagaland', 'Odisha', 'Puducherry', 'Punjab', 'Rajasthan', 'Sikkim', 'Tamil Nadu', 'Telangana', 'Tripura', 'Uttar Pradesh', 'Uttarakhand', 'West Bengal']
2025-01-30 17:37:57,136 - __main__ - INFO - Response time for the request: 0.29 seconds
2025-01-30 17:37:57,136 - __main__ - INFO - ----------------------------------------------------------------------------------------------------
2025-01-30 17:38:36,557 - __main__ - INFO - Request came to fetch all countries.
2025-01-30 17:38:36,806 - __main__ - INFO - response: ['Andorra', 'United Arab Emirates', 'Afghanistan', 'Antigua and Barbuda', 'Anguilla', 'Albania', 'Armenia', 'Angola', 'Antarctica', 'Argentina', 'American Samoa', 'Austria', 'Australia', 'Aruba', 'Åland', 'Azerbaijan', 'Bosnia and Herzegovina', 'Barbados', 'Bangladesh', 'Belgium', 'Burkina Faso', 'Bulgaria', 'Bahrain', 'Burundi', 'Benin', 'Saint Barthélemy', 'Bermuda', 'Brunei', 'Bolivia', 'Bonaire, Sint Eustatius, and Saba', 'Brazil', 'Bahamas', 'Bhutan', 'Bouvet Island', 'Botswana', 'Belarus', 'Belize', 'Canada', 'Cocos (Keeling) Islands', 'DR Congo', 'Central African Republic', 'Congo Republic', 'Switzerland', 'Ivory Coast', 'Cook Islands', 'Chile', 'Cameroon', 'China', 'Colombia', 'Costa Rica', 'Cuba', 'Cabo Verde', 'Curaçao', 'Christmas Island', 'Cyprus', 'Czechia', 'Germany', 'Djibouti', 'Denmark', 'Dominica', 'Dominican Republic', 'Algeria', 'Ecuador', 'Estonia', 'Egypt', 'Western Sahara', 'Eritrea', 'Spain', 'Ethiopia', 'Finland', 'Fiji', 'Falkland Islands', 'Micronesia', 'Faroe Islands', 'France', 'Gabon', 'United Kingdom', 'Grenada', 'Georgia', 'French Guiana', 'Guernsey', 'Ghana', 'Gibraltar', 'Greenland', 'The Gambia', 'Guinea', 'Guadeloupe', 'Equatorial Guinea', 'Greece', 'South Georgia and South Sandwich Islands', 'Guatemala', 'Guam', 'Guinea-Bissau', 'Guyana', 'Hong Kong', 'Heard and McDonald Islands', 'Honduras', 'Croatia', 'Haiti', 'Hungary', 'Indonesia', 'Ireland', 'Israel', 'Isle of Man', 'India', 'British Indian Ocean Territory', 'Iraq', 'Iran', 'Iceland', 'Italy', 'Jersey', 'Jamaica', 'Jordan', 'Japan', 'Kenya', 'Kyrgyzstan', 'Cambodia', 'Kiribati', 'Comoros', 'St Kitts and Nevis', 'North Korea', 'South Korea', 'Kuwait', 'Cayman Islands', 'Kazakhstan', 'Laos', 'Lebanon', 'Saint Lucia', 'Liechtenstein', 'Sri Lanka', 'Liberia', 'Lesotho', 'Lithuania', 'Luxembourg', 'Latvia', 'Libya', 'Morocco', 'Monaco', 'Moldova', 'Montenegro', 'Saint Martin', 'Madagascar', 'Marshall Islands', 'North Macedonia', 'Mali', 'Myanmar', 'Mongolia', 'Macao', 'Northern Mariana Islands', 'Martinique', 'Mauritania', 'Montserrat', 'Malta', 'Mauritius', 'Maldives', 'Malawi', 'Mexico', 'Malaysia', 'Mozambique', 'Namibia', 'New Caledonia', 'Niger', 'Norfolk Island', 'Nigeria', 'Nicaragua', 'The Netherlands', 'Norway', 'Nepal', 'Nauru', 'Niue', 'New Zealand', 'Oman', 'Panama', 'Peru', 'French Polynesia', 'Papua New Guinea', 'Philippines', 'Pakistan', 'Poland', 'Saint Pierre and Miquelon', 'Pitcairn Islands', 'Puerto Rico', 'Palestine', 'Portugal', 'Palau', 'Paraguay', 'Qatar', 'Réunion', 'Romania', 'Serbia', 'Russia', 'Rwanda', 'Saudi Arabia', 'Solomon Islands', 'Seychelles', 'Sudan', 'Sweden', 'Singapore', 'Saint Helena', 'Slovenia', 'Svalbard and Jan Mayen', 'Slovakia', 'Sierra Leone', 'San Marino', 'Senegal', 'Somalia', 'Suriname', 'South Sudan', 'São Tomé and Príncipe', 'El Salvador', 'Sint Maarten', 'Syria', 'Eswatini', 'Turks and Caicos Islands', 'Chad', 'French Southern Territories', 'Togo', 'Thailand', 'Tajikistan', 'Tokelau', 'Timor-Leste', 'Turkmenistan', 'Tunisia', 'Tonga', 'Türkiye', 'Trinidad and Tobago', 'Tuvalu', 'Taiwan', 'Tanzania', 'Ukraine', 'Uganda', 'U.S. Outlying Islands', 'United States', 'Uruguay', 'Uzbekistan', 'Vatican City', 'St Vincent and Grenadines', 'Venezuela', 'British Virgin Islands', 'U.S. Virgin Islands', 'Vietnam', 'Vanuatu', 'Wallis and Futuna', 'Samoa', 'Kosovo', 'Yemen', 'Mayotte', 'South Africa', 'Zambia', 'Zimbabwe']
2025-01-30 17:38:36,820 - __main__ - INFO - Response time for the request: 0.26 seconds
2025-01-30 17:38:36,820 - __main__ - INFO - ----------------------------------------------------------------------------------------------------
2025-01-30 17:38:37,408 - __main__ - INFO - Request came to fetch all countries.
2025-01-30 17:38:37,513 - __main__ - INFO - response: ['Andorra', 'United Arab Emirates', 'Afghanistan', 'Antigua and Barbuda', 'Anguilla', 'Albania', 'Armenia', 'Angola', 'Antarctica', 'Argentina', 'American Samoa', 'Austria', 'Australia', 'Aruba', 'Åland', 'Azerbaijan', 'Bosnia and Herzegovina', 'Barbados', 'Bangladesh', 'Belgium', 'Burkina Faso', 'Bulgaria', 'Bahrain', 'Burundi', 'Benin', 'Saint Barthélemy', 'Bermuda', 'Brunei', 'Bolivia', 'Bonaire, Sint Eustatius, and Saba', 'Brazil', 'Bahamas', 'Bhutan', 'Bouvet Island', 'Botswana', 'Belarus', 'Belize', 'Canada', 'Cocos (Keeling) Islands', 'DR Congo', 'Central African Republic', 'Congo Republic', 'Switzerland', 'Ivory Coast', 'Cook Islands', 'Chile', 'Cameroon', 'China', 'Colombia', 'Costa Rica', 'Cuba', 'Cabo Verde', 'Curaçao', 'Christmas Island', 'Cyprus', 'Czechia', 'Germany', 'Djibouti', 'Denmark', 'Dominica', 'Dominican Republic', 'Algeria', 'Ecuador', 'Estonia', 'Egypt', 'Western Sahara', 'Eritrea', 'Spain', 'Ethiopia', 'Finland', 'Fiji', 'Falkland Islands', 'Micronesia', 'Faroe Islands', 'France', 'Gabon', 'United Kingdom', 'Grenada', 'Georgia', 'French Guiana', 'Guernsey', 'Ghana', 'Gibraltar', 'Greenland', 'The Gambia', 'Guinea', 'Guadeloupe', 'Equatorial Guinea', 'Greece', 'South Georgia and South Sandwich Islands', 'Guatemala', 'Guam', 'Guinea-Bissau', 'Guyana', 'Hong Kong', 'Heard and McDonald Islands', 'Honduras', 'Croatia', 'Haiti', 'Hungary', 'Indonesia', 'Ireland', 'Israel', 'Isle of Man', 'India', 'British Indian Ocean Territory', 'Iraq', 'Iran', 'Iceland', 'Italy', 'Jersey', 'Jamaica', 'Jordan', 'Japan', 'Kenya', 'Kyrgyzstan', 'Cambodia', 'Kiribati', 'Comoros', 'St Kitts and Nevis', 'North Korea', 'South Korea', 'Kuwait', 'Cayman Islands', 'Kazakhstan', 'Laos', 'Lebanon', 'Saint Lucia', 'Liechtenstein', 'Sri Lanka', 'Liberia', 'Lesotho', 'Lithuania', 'Luxembourg', 'Latvia', 'Libya', 'Morocco', 'Monaco', 'Moldova', 'Montenegro', 'Saint Martin', 'Madagascar', 'Marshall Islands', 'North Macedonia', 'Mali', 'Myanmar', 'Mongolia', 'Macao', 'Northern Mariana Islands', 'Martinique', 'Mauritania', 'Montserrat', 'Malta', 'Mauritius', 'Maldives', 'Malawi', 'Mexico', 'Malaysia', 'Mozambique', 'Namibia', 'New Caledonia', 'Niger', 'Norfolk Island', 'Nigeria', 'Nicaragua', 'The Netherlands', 'Norway', 'Nepal', 'Nauru', 'Niue', 'New Zealand', 'Oman', 'Panama', 'Peru', 'French Polynesia', 'Papua New Guinea', 'Philippines', 'Pakistan', 'Poland', 'Saint Pierre and Miquelon', 'Pitcairn Islands', 'Puerto Rico', 'Palestine', 'Portugal', 'Palau', 'Paraguay', 'Qatar', 'Réunion', 'Romania', 'Serbia', 'Russia', 'Rwanda', 'Saudi Arabia', 'Solomon Islands', 'Seychelles', 'Sudan', 'Sweden', 'Singapore', 'Saint Helena', 'Slovenia', 'Svalbard and Jan Mayen', 'Slovakia', 'Sierra Leone', 'San Marino', 'Senegal', 'Somalia', 'Suriname', 'South Sudan', 'São Tomé and Príncipe', 'El Salvador', 'Sint Maarten', 'Syria', 'Eswatini', 'Turks and Caicos Islands', 'Chad', 'French Southern Territories', 'Togo', 'Thailand', 'Tajikistan', 'Tokelau', 'Timor-Leste', 'Turkmenistan', 'Tunisia', 'Tonga', 'Türkiye', 'Trinidad and Tobago', 'Tuvalu', 'Taiwan', 'Tanzania', 'Ukraine', 'Uganda', 'U.S. Outlying Islands', 'United States', 'Uruguay', 'Uzbekistan', 'Vatican City', 'St Vincent and Grenadines', 'Venezuela', 'British Virgin Islands', 'U.S. Virgin Islands', 'Vietnam', 'Vanuatu', 'Wallis and Futuna', 'Samoa', 'Kosovo', 'Yemen', 'Mayotte', 'South Africa', 'Zambia', 'Zimbabwe']
2025-01-30 17:38:37,521 - __main__ - INFO - Response time for the request: 0.11 seconds
2025-01-30 17:38:37,522 - __main__ - INFO - ----------------------------------------------------------------------------------------------------
2025-01-30 17:39:04,484 - __main__ - INFO - Request came to fetch all states from India.
2025-01-30 17:39:04,693 - __main__ - INFO - response: ['Andaman and Nicobar', 'Andhra Pradesh', 'Arunachal Pradesh', 'Assam', 'Bihar', 'Chandigarh', 'Chhattisgarh', 'Dadra and Nagar Haveli and Daman and Diu', 'Delhi', 'Goa', 'Gujarat', 'Haryana', 'Himachal Pradesh', 'Jammu and Kashmir', 'Jharkhand', 'Karnataka', 'Kerala', 'Ladakh', 'Lakshadweep', 'Madhya Pradesh', 'Maharashtra', 'Manipur', 'Meghalaya', 'Mizoram', 'Nagaland', 'Odisha', 'Puducherry', 'Punjab', 'Rajasthan', 'Sikkim', 'Tamil Nadu', 'Telangana', 'Tripura', 'Uttar Pradesh', 'Uttarakhand', 'West Bengal']
2025-01-30 17:39:04,694 - __main__ - INFO - Response time for the request: 0.21 seconds
2025-01-30 17:39:04,694 - __main__ - INFO - ----------------------------------------------------------------------------------------------------
2025-01-30 17:39:04,750 - __main__ - INFO - Request came to fetch all states from India.
2025-01-30 17:39:05,185 - __main__ - INFO - response: ['Andaman and Nicobar', 'Andhra Pradesh', 'Arunachal Pradesh', 'Assam', 'Bihar', 'Chandigarh', 'Chhattisgarh', 'Dadra and Nagar Haveli and Daman and Diu', 'Delhi', 'Goa', 'Gujarat', 'Haryana', 'Himachal Pradesh', 'Jammu and Kashmir', 'Jharkhand', 'Karnataka', 'Kerala', 'Ladakh', 'Lakshadweep', 'Madhya Pradesh', 'Maharashtra', 'Manipur', 'Meghalaya', 'Mizoram', 'Nagaland', 'Odisha', 'Puducherry', 'Punjab', 'Rajasthan', 'Sikkim', 'Tamil Nadu', 'Telangana', 'Tripura', 'Uttar Pradesh', 'Uttarakhand', 'West Bengal']
2025-01-30 17:39:05,186 - __main__ - INFO - Response time for the request: 0.44 seconds
2025-01-30 17:39:05,187 - __main__ - INFO - ----------------------------------------------------------------------------------------------------
2025-01-30 17:39:13,032 - __main__ - INFO - Request came to fetch all states from i.
2025-01-30 17:39:13,505 - __main__ - INFO - Request came to fetch all states from ind.
2025-01-30 17:39:13,517 - __main__ - INFO - Request came to fetch all states from in.
2025-01-30 17:39:13,543 - __main__ - INFO - Request came to fetch all states from indi.
2025-01-30 17:39:13,666 - __main__ - INFO - response: []
2025-01-30 17:39:13,666 - __main__ - INFO - Response time for the request: 0.63 seconds
2025-01-30 17:39:13,667 - __main__ - INFO - ----------------------------------------------------------------------------------------------------
2025-01-30 17:39:13,768 - __main__ - INFO - Request came to fetch all states from i.
2025-01-30 17:39:13,861 - __main__ - INFO - response: []
2025-01-30 17:39:13,862 - __main__ - INFO - Response time for the request: 0.36 seconds
2025-01-30 17:39:13,863 - __main__ - INFO - ----------------------------------------------------------------------------------------------------
2025-01-30 17:39:13,884 - __main__ - INFO - response: []
2025-01-30 17:39:13,885 - __main__ - INFO - Response time for the request: 0.37 seconds
2025-01-30 17:39:13,885 - __main__ - INFO - ----------------------------------------------------------------------------------------------------
2025-01-30 17:39:13,906 - __main__ - INFO - response: []
2025-01-30 17:39:13,906 - __main__ - INFO - Response time for the request: 0.36 seconds
2025-01-30 17:39:13,906 - __main__ - INFO - ----------------------------------------------------------------------------------------------------
2025-01-30 17:39:14,092 - __main__ - INFO - response: []
2025-01-30 17:39:14,093 - __main__ - INFO - Response time for the request: 0.33 seconds
2025-01-30 17:39:14,093 - __main__ - INFO - ----------------------------------------------------------------------------------------------------
2025-01-30 17:39:14,756 - __main__ - INFO - Request came to fetch all states from india.
2025-01-30 17:39:15,014 - __main__ - INFO - response: ['Andaman and Nicobar', 'Andhra Pradesh', 'Arunachal Pradesh', 'Assam', 'Bihar', 'Chandigarh', 'Chhattisgarh', 'Dadra and Nagar Haveli and Daman and Diu', 'Delhi', 'Goa', 'Gujarat', 'Haryana', 'Himachal Pradesh', 'Jammu and Kashmir', 'Jharkhand', 'Karnataka', 'Kerala', 'Ladakh', 'Lakshadweep', 'Madhya Pradesh', 'Maharashtra', 'Manipur', 'Meghalaya', 'Mizoram', 'Nagaland', 'Odisha', 'Puducherry', 'Punjab', 'Rajasthan', 'Sikkim', 'Tamil Nadu', 'Telangana', 'Tripura', 'Uttar Pradesh', 'Uttarakhand', 'West Bengal']
2025-01-30 17:39:15,015 - __main__ - INFO - Response time for the request: 0.26 seconds
2025-01-30 17:39:15,016 - __main__ - INFO - ----------------------------------------------------------------------------------------------------
2025-01-30 17:39:17,875 - __main__ - INFO - Request came to fetch all districts from t, india.
2025-01-30 17:39:18,055 - __main__ - INFO - Request came to fetch all districts from tm, india.
2025-01-30 17:39:18,255 - __main__ - INFO - Request came to fetch all districts from tma, india.
2025-01-30 17:39:18,324 - __main__ - INFO - Request came to fetch all districts from tmai, india.
2025-01-30 17:39:18,565 - __main__ - INFO - response: []
2025-01-30 17:39:18,565 - __main__ - INFO - Response time for the request: 0.69 seconds
2025-01-30 17:39:18,566 - __main__ - INFO - ----------------------------------------------------------------------------------------------------
2025-01-30 17:39:18,591 - __main__ - INFO - Request came to fetch all districts from tmail, india.
2025-01-30 17:39:18,650 - __main__ - INFO - response: []
2025-01-30 17:39:18,650 - __main__ - INFO - Response time for the request: 0.60 seconds
2025-01-30 17:39:18,651 - __main__ - INFO - ----------------------------------------------------------------------------------------------------
2025-01-30 17:39:18,676 - __main__ - INFO - Request came to fetch all districts from t, india.
2025-01-30 17:39:19,242 - __main__ - INFO - response: []
2025-01-30 17:39:19,242 - __main__ - INFO - Response time for the request: 0.99 seconds
2025-01-30 17:39:19,243 - __main__ - INFO - ----------------------------------------------------------------------------------------------------
2025-01-30 17:39:19,337 - __main__ - INFO - response: []
2025-01-30 17:39:19,338 - __main__ - INFO - Response time for the request: 1.02 seconds
2025-01-30 17:39:19,338 - __main__ - INFO - ----------------------------------------------------------------------------------------------------
2025-01-30 17:39:19,382 - __main__ - INFO - Request came to fetch all districts from tmail\, india.
2025-01-30 17:39:19,736 - __main__ - INFO - response: []
2025-01-30 17:39:19,739 - __main__ - INFO - Response time for the request: 1.15 seconds
2025-01-30 17:39:19,739 - __main__ - INFO - ----------------------------------------------------------------------------------------------------
2025-01-30 17:39:19,788 - __main__ - INFO - Request came to fetch all districts from tmail\\, india.
2025-01-30 17:39:19,997 - __main__ - INFO - response: []
2025-01-30 17:39:19,998 - __main__ - INFO - Response time for the request: 1.32 seconds
2025-01-30 17:39:19,998 - __main__ - INFO - ----------------------------------------------------------------------------------------------------
2025-01-30 17:39:20,035 - __main__ - INFO - response: []
2025-01-30 17:39:20,035 - __main__ - INFO - Response time for the request: 0.65 seconds
2025-01-30 17:39:20,036 - __main__ - INFO - ----------------------------------------------------------------------------------------------------
2025-01-30 17:39:20,215 - __main__ - INFO - response: []
2025-01-30 17:39:20,216 - __main__ - INFO - Response time for the request: 0.44 seconds
2025-01-30 17:39:20,216 - __main__ - INFO - ----------------------------------------------------------------------------------------------------
2025-01-30 17:39:20,234 - __main__ - INFO - Request came to fetch all districts from tmail, india.
2025-01-30 17:39:20,392 - __main__ - INFO - Request came to fetch all districts from tmai, india.
2025-01-30 17:39:20,394 - __main__ - INFO - Request came to fetch all districts from tmail\, india.
2025-01-30 17:39:20,594 - __main__ - INFO - Request came to fetch all districts from tma, india.
2025-01-30 17:39:20,882 - __main__ - INFO - Request came to fetch all districts from tm, india.
2025-01-30 17:39:21,077 - __main__ - INFO - Request came to fetch all districts from t, india.
2025-01-30 17:39:21,300 - __main__ - INFO - response: []
2025-01-30 17:39:21,300 - __main__ - INFO - Response time for the request: 1.07 seconds
2025-01-30 17:39:21,301 - __main__ - INFO - ----------------------------------------------------------------------------------------------------
2025-01-30 17:39:21,834 - __main__ - INFO - Request came to fetch all districts from ta, india.
2025-01-30 17:39:21,860 - __main__ - INFO - response: []
2025-01-30 17:39:21,864 - __main__ - INFO - Response time for the request: 1.47 seconds
2025-01-30 17:39:21,864 - __main__ - INFO - ----------------------------------------------------------------------------------------------------
2025-01-30 17:39:21,873 - __main__ - INFO - response: []
2025-01-30 17:39:21,886 - __main__ - INFO - Response time for the request: 1.49 seconds
2025-01-30 17:39:21,905 - __main__ - INFO - ----------------------------------------------------------------------------------------------------
2025-01-30 17:39:21,920 - __main__ - INFO - response: []
2025-01-30 17:39:21,920 - __main__ - INFO - Response time for the request: 1.04 seconds
2025-01-30 17:39:21,920 - __main__ - INFO - ----------------------------------------------------------------------------------------------------
2025-01-30 17:39:21,940 - __main__ - INFO - response: []
2025-01-30 17:39:21,941 - __main__ - INFO - Response time for the request: 0.86 seconds
2025-01-30 17:39:21,941 - __main__ - INFO - ----------------------------------------------------------------------------------------------------
2025-01-30 17:39:21,943 - __main__ - INFO - response: []
2025-01-30 17:39:21,943 - __main__ - INFO - Response time for the request: 1.35 seconds
2025-01-30 17:39:21,944 - __main__ - INFO - ----------------------------------------------------------------------------------------------------
2025-01-30 17:39:22,351 - __main__ - INFO - Request came to fetch all districts from tam, india.
2025-01-30 17:39:22,528 - __main__ - INFO - response: []
2025-01-30 17:39:22,530 - __main__ - INFO - Response time for the request: 0.70 seconds
2025-01-30 17:39:22,530 - __main__ - INFO - ----------------------------------------------------------------------------------------------------
2025-01-30 17:39:22,605 - __main__ - INFO - Request came to fetch all districts from tamil, india.
2025-01-30 17:39:22,608 - __main__ - INFO - Request came to fetch all districts from tami, india.
2025-01-30 17:39:22,709 - __main__ - INFO - response: []
2025-01-30 17:39:22,709 - __main__ - INFO - Response time for the request: 0.36 seconds
2025-01-30 17:39:22,710 - __main__ - INFO - ----------------------------------------------------------------------------------------------------
2025-01-30 17:39:23,039 - __main__ - INFO - response: []
2025-01-30 17:39:23,040 - __main__ - INFO - Response time for the request: 0.43 seconds
2025-01-30 17:39:23,040 - __main__ - INFO - ----------------------------------------------------------------------------------------------------
2025-01-30 17:39:23,049 - __main__ - INFO - response: []
2025-01-30 17:39:23,049 - __main__ - INFO - Response time for the request: 0.44 seconds
2025-01-30 17:39:23,050 - __main__ - INFO - ----------------------------------------------------------------------------------------------------
2025-01-30 17:39:23,393 - __main__ - INFO - Request came to fetch all districts from tamil nadu, india.
2025-01-30 17:39:25,357 - __main__ - INFO - Response time for the request: 1.96 seconds
2025-01-30 17:39:25,358 - __main__ - INFO - ----------------------------------------------------------------------------------------------------
2025-01-30 17:43:37,603 - __main__ - INFO - Request came to fetch all countries.
2025-01-30 17:43:37,779 - __main__ - INFO - response: ['Andorra', 'United Arab Emirates', 'Afghanistan', 'Antigua and Barbuda', 'Anguilla', 'Albania', 'Armenia', 'Angola', 'Antarctica', 'Argentina', 'American Samoa', 'Austria', 'Australia', 'Aruba', 'Åland', 'Azerbaijan', 'Bosnia and Herzegovina', 'Barbados', 'Bangladesh', 'Belgium', 'Burkina Faso', 'Bulgaria', 'Bahrain', 'Burundi', 'Benin', 'Saint Barthélemy', 'Bermuda', 'Brunei', 'Bolivia', 'Bonaire, Sint Eustatius, and Saba', 'Brazil', 'Bahamas', 'Bhutan', 'Bouvet Island', 'Botswana', 'Belarus', 'Belize', 'Canada', 'Cocos (Keeling) Islands', 'DR Congo', 'Central African Republic', 'Congo Republic', 'Switzerland', 'Ivory Coast', 'Cook Islands', 'Chile', 'Cameroon', 'China', 'Colombia', 'Costa Rica', 'Cuba', 'Cabo Verde', 'Curaçao', 'Christmas Island', 'Cyprus', 'Czechia', 'Germany', 'Djibouti', 'Denmark', 'Dominica', 'Dominican Republic', 'Algeria', 'Ecuador', 'Estonia', 'Egypt', 'Western Sahara', 'Eritrea', 'Spain', 'Ethiopia', 'Finland', 'Fiji', 'Falkland Islands', 'Micronesia', 'Faroe Islands', 'France', 'Gabon', 'United Kingdom', 'Grenada', 'Georgia', 'French Guiana', 'Guernsey', 'Ghana', 'Gibraltar', 'Greenland', 'The Gambia', 'Guinea', 'Guadeloupe', 'Equatorial Guinea', 'Greece', 'South Georgia and South Sandwich Islands', 'Guatemala', 'Guam', 'Guinea-Bissau', 'Guyana', 'Hong Kong', 'Heard and McDonald Islands', 'Honduras', 'Croatia', 'Haiti', 'Hungary', 'Indonesia', 'Ireland', 'Israel', 'Isle of Man', 'India', 'British Indian Ocean Territory', 'Iraq', 'Iran', 'Iceland', 'Italy', 'Jersey', 'Jamaica', 'Jordan', 'Japan', 'Kenya', 'Kyrgyzstan', 'Cambodia', 'Kiribati', 'Comoros', 'St Kitts and Nevis', 'North Korea', 'South Korea', 'Kuwait', 'Cayman Islands', 'Kazakhstan', 'Laos', 'Lebanon', 'Saint Lucia', 'Liechtenstein', 'Sri Lanka', 'Liberia', 'Lesotho', 'Lithuania', 'Luxembourg', 'Latvia', 'Libya', 'Morocco', 'Monaco', 'Moldova', 'Montenegro', 'Saint Martin', 'Madagascar', 'Marshall Islands', 'North Macedonia', 'Mali', 'Myanmar', 'Mongolia', 'Macao', 'Northern Mariana Islands', 'Martinique', 'Mauritania', 'Montserrat', 'Malta', 'Mauritius', 'Maldives', 'Malawi', 'Mexico', 'Malaysia', 'Mozambique', 'Namibia', 'New Caledonia', 'Niger', 'Norfolk Island', 'Nigeria', 'Nicaragua', 'The Netherlands', 'Norway', 'Nepal', 'Nauru', 'Niue', 'New Zealand', 'Oman', 'Panama', 'Peru', 'French Polynesia', 'Papua New Guinea', 'Philippines', 'Pakistan', 'Poland', 'Saint Pierre and Miquelon', 'Pitcairn Islands', 'Puerto Rico', 'Palestine', 'Portugal', 'Palau', 'Paraguay', 'Qatar', 'Réunion', 'Romania', 'Serbia', 'Russia', 'Rwanda', 'Saudi Arabia', 'Solomon Islands', 'Seychelles', 'Sudan', 'Sweden', 'Singapore', 'Saint Helena', 'Slovenia', 'Svalbard and Jan Mayen', 'Slovakia', 'Sierra Leone', 'San Marino', 'Senegal', 'Somalia', 'Suriname', 'South Sudan', 'São Tomé and Príncipe', 'El Salvador', 'Sint Maarten', 'Syria', 'Eswatini', 'Turks and Caicos Islands', 'Chad', 'French Southern Territories', 'Togo', 'Thailand', 'Tajikistan', 'Tokelau', 'Timor-Leste', 'Turkmenistan', 'Tunisia', 'Tonga', 'Türkiye', 'Trinidad and Tobago', 'Tuvalu', 'Taiwan', 'Tanzania', 'Ukraine', 'Uganda', 'U.S. Outlying Islands', 'United States', 'Uruguay', 'Uzbekistan', 'Vatican City', 'St Vincent and Grenadines', 'Venezuela', 'British Virgin Islands', 'U.S. Virgin Islands', 'Vietnam', 'Vanuatu', 'Wallis and Futuna', 'Samoa', 'Kosovo', 'Yemen', 'Mayotte', 'South Africa', 'Zambia', 'Zimbabwe']
2025-01-30 17:43:37,790 - __main__ - INFO - Response time for the request: 0.19 seconds
2025-01-30 17:43:37,791 - __main__ - INFO - ----------------------------------------------------------------------------------------------------
2025-01-30 17:43:37,844 - __main__ - INFO - Request came to fetch all countries.
2025-01-30 17:43:37,976 - __main__ - INFO - response: ['Andorra', 'United Arab Emirates', 'Afghanistan', 'Antigua and Barbuda', 'Anguilla', 'Albania', 'Armenia', 'Angola', 'Antarctica', 'Argentina', 'American Samoa', 'Austria', 'Australia', 'Aruba', 'Åland', 'Azerbaijan', 'Bosnia and Herzegovina', 'Barbados', 'Bangladesh', 'Belgium', 'Burkina Faso', 'Bulgaria', 'Bahrain', 'Burundi', 'Benin', 'Saint Barthélemy', 'Bermuda', 'Brunei', 'Bolivia', 'Bonaire, Sint Eustatius, and Saba', 'Brazil', 'Bahamas', 'Bhutan', 'Bouvet Island', 'Botswana', 'Belarus', 'Belize', 'Canada', 'Cocos (Keeling) Islands', 'DR Congo', 'Central African Republic', 'Congo Republic', 'Switzerland', 'Ivory Coast', 'Cook Islands', 'Chile', 'Cameroon', 'China', 'Colombia', 'Costa Rica', 'Cuba', 'Cabo Verde', 'Curaçao', 'Christmas Island', 'Cyprus', 'Czechia', 'Germany', 'Djibouti', 'Denmark', 'Dominica', 'Dominican Republic', 'Algeria', 'Ecuador', 'Estonia', 'Egypt', 'Western Sahara', 'Eritrea', 'Spain', 'Ethiopia', 'Finland', 'Fiji', 'Falkland Islands', 'Micronesia', 'Faroe Islands', 'France', 'Gabon', 'United Kingdom', 'Grenada', 'Georgia', 'French Guiana', 'Guernsey', 'Ghana', 'Gibraltar', 'Greenland', 'The Gambia', 'Guinea', 'Guadeloupe', 'Equatorial Guinea', 'Greece', 'South Georgia and South Sandwich Islands', 'Guatemala', 'Guam', 'Guinea-Bissau', 'Guyana', 'Hong Kong', 'Heard and McDonald Islands', 'Honduras', 'Croatia', 'Haiti', 'Hungary', 'Indonesia', 'Ireland', 'Israel', 'Isle of Man', 'India', 'British Indian Ocean Territory', 'Iraq', 'Iran', 'Iceland', 'Italy', 'Jersey', 'Jamaica', 'Jordan', 'Japan', 'Kenya', 'Kyrgyzstan', 'Cambodia', 'Kiribati', 'Comoros', 'St Kitts and Nevis', 'North Korea', 'South Korea', 'Kuwait', 'Cayman Islands', 'Kazakhstan', 'Laos', 'Lebanon', 'Saint Lucia', 'Liechtenstein', 'Sri Lanka', 'Liberia', 'Lesotho', 'Lithuania', 'Luxembourg', 'Latvia', 'Libya', 'Morocco', 'Monaco', 'Moldova', 'Montenegro', 'Saint Martin', 'Madagascar', 'Marshall Islands', 'North Macedonia', 'Mali', 'Myanmar', 'Mongolia', 'Macao', 'Northern Mariana Islands', 'Martinique', 'Mauritania', 'Montserrat', 'Malta', 'Mauritius', 'Maldives', 'Malawi', 'Mexico', 'Malaysia', 'Mozambique', 'Namibia', 'New Caledonia', 'Niger', 'Norfolk Island', 'Nigeria', 'Nicaragua', 'The Netherlands', 'Norway', 'Nepal', 'Nauru', 'Niue', 'New Zealand', 'Oman', 'Panama', 'Peru', 'French Polynesia', 'Papua New Guinea', 'Philippines', 'Pakistan', 'Poland', 'Saint Pierre and Miquelon', 'Pitcairn Islands', 'Puerto Rico', 'Palestine', 'Portugal', 'Palau', 'Paraguay', 'Qatar', 'Réunion', 'Romania', 'Serbia', 'Russia', 'Rwanda', 'Saudi Arabia', 'Solomon Islands', 'Seychelles', 'Sudan', 'Sweden', 'Singapore', 'Saint Helena', 'Slovenia', 'Svalbard and Jan Mayen', 'Slovakia', 'Sierra Leone', 'San Marino', 'Senegal', 'Somalia', 'Suriname', 'South Sudan', 'São Tomé and Príncipe', 'El Salvador', 'Sint Maarten', 'Syria', 'Eswatini', 'Turks and Caicos Islands', 'Chad', 'French Southern Territories', 'Togo', 'Thailand', 'Tajikistan', 'Tokelau', 'Timor-Leste', 'Turkmenistan', 'Tunisia', 'Tonga', 'Türkiye', 'Trinidad and Tobago', 'Tuvalu', 'Taiwan', 'Tanzania', 'Ukraine', 'Uganda', 'U.S. Outlying Islands', 'United States', 'Uruguay', 'Uzbekistan', 'Vatican City', 'St Vincent and Grenadines', 'Venezuela', 'British Virgin Islands', 'U.S. Virgin Islands', 'Vietnam', 'Vanuatu', 'Wallis and Futuna', 'Samoa', 'Kosovo', 'Yemen', 'Mayotte', 'South Africa', 'Zambia', 'Zimbabwe']
2025-01-30 17:43:37,981 - __main__ - INFO - Response time for the request: 0.14 seconds
2025-01-30 17:43:37,981 - __main__ - INFO - ----------------------------------------------------------------------------------------------------
2025-01-30 17:43:41,952 - __main__ - INFO - Request came to fetch all states from i.
2025-01-30 17:43:42,350 - __main__ - INFO - response: []
2025-01-30 17:43:42,352 - __main__ - INFO - Response time for the request: 0.40 seconds
2025-01-30 17:43:42,352 - __main__ - INFO - ----------------------------------------------------------------------------------------------------
2025-01-30 17:43:42,578 - __main__ - INFO - Request came to fetch all states from in.
2025-01-30 17:43:42,838 - __main__ - INFO - Request came to fetch all states from i.
2025-01-30 17:43:42,954 - __main__ - INFO - Request came to fetch all states from ind.
2025-01-30 17:43:42,969 - __main__ - INFO - Request came to fetch all states from indi.
2025-01-30 17:43:42,992 - __main__ - INFO - response: []
2025-01-30 17:43:42,992 - __main__ - INFO - Response time for the request: 0.41 seconds
2025-01-30 17:43:42,992 - __main__ - INFO - ----------------------------------------------------------------------------------------------------
2025-01-30 17:43:43,109 - __main__ - INFO - Request came to fetch all states from india.
2025-01-30 17:43:43,112 - __main__ - INFO - response: []
2025-01-30 17:43:43,112 - __main__ - INFO - Response time for the request: 0.27 seconds
2025-01-30 17:43:43,113 - __main__ - INFO - ----------------------------------------------------------------------------------------------------
2025-01-30 17:43:43,200 - __main__ - INFO - response: []
2025-01-30 17:43:43,201 - __main__ - INFO - Response time for the request: 0.25 seconds
2025-01-30 17:43:43,201 - __main__ - INFO - ----------------------------------------------------------------------------------------------------
2025-01-30 17:43:43,289 - __main__ - INFO - response: []
2025-01-30 17:43:43,289 - __main__ - INFO - Response time for the request: 0.32 seconds
2025-01-30 17:43:43,290 - __main__ - INFO - ----------------------------------------------------------------------------------------------------
2025-01-30 17:43:43,321 - __main__ - INFO - response: ['Andaman and Nicobar', 'Andhra Pradesh', 'Arunachal Pradesh', 'Assam', 'Bihar', 'Chandigarh', 'Chhattisgarh', 'Dadra and Nagar Haveli and Daman and Diu', 'Delhi', 'Goa', 'Gujarat', 'Haryana', 'Himachal Pradesh', 'Jammu and Kashmir', 'Jharkhand', 'Karnataka', 'Kerala', 'Ladakh', 'Lakshadweep', 'Madhya Pradesh', 'Maharashtra', 'Manipur', 'Meghalaya', 'Mizoram', 'Nagaland', 'Odisha', 'Puducherry', 'Punjab', 'Rajasthan', 'Sikkim', 'Tamil Nadu', 'Telangana', 'Tripura', 'Uttar Pradesh', 'Uttarakhand', 'West Bengal']
2025-01-30 17:43:43,322 - __main__ - INFO - Response time for the request: 0.21 seconds
2025-01-30 17:43:43,322 - __main__ - INFO - ----------------------------------------------------------------------------------------------------
2025-01-30 17:43:44,251 - __main__ - INFO - Request came to fetch all states from India.
2025-01-30 17:43:44,387 - __main__ - INFO - response: ['Andaman and Nicobar', 'Andhra Pradesh', 'Arunachal Pradesh', 'Assam', 'Bihar', 'Chandigarh', 'Chhattisgarh', 'Dadra and Nagar Haveli and Daman and Diu', 'Delhi', 'Goa', 'Gujarat', 'Haryana', 'Himachal Pradesh', 'Jammu and Kashmir', 'Jharkhand', 'Karnataka', 'Kerala', 'Ladakh', 'Lakshadweep', 'Madhya Pradesh', 'Maharashtra', 'Manipur', 'Meghalaya', 'Mizoram', 'Nagaland', 'Odisha', 'Puducherry', 'Punjab', 'Rajasthan', 'Sikkim', 'Tamil Nadu', 'Telangana', 'Tripura', 'Uttar Pradesh', 'Uttarakhand', 'West Bengal']
2025-01-30 17:43:44,388 - __main__ - INFO - Response time for the request: 0.14 seconds
2025-01-30 17:43:44,389 - __main__ - INFO - ----------------------------------------------------------------------------------------------------
2025-01-30 17:43:45,726 - __main__ - INFO - Request came to fetch all districts from t, India.
2025-01-30 17:43:46,108 - __main__ - INFO - response: []
2025-01-30 17:43:46,108 - __main__ - INFO - Response time for the request: 0.38 seconds
2025-01-30 17:43:46,108 - __main__ - INFO - ----------------------------------------------------------------------------------------------------
2025-01-30 17:43:46,189 - __main__ - INFO - Request came to fetch all districts from tm, India.
2025-01-30 17:43:46,313 - __main__ - INFO - Request came to fetch all districts from tma, India.
2025-01-30 17:43:46,395 - __main__ - INFO - Request came to fetch all districts from tmai, India.
2025-01-30 17:43:46,447 - __main__ - INFO - Request came to fetch all districts from t, India.
2025-01-30 17:43:46,478 - __main__ - INFO - response: []
2025-01-30 17:43:46,478 - __main__ - INFO - Response time for the request: 0.29 seconds
2025-01-30 17:43:46,479 - __main__ - INFO - ----------------------------------------------------------------------------------------------------
2025-01-30 17:43:46,594 - __main__ - INFO - Request came to fetch all districts from tmail, India.
2025-01-30 17:43:46,843 - __main__ - INFO - response: []
2025-01-30 17:43:46,843 - __main__ - INFO - Response time for the request: 0.53 seconds
2025-01-30 17:43:46,843 - __main__ - INFO - ----------------------------------------------------------------------------------------------------
2025-01-30 17:43:46,904 - __main__ - INFO - response: []
2025-01-30 17:43:46,906 - __main__ - INFO - Response time for the request: 0.51 seconds
2025-01-30 17:43:46,907 - __main__ - INFO - ----------------------------------------------------------------------------------------------------
2025-01-30 17:43:47,051 - __main__ - INFO - response: []
2025-01-30 17:43:47,052 - __main__ - INFO - Response time for the request: 0.46 seconds
2025-01-30 17:43:47,052 - __main__ - INFO - ----------------------------------------------------------------------------------------------------
2025-01-30 17:43:47,070 - __main__ - INFO - response: []
2025-01-30 17:43:47,071 - __main__ - INFO - Response time for the request: 0.62 seconds
2025-01-30 17:43:47,071 - __main__ - INFO - ----------------------------------------------------------------------------------------------------
2025-01-30 17:43:51,925 - __main__ - INFO - Request came to fetch all districts from tmai, India.
2025-01-30 17:43:52,041 - __main__ - INFO - Request came to fetch all districts from tma, India.
2025-01-30 17:43:52,175 - __main__ - INFO - Request came to fetch all districts from tm, India.
2025-01-30 17:43:52,207 - __main__ - INFO - Request came to fetch all districts from t, India.
2025-01-30 17:43:52,235 - __main__ - INFO - response: []
2025-01-30 17:43:52,236 - __main__ - INFO - Response time for the request: 0.31 seconds
2025-01-30 17:43:52,236 - __main__ - INFO - ----------------------------------------------------------------------------------------------------
2025-01-30 17:43:52,454 - __main__ - INFO - response: []
2025-01-30 17:43:52,454 - __main__ - INFO - Response time for the request: 0.41 seconds
2025-01-30 17:43:52,455 - __main__ - INFO - ----------------------------------------------------------------------------------------------------
2025-01-30 17:43:52,574 - __main__ - INFO - response: []
2025-01-30 17:43:52,575 - __main__ - INFO - Response time for the request: 0.37 seconds
2025-01-30 17:43:52,575 - __main__ - INFO - ----------------------------------------------------------------------------------------------------
2025-01-30 17:43:52,578 - __main__ - INFO - response: []
2025-01-30 17:43:52,579 - __main__ - INFO - Response time for the request: 0.40 seconds
2025-01-30 17:43:52,580 - __main__ - INFO - ----------------------------------------------------------------------------------------------------
2025-01-30 17:43:52,753 - __main__ - INFO - Request came to fetch all districts from ta, India.
2025-01-30 17:43:53,119 - __main__ - INFO - response: []
2025-01-30 17:43:53,120 - __main__ - INFO - Response time for the request: 0.37 seconds
2025-01-30 17:43:53,120 - __main__ - INFO - ----------------------------------------------------------------------------------------------------
2025-01-30 17:43:53,224 - __main__ - INFO - Request came to fetch all districts from tam, India.
2025-01-30 17:43:53,301 - __main__ - INFO - Request came to fetch all districts from tami, India.
2025-01-30 17:43:53,495 - __main__ - INFO - Request came to fetch all districts from tamil, India.
2025-01-30 17:43:53,514 - __main__ - INFO - response: []
2025-01-30 17:43:53,515 - __main__ - INFO - Response time for the request: 0.29 seconds
2025-01-30 17:43:53,516 - __main__ - INFO - ----------------------------------------------------------------------------------------------------
2025-01-30 17:43:53,626 - __main__ - INFO - response: []
2025-01-30 17:43:53,626 - __main__ - INFO - Response time for the request: 0.33 seconds
2025-01-30 17:43:53,627 - __main__ - INFO - ----------------------------------------------------------------------------------------------------
2025-01-30 17:43:53,792 - __main__ - INFO - response: []
2025-01-30 17:43:53,792 - __main__ - INFO - Response time for the request: 0.30 seconds
2025-01-30 17:43:53,793 - __main__ - INFO - ----------------------------------------------------------------------------------------------------
2025-01-30 17:43:54,644 - __main__ - INFO - Request came to fetch all districts from Tamil Nadu, India.
2025-01-30 17:43:56,669 - __main__ - INFO - Response time for the request: 2.03 seconds
2025-01-30 17:43:56,670 - __main__ - INFO - ----------------------------------------------------------------------------------------------------
2025-01-30 17:46:25,990 - __main__ - INFO - Request came to fetch all countries.
2025-01-30 17:46:26,144 - __main__ - INFO - response: ['Andorra', 'United Arab Emirates', 'Afghanistan', 'Antigua and Barbuda', 'Anguilla', 'Albania', 'Armenia', 'Angola', 'Antarctica', 'Argentina', 'American Samoa', 'Austria', 'Australia', 'Aruba', 'Åland', 'Azerbaijan', 'Bosnia and Herzegovina', 'Barbados', 'Bangladesh', 'Belgium', 'Burkina Faso', 'Bulgaria', 'Bahrain', 'Burundi', 'Benin', 'Saint Barthélemy', 'Bermuda', 'Brunei', 'Bolivia', 'Bonaire, Sint Eustatius, and Saba', 'Brazil', 'Bahamas', 'Bhutan', 'Bouvet Island', 'Botswana', 'Belarus', 'Belize', 'Canada', 'Cocos (Keeling) Islands', 'DR Congo', 'Central African Republic', 'Congo Republic', 'Switzerland', 'Ivory Coast', 'Cook Islands', 'Chile', 'Cameroon', 'China', 'Colombia', 'Costa Rica', 'Cuba', 'Cabo Verde', 'Curaçao', 'Christmas Island', 'Cyprus', 'Czechia', 'Germany', 'Djibouti', 'Denmark', 'Dominica', 'Dominican Republic', 'Algeria', 'Ecuador', 'Estonia', 'Egypt', 'Western Sahara', 'Eritrea', 'Spain', 'Ethiopia', 'Finland', 'Fiji', 'Falkland Islands', 'Micronesia', 'Faroe Islands', 'France', 'Gabon', 'United Kingdom', 'Grenada', 'Georgia', 'French Guiana', 'Guernsey', 'Ghana', 'Gibraltar', 'Greenland', 'The Gambia', 'Guinea', 'Guadeloupe', 'Equatorial Guinea', 'Greece', 'South Georgia and South Sandwich Islands', 'Guatemala', 'Guam', 'Guinea-Bissau', 'Guyana', 'Hong Kong', 'Heard and McDonald Islands', 'Honduras', 'Croatia', 'Haiti', 'Hungary', 'Indonesia', 'Ireland', 'Israel', 'Isle of Man', 'India', 'British Indian Ocean Territory', 'Iraq', 'Iran', 'Iceland', 'Italy', 'Jersey', 'Jamaica', 'Jordan', 'Japan', 'Kenya', 'Kyrgyzstan', 'Cambodia', 'Kiribati', 'Comoros', 'St Kitts and Nevis', 'North Korea', 'South Korea', 'Kuwait', 'Cayman Islands', 'Kazakhstan', 'Laos', 'Lebanon', 'Saint Lucia', 'Liechtenstein', 'Sri Lanka', 'Liberia', 'Lesotho', 'Lithuania', 'Luxembourg', 'Latvia', 'Libya', 'Morocco', 'Monaco', 'Moldova', 'Montenegro', 'Saint Martin', 'Madagascar', 'Marshall Islands', 'North Macedonia', 'Mali', 'Myanmar', 'Mongolia', 'Macao', 'Northern Mariana Islands', 'Martinique', 'Mauritania', 'Montserrat', 'Malta', 'Mauritius', 'Maldives', 'Malawi', 'Mexico', 'Malaysia', 'Mozambique', 'Namibia', 'New Caledonia', 'Niger', 'Norfolk Island', 'Nigeria', 'Nicaragua', 'The Netherlands', 'Norway', 'Nepal', 'Nauru', 'Niue', 'New Zealand', 'Oman', 'Panama', 'Peru', 'French Polynesia', 'Papua New Guinea', 'Philippines', 'Pakistan', 'Poland', 'Saint Pierre and Miquelon', 'Pitcairn Islands', 'Puerto Rico', 'Palestine', 'Portugal', 'Palau', 'Paraguay', 'Qatar', 'Réunion', 'Romania', 'Serbia', 'Russia', 'Rwanda', 'Saudi Arabia', 'Solomon Islands', 'Seychelles', 'Sudan', 'Sweden', 'Singapore', 'Saint Helena', 'Slovenia', 'Svalbard and Jan Mayen', 'Slovakia', 'Sierra Leone', 'San Marino', 'Senegal', 'Somalia', 'Suriname', 'South Sudan', 'São Tomé and Príncipe', 'El Salvador', 'Sint Maarten', 'Syria', 'Eswatini', 'Turks and Caicos Islands', 'Chad', 'French Southern Territories', 'Togo', 'Thailand', 'Tajikistan', 'Tokelau', 'Timor-Leste', 'Turkmenistan', 'Tunisia', 'Tonga', 'Türkiye', 'Trinidad and Tobago', 'Tuvalu', 'Taiwan', 'Tanzania', 'Ukraine', 'Uganda', 'U.S. Outlying Islands', 'United States', 'Uruguay', 'Uzbekistan', 'Vatican City', 'St Vincent and Grenadines', 'Venezuela', 'British Virgin Islands', 'U.S. Virgin Islands', 'Vietnam', 'Vanuatu', 'Wallis and Futuna', 'Samoa', 'Kosovo', 'Yemen', 'Mayotte', 'South Africa', 'Zambia', 'Zimbabwe']
2025-01-30 17:46:26,149 - __main__ - INFO - Response time for the request: 0.16 seconds
2025-01-30 17:46:26,149 - __main__ - INFO - ----------------------------------------------------------------------------------------------------
2025-01-30 17:46:26,229 - __main__ - INFO - Request came to fetch all countries.
2025-01-30 17:46:26,319 - __main__ - INFO - response: ['Andorra', 'United Arab Emirates', 'Afghanistan', 'Antigua and Barbuda', 'Anguilla', 'Albania', 'Armenia', 'Angola', 'Antarctica', 'Argentina', 'American Samoa', 'Austria', 'Australia', 'Aruba', 'Åland', 'Azerbaijan', 'Bosnia and Herzegovina', 'Barbados', 'Bangladesh', 'Belgium', 'Burkina Faso', 'Bulgaria', 'Bahrain', 'Burundi', 'Benin', 'Saint Barthélemy', 'Bermuda', 'Brunei', 'Bolivia', 'Bonaire, Sint Eustatius, and Saba', 'Brazil', 'Bahamas', 'Bhutan', 'Bouvet Island', 'Botswana', 'Belarus', 'Belize', 'Canada', 'Cocos (Keeling) Islands', 'DR Congo', 'Central African Republic', 'Congo Republic', 'Switzerland', 'Ivory Coast', 'Cook Islands', 'Chile', 'Cameroon', 'China', 'Colombia', 'Costa Rica', 'Cuba', 'Cabo Verde', 'Curaçao', 'Christmas Island', 'Cyprus', 'Czechia', 'Germany', 'Djibouti', 'Denmark', 'Dominica', 'Dominican Republic', 'Algeria', 'Ecuador', 'Estonia', 'Egypt', 'Western Sahara', 'Eritrea', 'Spain', 'Ethiopia', 'Finland', 'Fiji', 'Falkland Islands', 'Micronesia', 'Faroe Islands', 'France', 'Gabon', 'United Kingdom', 'Grenada', 'Georgia', 'French Guiana', 'Guernsey', 'Ghana', 'Gibraltar', 'Greenland', 'The Gambia', 'Guinea', 'Guadeloupe', 'Equatorial Guinea', 'Greece', 'South Georgia and South Sandwich Islands', 'Guatemala', 'Guam', 'Guinea-Bissau', 'Guyana', 'Hong Kong', 'Heard and McDonald Islands', 'Honduras', 'Croatia', 'Haiti', 'Hungary', 'Indonesia', 'Ireland', 'Israel', 'Isle of Man', 'India', 'British Indian Ocean Territory', 'Iraq', 'Iran', 'Iceland', 'Italy', 'Jersey', 'Jamaica', 'Jordan', 'Japan', 'Kenya', 'Kyrgyzstan', 'Cambodia', 'Kiribati', 'Comoros', 'St Kitts and Nevis', 'North Korea', 'South Korea', 'Kuwait', 'Cayman Islands', 'Kazakhstan', 'Laos', 'Lebanon', 'Saint Lucia', 'Liechtenstein', 'Sri Lanka', 'Liberia', 'Lesotho', 'Lithuania', 'Luxembourg', 'Latvia', 'Libya', 'Morocco', 'Monaco', 'Moldova', 'Montenegro', 'Saint Martin', 'Madagascar', 'Marshall Islands', 'North Macedonia', 'Mali', 'Myanmar', 'Mongolia', 'Macao', 'Northern Mariana Islands', 'Martinique', 'Mauritania', 'Montserrat', 'Malta', 'Mauritius', 'Maldives', 'Malawi', 'Mexico', 'Malaysia', 'Mozambique', 'Namibia', 'New Caledonia', 'Niger', 'Norfolk Island', 'Nigeria', 'Nicaragua', 'The Netherlands', 'Norway', 'Nepal', 'Nauru', 'Niue', 'New Zealand', 'Oman', 'Panama', 'Peru', 'French Polynesia', 'Papua New Guinea', 'Philippines', 'Pakistan', 'Poland', 'Saint Pierre and Miquelon', 'Pitcairn Islands', 'Puerto Rico', 'Palestine', 'Portugal', 'Palau', 'Paraguay', 'Qatar', 'Réunion', 'Romania', 'Serbia', 'Russia', 'Rwanda', 'Saudi Arabia', 'Solomon Islands', 'Seychelles', 'Sudan', 'Sweden', 'Singapore', 'Saint Helena', 'Slovenia', 'Svalbard and Jan Mayen', 'Slovakia', 'Sierra Leone', 'San Marino', 'Senegal', 'Somalia', 'Suriname', 'South Sudan', 'São Tomé and Príncipe', 'El Salvador', 'Sint Maarten', 'Syria', 'Eswatini', 'Turks and Caicos Islands', 'Chad', 'French Southern Territories', 'Togo', 'Thailand', 'Tajikistan', 'Tokelau', 'Timor-Leste', 'Turkmenistan', 'Tunisia', 'Tonga', 'Türkiye', 'Trinidad and Tobago', 'Tuvalu', 'Taiwan', 'Tanzania', 'Ukraine', 'Uganda', 'U.S. Outlying Islands', 'United States', 'Uruguay', 'Uzbekistan', 'Vatican City', 'St Vincent and Grenadines', 'Venezuela', 'British Virgin Islands', 'U.S. Virgin Islands', 'Vietnam', 'Vanuatu', 'Wallis and Futuna', 'Samoa', 'Kosovo', 'Yemen', 'Mayotte', 'South Africa', 'Zambia', 'Zimbabwe']
2025-01-30 17:46:26,323 - __main__ - INFO - Response time for the request: 0.09 seconds
2025-01-30 17:46:26,323 - __main__ - INFO - ----------------------------------------------------------------------------------------------------
2025-01-30 17:46:33,938 - __main__ - INFO - Request came to fetch all states from India.
2025-01-30 17:46:34,160 - __main__ - INFO - response: ['Andaman and Nicobar', 'Andhra Pradesh', 'Arunachal Pradesh', 'Assam', 'Bihar', 'Chandigarh', 'Chhattisgarh', 'Dadra and Nagar Haveli and Daman and Diu', 'Delhi', 'Goa', 'Gujarat', 'Haryana', 'Himachal Pradesh', 'Jammu and Kashmir', 'Jharkhand', 'Karnataka', 'Kerala', 'Ladakh', 'Lakshadweep', 'Madhya Pradesh', 'Maharashtra', 'Manipur', 'Meghalaya', 'Mizoram', 'Nagaland', 'Odisha', 'Puducherry', 'Punjab', 'Rajasthan', 'Sikkim', 'Tamil Nadu', 'Telangana', 'Tripura', 'Uttar Pradesh', 'Uttarakhand', 'West Bengal']
2025-01-30 17:46:34,162 - __main__ - INFO - Response time for the request: 0.22 seconds
2025-01-30 17:46:34,162 - __main__ - INFO - ----------------------------------------------------------------------------------------------------
2025-01-30 17:46:34,173 - __main__ - INFO - Request came to fetch all states from India.
2025-01-30 17:46:34,389 - __main__ - INFO - response: ['Andaman and Nicobar', 'Andhra Pradesh', 'Arunachal Pradesh', 'Assam', 'Bihar', 'Chandigarh', 'Chhattisgarh', 'Dadra and Nagar Haveli and Daman and Diu', 'Delhi', 'Goa', 'Gujarat', 'Haryana', 'Himachal Pradesh', 'Jammu and Kashmir', 'Jharkhand', 'Karnataka', 'Kerala', 'Ladakh', 'Lakshadweep', 'Madhya Pradesh', 'Maharashtra', 'Manipur', 'Meghalaya', 'Mizoram', 'Nagaland', 'Odisha', 'Puducherry', 'Punjab', 'Rajasthan', 'Sikkim', 'Tamil Nadu', 'Telangana', 'Tripura', 'Uttar Pradesh', 'Uttarakhand', 'West Bengal']
2025-01-30 17:46:34,390 - __main__ - INFO - Response time for the request: 0.22 seconds
2025-01-30 17:46:34,390 - __main__ - INFO - ----------------------------------------------------------------------------------------------------
2025-01-30 17:46:34,473 - __main__ - INFO - Request came to fetch all states from Hungary.
2025-01-30 17:46:34,746 - __main__ - INFO - Response time for the request: 0.27 seconds
2025-01-30 17:46:34,746 - __main__ - INFO - ----------------------------------------------------------------------------------------------------
2025-01-30 17:46:42,077 - __main__ - INFO - Request came to fetch all states from i.
2025-01-30 17:46:42,370 - __main__ - INFO - response: []
2025-01-30 17:46:42,370 - __main__ - INFO - Response time for the request: 0.29 seconds
2025-01-30 17:46:42,371 - __main__ - INFO - ----------------------------------------------------------------------------------------------------
2025-01-30 17:46:42,718 - __main__ - INFO - Request came to fetch all states from n.
2025-01-30 17:46:42,952 - __main__ - INFO - Request came to fetch all states from nd.
2025-01-30 17:46:42,983 - __main__ - INFO - Request came to fetch all states from ndi.
2025-01-30 17:46:43,041 - __main__ - INFO - response: []
2025-01-30 17:46:43,041 - __main__ - INFO - Response time for the request: 0.32 seconds
2025-01-30 17:46:43,042 - __main__ - INFO - ----------------------------------------------------------------------------------------------------
2025-01-30 17:46:43,073 - __main__ - INFO - Request came to fetch all states from ndia.
2025-01-30 17:46:43,155 - __main__ - INFO - response: []
2025-01-30 17:46:43,156 - __main__ - INFO - Response time for the request: 0.17 seconds
2025-01-30 17:46:43,156 - __main__ - INFO - ----------------------------------------------------------------------------------------------------
2025-01-30 17:46:43,185 - __main__ - INFO - response: []
2025-01-30 17:46:43,185 - __main__ - INFO - Response time for the request: 0.23 seconds
2025-01-30 17:46:43,186 - __main__ - INFO - ----------------------------------------------------------------------------------------------------
2025-01-30 17:46:43,261 - __main__ - INFO - response: []
2025-01-30 17:46:43,262 - __main__ - INFO - Response time for the request: 0.19 seconds
2025-01-30 17:46:43,262 - __main__ - INFO - ----------------------------------------------------------------------------------------------------
2025-01-30 17:46:43,271 - __main__ - INFO - Request came to fetch all states from n.
2025-01-30 17:46:43,473 - __main__ - INFO - response: []
2025-01-30 17:46:43,473 - __main__ - INFO - Response time for the request: 0.20 seconds
2025-01-30 17:46:43,473 - __main__ - INFO - ----------------------------------------------------------------------------------------------------
2025-01-30 17:46:44,559 - __main__ - INFO - Request came to fetch all states from India.
2025-01-30 17:46:44,771 - __main__ - INFO - response: ['Andaman and Nicobar', 'Andhra Pradesh', 'Arunachal Pradesh', 'Assam', 'Bihar', 'Chandigarh', 'Chhattisgarh', 'Dadra and Nagar Haveli and Daman and Diu', 'Delhi', 'Goa', 'Gujarat', 'Haryana', 'Himachal Pradesh', 'Jammu and Kashmir', 'Jharkhand', 'Karnataka', 'Kerala', 'Ladakh', 'Lakshadweep', 'Madhya Pradesh', 'Maharashtra', 'Manipur', 'Meghalaya', 'Mizoram', 'Nagaland', 'Odisha', 'Puducherry', 'Punjab', 'Rajasthan', 'Sikkim', 'Tamil Nadu', 'Telangana', 'Tripura', 'Uttar Pradesh', 'Uttarakhand', 'West Bengal']
2025-01-30 17:46:44,772 - __main__ - INFO - Response time for the request: 0.21 seconds
2025-01-30 17:46:44,773 - __main__ - INFO - ----------------------------------------------------------------------------------------------------
2025-01-30 17:46:46,711 - __main__ - INFO - Request came to fetch all districts from t, India.
2025-01-30 17:46:47,042 - __main__ - INFO - Request came to fetch all districts from tma, India.
2025-01-30 17:46:47,045 - __main__ - INFO - Request came to fetch all districts from tm, India.
2025-01-30 17:46:47,066 - __main__ - INFO - Request came to fetch all districts from tmas, India.
2025-01-30 17:46:47,074 - __main__ - INFO - Request came to fetch all districts from tmasa, India.
2025-01-30 17:46:47,484 - __main__ - INFO - response: []
2025-01-30 17:46:47,484 - __main__ - INFO - Response time for the request: 0.44 seconds
2025-01-30 17:46:47,485 - __main__ - INFO - ----------------------------------------------------------------------------------------------------
2025-01-30 17:46:47,523 - __main__ - INFO - response: []
2025-01-30 17:46:47,525 - __main__ - INFO - Response time for the request: 0.81 seconds
2025-01-30 17:46:47,526 - __main__ - INFO - ----------------------------------------------------------------------------------------------------
2025-01-30 17:46:47,589 - __main__ - INFO - Request came to fetch all districts from t, India.
2025-01-30 17:46:47,689 - __main__ - INFO - response: []
2025-01-30 17:46:47,692 - __main__ - INFO - Response time for the request: 0.62 seconds
2025-01-30 17:46:47,693 - __main__ - INFO - ----------------------------------------------------------------------------------------------------
2025-01-30 17:46:47,701 - __main__ - INFO - response: []
2025-01-30 17:46:47,702 - __main__ - INFO - Response time for the request: 0.64 seconds
2025-01-30 17:46:47,702 - __main__ - INFO - ----------------------------------------------------------------------------------------------------
2025-01-30 17:46:47,709 - __main__ - INFO - response: []
2025-01-30 17:46:47,709 - __main__ - INFO - Response time for the request: 0.66 seconds
2025-01-30 17:46:47,710 - __main__ - INFO - ----------------------------------------------------------------------------------------------------
2025-01-30 17:46:47,956 - __main__ - INFO - response: []
2025-01-30 17:46:47,957 - __main__ - INFO - Response time for the request: 0.37 seconds
2025-01-30 17:46:47,960 - __main__ - INFO - ----------------------------------------------------------------------------------------------------
2025-01-30 17:46:48,060 - __main__ - INFO - Request came to fetch all districts from tmas, India.
2025-01-30 17:46:48,183 - __main__ - INFO - Request came to fetch all districts from tma, India.
2025-01-30 17:46:48,332 - __main__ - INFO - Request came to fetch all districts from tm, India.
2025-01-30 17:46:48,368 - __main__ - INFO - response: []
2025-01-30 17:46:48,369 - __main__ - INFO - Response time for the request: 0.31 seconds
2025-01-30 17:46:48,369 - __main__ - INFO - ----------------------------------------------------------------------------------------------------
2025-01-30 17:46:48,453 - __main__ - INFO - Request came to fetch all districts from t, India.
2025-01-30 17:46:48,522 - __main__ - INFO - response: []
2025-01-30 17:46:48,523 - __main__ - INFO - Response time for the request: 0.34 seconds
2025-01-30 17:46:48,525 - __main__ - INFO - ----------------------------------------------------------------------------------------------------
2025-01-30 17:46:48,809 - __main__ - INFO - response: []
2025-01-30 17:46:48,809 - __main__ - INFO - Response time for the request: 0.48 seconds
2025-01-30 17:46:48,810 - __main__ - INFO - ----------------------------------------------------------------------------------------------------
2025-01-30 17:46:48,845 - __main__ - INFO - response: []
2025-01-30 17:46:48,846 - __main__ - INFO - Response time for the request: 0.39 seconds
2025-01-30 17:46:48,846 - __main__ - INFO - ----------------------------------------------------------------------------------------------------
2025-01-30 17:46:49,063 - __main__ - INFO - Request came to fetch all districts from ta, India.
2025-01-30 17:46:49,174 - __main__ - INFO - Request came to fetch all districts from tam, India.
2025-01-30 17:46:49,311 - __main__ - INFO - Request came to fetch all districts from tami, India.
2025-01-30 17:46:49,429 - __main__ - INFO - response: []
2025-01-30 17:46:49,430 - __main__ - INFO - Response time for the request: 0.26 seconds
2025-01-30 17:46:49,430 - __main__ - INFO - ----------------------------------------------------------------------------------------------------
2025-01-30 17:46:49,436 - __main__ - INFO - response: []
2025-01-30 17:46:49,436 - __main__ - INFO - Response time for the request: 0.37 seconds
2025-01-30 17:46:49,437 - __main__ - INFO - ----------------------------------------------------------------------------------------------------
2025-01-30 17:46:49,646 - __main__ - INFO - response: []
2025-01-30 17:46:49,646 - __main__ - INFO - Response time for the request: 0.33 seconds
2025-01-30 17:46:49,646 - __main__ - INFO - ----------------------------------------------------------------------------------------------------
2025-01-30 17:46:50,617 - __main__ - INFO - Request came to fetch all districts from Tamil Nadu, India.
2025-01-30 17:46:52,912 - __main__ - INFO - Response time for the request: 2.29 seconds
2025-01-30 17:46:52,912 - __main__ - INFO - ----------------------------------------------------------------------------------------------------
2025-01-30 17:49:58,786 - __main__ - INFO - Request came to fetch all countries.
2025-01-30 17:49:58,904 - __main__ - INFO - response: ['Andorra', 'United Arab Emirates', 'Afghanistan', 'Antigua and Barbuda', 'Anguilla', 'Albania', 'Armenia', 'Angola', 'Antarctica', 'Argentina', 'American Samoa', 'Austria', 'Australia', 'Aruba', 'Åland', 'Azerbaijan', 'Bosnia and Herzegovina', 'Barbados', 'Bangladesh', 'Belgium', 'Burkina Faso', 'Bulgaria', 'Bahrain', 'Burundi', 'Benin', 'Saint Barthélemy', 'Bermuda', 'Brunei', 'Bolivia', 'Bonaire, Sint Eustatius, and Saba', 'Brazil', 'Bahamas', 'Bhutan', 'Bouvet Island', 'Botswana', 'Belarus', 'Belize', 'Canada', 'Cocos (Keeling) Islands', 'DR Congo', 'Central African Republic', 'Congo Republic', 'Switzerland', 'Ivory Coast', 'Cook Islands', 'Chile', 'Cameroon', 'China', 'Colombia', 'Costa Rica', 'Cuba', 'Cabo Verde', 'Curaçao', 'Christmas Island', 'Cyprus', 'Czechia', 'Germany', 'Djibouti', 'Denmark', 'Dominica', 'Dominican Republic', 'Algeria', 'Ecuador', 'Estonia', 'Egypt', 'Western Sahara', 'Eritrea', 'Spain', 'Ethiopia', 'Finland', 'Fiji', 'Falkland Islands', 'Micronesia', 'Faroe Islands', 'France', 'Gabon', 'United Kingdom', 'Grenada', 'Georgia', 'French Guiana', 'Guernsey', 'Ghana', 'Gibraltar', 'Greenland', 'The Gambia', 'Guinea', 'Guadeloupe', 'Equatorial Guinea', 'Greece', 'South Georgia and South Sandwich Islands', 'Guatemala', 'Guam', 'Guinea-Bissau', 'Guyana', 'Hong Kong', 'Heard and McDonald Islands', 'Honduras', 'Croatia', 'Haiti', 'Hungary', 'Indonesia', 'Ireland', 'Israel', 'Isle of Man', 'India', 'British Indian Ocean Territory', 'Iraq', 'Iran', 'Iceland', 'Italy', 'Jersey', 'Jamaica', 'Jordan', 'Japan', 'Kenya', 'Kyrgyzstan', 'Cambodia', 'Kiribati', 'Comoros', 'St Kitts and Nevis', 'North Korea', 'South Korea', 'Kuwait', 'Cayman Islands', 'Kazakhstan', 'Laos', 'Lebanon', 'Saint Lucia', 'Liechtenstein', 'Sri Lanka', 'Liberia', 'Lesotho', 'Lithuania', 'Luxembourg', 'Latvia', 'Libya', 'Morocco', 'Monaco', 'Moldova', 'Montenegro', 'Saint Martin', 'Madagascar', 'Marshall Islands', 'North Macedonia', 'Mali', 'Myanmar', 'Mongolia', 'Macao', 'Northern Mariana Islands', 'Martinique', 'Mauritania', 'Montserrat', 'Malta', 'Mauritius', 'Maldives', 'Malawi', 'Mexico', 'Malaysia', 'Mozambique', 'Namibia', 'New Caledonia', 'Niger', 'Norfolk Island', 'Nigeria', 'Nicaragua', 'The Netherlands', 'Norway', 'Nepal', 'Nauru', 'Niue', 'New Zealand', 'Oman', 'Panama', 'Peru', 'French Polynesia', 'Papua New Guinea', 'Philippines', 'Pakistan', 'Poland', 'Saint Pierre and Miquelon', 'Pitcairn Islands', 'Puerto Rico', 'Palestine', 'Portugal', 'Palau', 'Paraguay', 'Qatar', 'Réunion', 'Romania', 'Serbia', 'Russia', 'Rwanda', 'Saudi Arabia', 'Solomon Islands', 'Seychelles', 'Sudan', 'Sweden', 'Singapore', 'Saint Helena', 'Slovenia', 'Svalbard and Jan Mayen', 'Slovakia', 'Sierra Leone', 'San Marino', 'Senegal', 'Somalia', 'Suriname', 'South Sudan', 'São Tomé and Príncipe', 'El Salvador', 'Sint Maarten', 'Syria', 'Eswatini', 'Turks and Caicos Islands', 'Chad', 'French Southern Territories', 'Togo', 'Thailand', 'Tajikistan', 'Tokelau', 'Timor-Leste', 'Turkmenistan', 'Tunisia', 'Tonga', 'Türkiye', 'Trinidad and Tobago', 'Tuvalu', 'Taiwan', 'Tanzania', 'Ukraine', 'Uganda', 'U.S. Outlying Islands', 'United States', 'Uruguay', 'Uzbekistan', 'Vatican City', 'St Vincent and Grenadines', 'Venezuela', 'British Virgin Islands', 'U.S. Virgin Islands', 'Vietnam', 'Vanuatu', 'Wallis and Futuna', 'Samoa', 'Kosovo', 'Yemen', 'Mayotte', 'South Africa', 'Zambia', 'Zimbabwe']
2025-01-30 17:49:58,908 - __main__ - INFO - Response time for the request: 0.12 seconds
2025-01-30 17:49:58,908 - __main__ - INFO - ----------------------------------------------------------------------------------------------------
2025-01-30 17:49:59,032 - __main__ - INFO - Request came to fetch all countries.
2025-01-30 17:49:59,121 - __main__ - INFO - response: ['Andorra', 'United Arab Emirates', 'Afghanistan', 'Antigua and Barbuda', 'Anguilla', 'Albania', 'Armenia', 'Angola', 'Antarctica', 'Argentina', 'American Samoa', 'Austria', 'Australia', 'Aruba', 'Åland', 'Azerbaijan', 'Bosnia and Herzegovina', 'Barbados', 'Bangladesh', 'Belgium', 'Burkina Faso', 'Bulgaria', 'Bahrain', 'Burundi', 'Benin', 'Saint Barthélemy', 'Bermuda', 'Brunei', 'Bolivia', 'Bonaire, Sint Eustatius, and Saba', 'Brazil', 'Bahamas', 'Bhutan', 'Bouvet Island', 'Botswana', 'Belarus', 'Belize', 'Canada', 'Cocos (Keeling) Islands', 'DR Congo', 'Central African Republic', 'Congo Republic', 'Switzerland', 'Ivory Coast', 'Cook Islands', 'Chile', 'Cameroon', 'China', 'Colombia', 'Costa Rica', 'Cuba', 'Cabo Verde', 'Curaçao', 'Christmas Island', 'Cyprus', 'Czechia', 'Germany', 'Djibouti', 'Denmark', 'Dominica', 'Dominican Republic', 'Algeria', 'Ecuador', 'Estonia', 'Egypt', 'Western Sahara', 'Eritrea', 'Spain', 'Ethiopia', 'Finland', 'Fiji', 'Falkland Islands', 'Micronesia', 'Faroe Islands', 'France', 'Gabon', 'United Kingdom', 'Grenada', 'Georgia', 'French Guiana', 'Guernsey', 'Ghana', 'Gibraltar', 'Greenland', 'The Gambia', 'Guinea', 'Guadeloupe', 'Equatorial Guinea', 'Greece', 'South Georgia and South Sandwich Islands', 'Guatemala', 'Guam', 'Guinea-Bissau', 'Guyana', 'Hong Kong', 'Heard and McDonald Islands', 'Honduras', 'Croatia', 'Haiti', 'Hungary', 'Indonesia', 'Ireland', 'Israel', 'Isle of Man', 'India', 'British Indian Ocean Territory', 'Iraq', 'Iran', 'Iceland', 'Italy', 'Jersey', 'Jamaica', 'Jordan', 'Japan', 'Kenya', 'Kyrgyzstan', 'Cambodia', 'Kiribati', 'Comoros', 'St Kitts and Nevis', 'North Korea', 'South Korea', 'Kuwait', 'Cayman Islands', 'Kazakhstan', 'Laos', 'Lebanon', 'Saint Lucia', 'Liechtenstein', 'Sri Lanka', 'Liberia', 'Lesotho', 'Lithuania', 'Luxembourg', 'Latvia', 'Libya', 'Morocco', 'Monaco', 'Moldova', 'Montenegro', 'Saint Martin', 'Madagascar', 'Marshall Islands', 'North Macedonia', 'Mali', 'Myanmar', 'Mongolia', 'Macao', 'Northern Mariana Islands', 'Martinique', 'Mauritania', 'Montserrat', 'Malta', 'Mauritius', 'Maldives', 'Malawi', 'Mexico', 'Malaysia', 'Mozambique', 'Namibia', 'New Caledonia', 'Niger', 'Norfolk Island', 'Nigeria', 'Nicaragua', 'The Netherlands', 'Norway', 'Nepal', 'Nauru', 'Niue', 'New Zealand', 'Oman', 'Panama', 'Peru', 'French Polynesia', 'Papua New Guinea', 'Philippines', 'Pakistan', 'Poland', 'Saint Pierre and Miquelon', 'Pitcairn Islands', 'Puerto Rico', 'Palestine', 'Portugal', 'Palau', 'Paraguay', 'Qatar', 'Réunion', 'Romania', 'Serbia', 'Russia', 'Rwanda', 'Saudi Arabia', 'Solomon Islands', 'Seychelles', 'Sudan', 'Sweden', 'Singapore', 'Saint Helena', 'Slovenia', 'Svalbard and Jan Mayen', 'Slovakia', 'Sierra Leone', 'San Marino', 'Senegal', 'Somalia', 'Suriname', 'South Sudan', 'São Tomé and Príncipe', 'El Salvador', 'Sint Maarten', 'Syria', 'Eswatini', 'Turks and Caicos Islands', 'Chad', 'French Southern Territories', 'Togo', 'Thailand', 'Tajikistan', 'Tokelau', 'Timor-Leste', 'Turkmenistan', 'Tunisia', 'Tonga', 'Türkiye', 'Trinidad and Tobago', 'Tuvalu', 'Taiwan', 'Tanzania', 'Ukraine', 'Uganda', 'U.S. Outlying Islands', 'United States', 'Uruguay', 'Uzbekistan', 'Vatican City', 'St Vincent and Grenadines', 'Venezuela', 'British Virgin Islands', 'U.S. Virgin Islands', 'Vietnam', 'Vanuatu', 'Wallis and Futuna', 'Samoa', 'Kosovo', 'Yemen', 'Mayotte', 'South Africa', 'Zambia', 'Zimbabwe']
2025-01-30 17:49:59,124 - __main__ - INFO - Response time for the request: 0.09 seconds
2025-01-30 17:49:59,125 - __main__ - INFO - ----------------------------------------------------------------------------------------------------
2025-01-30 17:50:04,563 - __main__ - INFO - Request came to fetch all states from i.
2025-01-30 17:50:04,806 - __main__ - INFO - response: []
2025-01-30 17:50:04,806 - __main__ - INFO - Response time for the request: 0.24 seconds
2025-01-30 17:50:04,807 - __main__ - INFO - ----------------------------------------------------------------------------------------------------
2025-01-30 17:50:05,020 - __main__ - INFO - Request came to fetch all states from in.
2025-01-30 17:50:05,085 - __main__ - INFO - Request came to fetch all states from ind.
2025-01-30 17:50:05,248 - __main__ - INFO - Request came to fetch all states from indi.
2025-01-30 17:50:05,259 - __main__ - INFO - Request came to fetch all states from i.
2025-01-30 17:50:05,267 - __main__ - INFO - response: []
2025-01-30 17:50:05,267 - __main__ - INFO - Response time for the request: 0.25 seconds
2025-01-30 17:50:05,267 - __main__ - INFO - ----------------------------------------------------------------------------------------------------
2025-01-30 17:50:05,299 - __main__ - INFO - response: []
2025-01-30 17:50:05,299 - __main__ - INFO - Response time for the request: 0.21 seconds
2025-01-30 17:50:05,300 - __main__ - INFO - ----------------------------------------------------------------------------------------------------
2025-01-30 17:50:05,380 - __main__ - INFO - Request came to fetch all states from india.
2025-01-30 17:50:05,477 - __main__ - INFO - response: []
2025-01-30 17:50:05,478 - __main__ - INFO - Response time for the request: 0.23 seconds
2025-01-30 17:50:05,479 - __main__ - INFO - ----------------------------------------------------------------------------------------------------
2025-01-30 17:50:05,598 - __main__ - INFO - response: []
2025-01-30 17:50:05,599 - __main__ - INFO - Response time for the request: 0.34 seconds
2025-01-30 17:50:05,599 - __main__ - INFO - ----------------------------------------------------------------------------------------------------
2025-01-30 17:50:05,646 - __main__ - INFO - response: ['Andaman and Nicobar', 'Andhra Pradesh', 'Arunachal Pradesh', 'Assam', 'Bihar', 'Chandigarh', 'Chhattisgarh', 'Dadra and Nagar Haveli and Daman and Diu', 'Delhi', 'Goa', 'Gujarat', 'Haryana', 'Himachal Pradesh', 'Jammu and Kashmir', 'Jharkhand', 'Karnataka', 'Kerala', 'Ladakh', 'Lakshadweep', 'Madhya Pradesh', 'Maharashtra', 'Manipur', 'Meghalaya', 'Mizoram', 'Nagaland', 'Odisha', 'Puducherry', 'Punjab', 'Rajasthan', 'Sikkim', 'Tamil Nadu', 'Telangana', 'Tripura', 'Uttar Pradesh', 'Uttarakhand', 'West Bengal']
2025-01-30 17:50:05,647 - __main__ - INFO - Response time for the request: 0.27 seconds
2025-01-30 17:50:05,649 - __main__ - INFO - ----------------------------------------------------------------------------------------------------
2025-01-30 17:50:12,378 - __main__ - INFO - Request came to fetch all states from India.
2025-01-30 17:50:12,709 - __main__ - INFO - response: ['Andaman and Nicobar', 'Andhra Pradesh', 'Arunachal Pradesh', 'Assam', 'Bihar', 'Chandigarh', 'Chhattisgarh', 'Dadra and Nagar Haveli and Daman and Diu', 'Delhi', 'Goa', 'Gujarat', 'Haryana', 'Himachal Pradesh', 'Jammu and Kashmir', 'Jharkhand', 'Karnataka', 'Kerala', 'Ladakh', 'Lakshadweep', 'Madhya Pradesh', 'Maharashtra', 'Manipur', 'Meghalaya', 'Mizoram', 'Nagaland', 'Odisha', 'Puducherry', 'Punjab', 'Rajasthan', 'Sikkim', 'Tamil Nadu', 'Telangana', 'Tripura', 'Uttar Pradesh', 'Uttarakhand', 'West Bengal']
2025-01-30 17:50:12,710 - __main__ - INFO - Response time for the request: 0.33 seconds
2025-01-30 17:50:12,711 - __main__ - INFO - ----------------------------------------------------------------------------------------------------
2025-01-30 17:50:14,192 - __main__ - INFO - Request came to fetch all districts from t, India.
2025-01-30 17:50:14,541 - __main__ - INFO - response: []
2025-01-30 17:50:14,541 - __main__ - INFO - Response time for the request: 0.35 seconds
2025-01-30 17:50:14,542 - __main__ - INFO - ----------------------------------------------------------------------------------------------------
2025-01-30 17:50:14,752 - __main__ - INFO - Request came to fetch all districts from ta, India.
2025-01-30 17:50:14,959 - __main__ - INFO - Request came to fetch all districts from t, India.
2025-01-30 17:50:15,066 - __main__ - INFO - Request came to fetch all districts from tam, India.
2025-01-30 17:50:15,175 - __main__ - INFO - Request came to fetch all districts from tami, India.
2025-01-30 17:50:15,449 - __main__ - INFO - response: []
2025-01-30 17:50:15,450 - __main__ - INFO - Response time for the request: 0.70 seconds
2025-01-30 17:50:15,450 - __main__ - INFO - ----------------------------------------------------------------------------------------------------
2025-01-30 17:50:15,469 - __main__ - INFO - Request came to fetch all districts from tamil, India.
2025-01-30 17:50:15,577 - __main__ - INFO - response: []
2025-01-30 17:50:15,577 - __main__ - INFO - Response time for the request: 0.51 seconds
2025-01-30 17:50:15,578 - __main__ - INFO - ----------------------------------------------------------------------------------------------------
2025-01-30 17:50:15,715 - __main__ - INFO - response: []
2025-01-30 17:50:15,716 - __main__ - INFO - Response time for the request: 0.76 seconds
2025-01-30 17:50:15,716 - __main__ - INFO - ----------------------------------------------------------------------------------------------------
2025-01-30 17:50:15,762 - __main__ - INFO - response: []
2025-01-30 17:50:15,762 - __main__ - INFO - Response time for the request: 0.59 seconds
2025-01-30 17:50:15,762 - __main__ - INFO - ----------------------------------------------------------------------------------------------------
2025-01-30 17:50:15,895 - __main__ - INFO - response: []
2025-01-30 17:50:15,896 - __main__ - INFO - Response time for the request: 0.43 seconds
2025-01-30 17:50:15,896 - __main__ - INFO - ----------------------------------------------------------------------------------------------------
2025-01-30 17:50:16,071 - __main__ - INFO - Request came to fetch all districts from tamil , India.
2025-01-30 17:50:16,381 - __main__ - INFO - response: []
2025-01-30 17:50:16,382 - __main__ - INFO - Response time for the request: 0.31 seconds
2025-01-30 17:50:16,382 - __main__ - INFO - ----------------------------------------------------------------------------------------------------
2025-01-30 17:50:16,462 - __main__ - INFO - Request came to fetch all districts from tamil n, India.
2025-01-30 17:50:16,562 - __main__ - INFO - Request came to fetch all districts from tamil na, India.
2025-01-30 17:50:16,789 - __main__ - INFO - Request came to fetch all districts from tamil nas, India.
2025-01-30 17:50:16,906 - __main__ - INFO - Request came to fetch all districts from tamil nasd, India.
2025-01-30 17:50:16,933 - __main__ - INFO - response: []
2025-01-30 17:50:16,933 - __main__ - INFO - Response time for the request: 0.47 seconds
2025-01-30 17:50:16,933 - __main__ - INFO - ----------------------------------------------------------------------------------------------------
2025-01-30 17:50:17,008 - __main__ - INFO - response: []
2025-01-30 17:50:17,008 - __main__ - INFO - Response time for the request: 0.45 seconds
2025-01-30 17:50:17,009 - __main__ - INFO - ----------------------------------------------------------------------------------------------------
2025-01-30 17:50:17,100 - __main__ - INFO - Request came to fetch all districts from tamil nasdu, India.
2025-01-30 17:50:17,241 - __main__ - INFO - response: []
2025-01-30 17:50:17,242 - __main__ - INFO - Response time for the request: 0.45 seconds
2025-01-30 17:50:17,242 - __main__ - INFO - ----------------------------------------------------------------------------------------------------
2025-01-30 17:50:17,388 - __main__ - INFO - response: []
2025-01-30 17:50:17,388 - __main__ - INFO - Response time for the request: 0.48 seconds
2025-01-30 17:50:17,389 - __main__ - INFO - ----------------------------------------------------------------------------------------------------
2025-01-30 17:50:17,504 - __main__ - INFO - response: []
2025-01-30 17:50:17,504 - __main__ - INFO - Response time for the request: 0.40 seconds
2025-01-30 17:50:17,504 - __main__ - INFO - ----------------------------------------------------------------------------------------------------
2025-01-30 17:50:18,028 - __main__ - INFO - Request came to fetch all districts from tamil nasd, India.
2025-01-30 17:50:18,182 - __main__ - INFO - Request came to fetch all districts from tamil nas, India.
2025-01-30 17:50:18,282 - __main__ - INFO - Request came to fetch all districts from tamil na, India.
2025-01-30 17:50:18,311 - __main__ - INFO - response: []
2025-01-30 17:50:18,311 - __main__ - INFO - Response time for the request: 0.28 seconds
2025-01-30 17:50:18,311 - __main__ - INFO - ----------------------------------------------------------------------------------------------------
2025-01-30 17:50:18,509 - __main__ - INFO - response: []
2025-01-30 17:50:18,509 - __main__ - INFO - Response time for the request: 0.33 seconds
2025-01-30 17:50:18,510 - __main__ - INFO - ----------------------------------------------------------------------------------------------------
2025-01-30 17:50:18,702 - __main__ - INFO - response: []
2025-01-30 17:50:18,702 - __main__ - INFO - Response time for the request: 0.42 seconds
2025-01-30 17:50:18,703 - __main__ - INFO - ----------------------------------------------------------------------------------------------------
2025-01-30 17:50:18,998 - __main__ - INFO - Request came to fetch all districts from tamil nad, India.
2025-01-30 17:50:19,077 - __main__ - INFO - Request came to fetch all districts from tamil nadu, India.
2025-01-30 17:50:19,256 - __main__ - INFO - response: []
2025-01-30 17:50:19,256 - __main__ - INFO - Response time for the request: 0.26 seconds
2025-01-30 17:50:19,257 - __main__ - INFO - ----------------------------------------------------------------------------------------------------
2025-01-30 17:50:20,164 - __main__ - INFO - Response time for the request: 1.09 seconds
2025-01-30 17:50:20,164 - __main__ - INFO - ----------------------------------------------------------------------------------------------------
2025-01-30 17:50:20,894 - __main__ - INFO - Request came to fetch all districts from Tamil Nadu, India.
2025-01-30 17:50:21,999 - __main__ - INFO - Response time for the request: 1.10 seconds
2025-01-30 17:50:21,999 - __main__ - INFO - ----------------------------------------------------------------------------------------------------
2025-01-30 17:52:28,755 - __main__ - INFO - Request came to fetch all countries.
2025-01-30 17:52:28,836 - __main__ - INFO - response: ['Andorra', 'United Arab Emirates', 'Afghanistan', 'Antigua and Barbuda', 'Anguilla', 'Albania', 'Armenia', 'Angola', 'Antarctica', 'Argentina', 'American Samoa', 'Austria', 'Australia', 'Aruba', 'Åland', 'Azerbaijan', 'Bosnia and Herzegovina', 'Barbados', 'Bangladesh', 'Belgium', 'Burkina Faso', 'Bulgaria', 'Bahrain', 'Burundi', 'Benin', 'Saint Barthélemy', 'Bermuda', 'Brunei', 'Bolivia', 'Bonaire, Sint Eustatius, and Saba', 'Brazil', 'Bahamas', 'Bhutan', 'Bouvet Island', 'Botswana', 'Belarus', 'Belize', 'Canada', 'Cocos (Keeling) Islands', 'DR Congo', 'Central African Republic', 'Congo Republic', 'Switzerland', 'Ivory Coast', 'Cook Islands', 'Chile', 'Cameroon', 'China', 'Colombia', 'Costa Rica', 'Cuba', 'Cabo Verde', 'Curaçao', 'Christmas Island', 'Cyprus', 'Czechia', 'Germany', 'Djibouti', 'Denmark', 'Dominica', 'Dominican Republic', 'Algeria', 'Ecuador', 'Estonia', 'Egypt', 'Western Sahara', 'Eritrea', 'Spain', 'Ethiopia', 'Finland', 'Fiji', 'Falkland Islands', 'Micronesia', 'Faroe Islands', 'France', 'Gabon', 'United Kingdom', 'Grenada', 'Georgia', 'French Guiana', 'Guernsey', 'Ghana', 'Gibraltar', 'Greenland', 'The Gambia', 'Guinea', 'Guadeloupe', 'Equatorial Guinea', 'Greece', 'South Georgia and South Sandwich Islands', 'Guatemala', 'Guam', 'Guinea-Bissau', 'Guyana', 'Hong Kong', 'Heard and McDonald Islands', 'Honduras', 'Croatia', 'Haiti', 'Hungary', 'Indonesia', 'Ireland', 'Israel', 'Isle of Man', 'India', 'British Indian Ocean Territory', 'Iraq', 'Iran', 'Iceland', 'Italy', 'Jersey', 'Jamaica', 'Jordan', 'Japan', 'Kenya', 'Kyrgyzstan', 'Cambodia', 'Kiribati', 'Comoros', 'St Kitts and Nevis', 'North Korea', 'South Korea', 'Kuwait', 'Cayman Islands', 'Kazakhstan', 'Laos', 'Lebanon', 'Saint Lucia', 'Liechtenstein', 'Sri Lanka', 'Liberia', 'Lesotho', 'Lithuania', 'Luxembourg', 'Latvia', 'Libya', 'Morocco', 'Monaco', 'Moldova', 'Montenegro', 'Saint Martin', 'Madagascar', 'Marshall Islands', 'North Macedonia', 'Mali', 'Myanmar', 'Mongolia', 'Macao', 'Northern Mariana Islands', 'Martinique', 'Mauritania', 'Montserrat', 'Malta', 'Mauritius', 'Maldives', 'Malawi', 'Mexico', 'Malaysia', 'Mozambique', 'Namibia', 'New Caledonia', 'Niger', 'Norfolk Island', 'Nigeria', 'Nicaragua', 'The Netherlands', 'Norway', 'Nepal', 'Nauru', 'Niue', 'New Zealand', 'Oman', 'Panama', 'Peru', 'French Polynesia', 'Papua New Guinea', 'Philippines', 'Pakistan', 'Poland', 'Saint Pierre and Miquelon', 'Pitcairn Islands', 'Puerto Rico', 'Palestine', 'Portugal', 'Palau', 'Paraguay', 'Qatar', 'Réunion', 'Romania', 'Serbia', 'Russia', 'Rwanda', 'Saudi Arabia', 'Solomon Islands', 'Seychelles', 'Sudan', 'Sweden', 'Singapore', 'Saint Helena', 'Slovenia', 'Svalbard and Jan Mayen', 'Slovakia', 'Sierra Leone', 'San Marino', 'Senegal', 'Somalia', 'Suriname', 'South Sudan', 'São Tomé and Príncipe', 'El Salvador', 'Sint Maarten', 'Syria', 'Eswatini', 'Turks and Caicos Islands', 'Chad', 'French Southern Territories', 'Togo', 'Thailand', 'Tajikistan', 'Tokelau', 'Timor-Leste', 'Turkmenistan', 'Tunisia', 'Tonga', 'Türkiye', 'Trinidad and Tobago', 'Tuvalu', 'Taiwan', 'Tanzania', 'Ukraine', 'Uganda', 'U.S. Outlying Islands', 'United States', 'Uruguay', 'Uzbekistan', 'Vatican City', 'St Vincent and Grenadines', 'Venezuela', 'British Virgin Islands', 'U.S. Virgin Islands', 'Vietnam', 'Vanuatu', 'Wallis and Futuna', 'Samoa', 'Kosovo', 'Yemen', 'Mayotte', 'South Africa', 'Zambia', 'Zimbabwe']
2025-01-30 17:52:28,839 - __main__ - INFO - Response time for the request: 0.08 seconds
2025-01-30 17:52:28,840 - __main__ - INFO - ----------------------------------------------------------------------------------------------------
2025-01-30 17:52:29,122 - __main__ - INFO - Request came to fetch all countries.
2025-01-30 17:52:29,404 - __main__ - INFO - response: ['Andorra', 'United Arab Emirates', 'Afghanistan', 'Antigua and Barbuda', 'Anguilla', 'Albania', 'Armenia', 'Angola', 'Antarctica', 'Argentina', 'American Samoa', 'Austria', 'Australia', 'Aruba', 'Åland', 'Azerbaijan', 'Bosnia and Herzegovina', 'Barbados', 'Bangladesh', 'Belgium', 'Burkina Faso', 'Bulgaria', 'Bahrain', 'Burundi', 'Benin', 'Saint Barthélemy', 'Bermuda', 'Brunei', 'Bolivia', 'Bonaire, Sint Eustatius, and Saba', 'Brazil', 'Bahamas', 'Bhutan', 'Bouvet Island', 'Botswana', 'Belarus', 'Belize', 'Canada', 'Cocos (Keeling) Islands', 'DR Congo', 'Central African Republic', 'Congo Republic', 'Switzerland', 'Ivory Coast', 'Cook Islands', 'Chile', 'Cameroon', 'China', 'Colombia', 'Costa Rica', 'Cuba', 'Cabo Verde', 'Curaçao', 'Christmas Island', 'Cyprus', 'Czechia', 'Germany', 'Djibouti', 'Denmark', 'Dominica', 'Dominican Republic', 'Algeria', 'Ecuador', 'Estonia', 'Egypt', 'Western Sahara', 'Eritrea', 'Spain', 'Ethiopia', 'Finland', 'Fiji', 'Falkland Islands', 'Micronesia', 'Faroe Islands', 'France', 'Gabon', 'United Kingdom', 'Grenada', 'Georgia', 'French Guiana', 'Guernsey', 'Ghana', 'Gibraltar', 'Greenland', 'The Gambia', 'Guinea', 'Guadeloupe', 'Equatorial Guinea', 'Greece', 'South Georgia and South Sandwich Islands', 'Guatemala', 'Guam', 'Guinea-Bissau', 'Guyana', 'Hong Kong', 'Heard and McDonald Islands', 'Honduras', 'Croatia', 'Haiti', 'Hungary', 'Indonesia', 'Ireland', 'Israel', 'Isle of Man', 'India', 'British Indian Ocean Territory', 'Iraq', 'Iran', 'Iceland', 'Italy', 'Jersey', 'Jamaica', 'Jordan', 'Japan', 'Kenya', 'Kyrgyzstan', 'Cambodia', 'Kiribati', 'Comoros', 'St Kitts and Nevis', 'North Korea', 'South Korea', 'Kuwait', 'Cayman Islands', 'Kazakhstan', 'Laos', 'Lebanon', 'Saint Lucia', 'Liechtenstein', 'Sri Lanka', 'Liberia', 'Lesotho', 'Lithuania', 'Luxembourg', 'Latvia', 'Libya', 'Morocco', 'Monaco', 'Moldova', 'Montenegro', 'Saint Martin', 'Madagascar', 'Marshall Islands', 'North Macedonia', 'Mali', 'Myanmar', 'Mongolia', 'Macao', 'Northern Mariana Islands', 'Martinique', 'Mauritania', 'Montserrat', 'Malta', 'Mauritius', 'Maldives', 'Malawi', 'Mexico', 'Malaysia', 'Mozambique', 'Namibia', 'New Caledonia', 'Niger', 'Norfolk Island', 'Nigeria', 'Nicaragua', 'The Netherlands', 'Norway', 'Nepal', 'Nauru', 'Niue', 'New Zealand', 'Oman', 'Panama', 'Peru', 'French Polynesia', 'Papua New Guinea', 'Philippines', 'Pakistan', 'Poland', 'Saint Pierre and Miquelon', 'Pitcairn Islands', 'Puerto Rico', 'Palestine', 'Portugal', 'Palau', 'Paraguay', 'Qatar', 'Réunion', 'Romania', 'Serbia', 'Russia', 'Rwanda', 'Saudi Arabia', 'Solomon Islands', 'Seychelles', 'Sudan', 'Sweden', 'Singapore', 'Saint Helena', 'Slovenia', 'Svalbard and Jan Mayen', 'Slovakia', 'Sierra Leone', 'San Marino', 'Senegal', 'Somalia', 'Suriname', 'South Sudan', 'São Tomé and Príncipe', 'El Salvador', 'Sint Maarten', 'Syria', 'Eswatini', 'Turks and Caicos Islands', 'Chad', 'French Southern Territories', 'Togo', 'Thailand', 'Tajikistan', 'Tokelau', 'Timor-Leste', 'Turkmenistan', 'Tunisia', 'Tonga', 'Türkiye', 'Trinidad and Tobago', 'Tuvalu', 'Taiwan', 'Tanzania', 'Ukraine', 'Uganda', 'U.S. Outlying Islands', 'United States', 'Uruguay', 'Uzbekistan', 'Vatican City', 'St Vincent and Grenadines', 'Venezuela', 'British Virgin Islands', 'U.S. Virgin Islands', 'Vietnam', 'Vanuatu', 'Wallis and Futuna', 'Samoa', 'Kosovo', 'Yemen', 'Mayotte', 'South Africa', 'Zambia', 'Zimbabwe']
2025-01-30 17:52:29,410 - __main__ - INFO - Response time for the request: 0.29 seconds
2025-01-30 17:52:29,411 - __main__ - INFO - ----------------------------------------------------------------------------------------------------
2025-01-30 17:52:34,705 - __main__ - INFO - Request came to fetch all states from India.
2025-01-30 17:52:34,988 - __main__ - INFO - response: ['Andaman and Nicobar', 'Andhra Pradesh', 'Arunachal Pradesh', 'Assam', 'Bihar', 'Chandigarh', 'Chhattisgarh', 'Dadra and Nagar Haveli and Daman and Diu', 'Delhi', 'Goa', 'Gujarat', 'Haryana', 'Himachal Pradesh', 'Jammu and Kashmir', 'Jharkhand', 'Karnataka', 'Kerala', 'Ladakh', 'Lakshadweep', 'Madhya Pradesh', 'Maharashtra', 'Manipur', 'Meghalaya', 'Mizoram', 'Nagaland', 'Odisha', 'Puducherry', 'Punjab', 'Rajasthan', 'Sikkim', 'Tamil Nadu', 'Telangana', 'Tripura', 'Uttar Pradesh', 'Uttarakhand', 'West Bengal']
2025-01-30 17:52:34,989 - __main__ - INFO - Response time for the request: 0.28 seconds
2025-01-30 17:52:34,989 - __main__ - INFO - ----------------------------------------------------------------------------------------------------
2025-01-30 17:52:35,314 - __main__ - INFO - Request came to fetch all states from India.
2025-01-30 17:52:35,372 - __main__ - INFO - Request came to fetch all states from Hungary.
2025-01-30 17:52:35,527 - __main__ - INFO - response: ['Andaman and Nicobar', 'Andhra Pradesh', 'Arunachal Pradesh', 'Assam', 'Bihar', 'Chandigarh', 'Chhattisgarh', 'Dadra and Nagar Haveli and Daman and Diu', 'Delhi', 'Goa', 'Gujarat', 'Haryana', 'Himachal Pradesh', 'Jammu and Kashmir', 'Jharkhand', 'Karnataka', 'Kerala', 'Ladakh', 'Lakshadweep', 'Madhya Pradesh', 'Maharashtra', 'Manipur', 'Meghalaya', 'Mizoram', 'Nagaland', 'Odisha', 'Puducherry', 'Punjab', 'Rajasthan', 'Sikkim', 'Tamil Nadu', 'Telangana', 'Tripura', 'Uttar Pradesh', 'Uttarakhand', 'West Bengal']
2025-01-30 17:52:35,529 - __main__ - INFO - Response time for the request: 0.21 seconds
2025-01-30 17:52:35,529 - __main__ - INFO - ----------------------------------------------------------------------------------------------------
2025-01-30 17:52:35,587 - __main__ - INFO - Request came to fetch all states from India.
2025-01-30 17:52:35,660 - __main__ - INFO - Response time for the request: 0.29 seconds
2025-01-30 17:52:35,661 - __main__ - INFO - ----------------------------------------------------------------------------------------------------
2025-01-30 17:52:35,764 - __main__ - INFO - response: ['Andaman and Nicobar', 'Andhra Pradesh', 'Arunachal Pradesh', 'Assam', 'Bihar', 'Chandigarh', 'Chhattisgarh', 'Dadra and Nagar Haveli and Daman and Diu', 'Delhi', 'Goa', 'Gujarat', 'Haryana', 'Himachal Pradesh', 'Jammu and Kashmir', 'Jharkhand', 'Karnataka', 'Kerala', 'Ladakh', 'Lakshadweep', 'Madhya Pradesh', 'Maharashtra', 'Manipur', 'Meghalaya', 'Mizoram', 'Nagaland', 'Odisha', 'Puducherry', 'Punjab', 'Rajasthan', 'Sikkim', 'Tamil Nadu', 'Telangana', 'Tripura', 'Uttar Pradesh', 'Uttarakhand', 'West Bengal']
2025-01-30 17:52:35,765 - __main__ - INFO - Response time for the request: 0.18 seconds
2025-01-30 17:52:35,765 - __main__ - INFO - ----------------------------------------------------------------------------------------------------
2025-01-30 17:52:49,560 - __main__ - INFO - Request came to fetch all districts from t, India.
2025-01-30 17:52:49,821 - __main__ - INFO - Request came to fetch all districts from ta, India.
2025-01-30 17:52:49,934 - __main__ - INFO - response: []
2025-01-30 17:52:49,934 - __main__ - INFO - Response time for the request: 0.37 seconds
2025-01-30 17:52:49,934 - __main__ - INFO - ----------------------------------------------------------------------------------------------------
2025-01-30 17:52:49,955 - __main__ - INFO - Request came to fetch all districts from t, India.
2025-01-30 17:52:50,138 - __main__ - INFO - response: []
2025-01-30 17:52:50,138 - __main__ - INFO - Response time for the request: 0.32 seconds
2025-01-30 17:52:50,138 - __main__ - INFO - ----------------------------------------------------------------------------------------------------
2025-01-30 17:52:50,302 - __main__ - INFO - Request came to fetch all districts from tam, India.
2025-01-30 17:52:50,334 - __main__ - INFO - response: []
2025-01-30 17:52:50,334 - __main__ - INFO - Response time for the request: 0.38 seconds
2025-01-30 17:52:50,335 - __main__ - INFO - ----------------------------------------------------------------------------------------------------
2025-01-30 17:52:50,508 - __main__ - INFO - response: []
2025-01-30 17:52:50,508 - __main__ - INFO - Response time for the request: 0.21 seconds
2025-01-30 17:52:50,508 - __main__ - INFO - ----------------------------------------------------------------------------------------------------
2025-01-30 17:52:50,551 - __main__ - INFO - Request came to fetch all districts from tami, India.
2025-01-30 17:52:50,816 - __main__ - INFO - response: []
2025-01-30 17:52:50,818 - __main__ - INFO - Response time for the request: 0.27 seconds
2025-01-30 17:52:50,819 - __main__ - INFO - ----------------------------------------------------------------------------------------------------
2025-01-30 17:52:51,096 - __main__ - INFO - Request came to fetch all districts from Tamil Nadu, India.
2025-01-30 17:52:52,033 - __main__ - INFO - Response time for the request: 0.94 seconds
2025-01-30 17:52:52,033 - __main__ - INFO - ----------------------------------------------------------------------------------------------------
2025-01-30 17:53:35,555 - __main__ - INFO - Received request: {'latitude': 13.092958, 'longitude': 80.198554}
2025-01-30 17:53:35,605 - __main__ - INFO - Received request: {'latitude': 13.092958, 'longitude': 80.198554}
2025-01-30 17:53:37,548 - __main__ - INFO - response: <Response 213 bytes [200 OK]>
2025-01-30 17:53:37,548 - __main__ - INFO - Response time for the request: 2.01 seconds
2025-01-30 17:53:37,549 - __main__ - INFO - ----------------------------------------------------------------------------------------------------
2025-01-30 17:53:37,647 - __main__ - INFO - response: <Response 213 bytes [200 OK]>
2025-01-30 17:53:37,647 - __main__ - INFO - Response time for the request: 2.04 seconds
2025-01-30 17:53:37,648 - __main__ - INFO - ----------------------------------------------------------------------------------------------------
2025-01-30 17:54:46,865 - __main__ - INFO - Received request: {'latitude': 13.092958, 'longitude': 80.198554}
2025-01-30 17:54:46,912 - __main__ - INFO - Received request: {'latitude': 13.092958, 'longitude': 80.198554}
2025-01-30 17:54:49,811 - __main__ - INFO - Received request: {'latitude': 13.092958, 'longitude': 80.198554}
2025-01-30 17:54:49,895 - __main__ - INFO - response: <Response 213 bytes [200 OK]>
2025-01-30 17:54:49,896 - __main__ - INFO - response: <Response 213 bytes [200 OK]>
2025-01-30 17:54:49,896 - __main__ - INFO - Response time for the request: 3.03 seconds
2025-01-30 17:54:49,896 - __main__ - INFO - Response time for the request: 2.98 seconds
2025-01-30 17:54:49,897 - __main__ - INFO - ----------------------------------------------------------------------------------------------------
2025-01-30 17:54:49,897 - __main__ - INFO - ----------------------------------------------------------------------------------------------------
2025-01-30 17:54:51,544 - __main__ - INFO - response: <Response 213 bytes [200 OK]>
2025-01-30 17:54:51,545 - __main__ - INFO - Response time for the request: 1.73 seconds
2025-01-30 17:54:51,545 - __main__ - INFO - ----------------------------------------------------------------------------------------------------
2025-01-30 17:55:33,051 - __main__ - INFO - Received request: {'latitude': 13.092958, 'longitude': 80.198554}
2025-01-30 17:55:38,572 - __main__ - INFO - response: <Response 213 bytes [200 OK]>
2025-01-30 17:55:38,574 - __main__ - INFO - Response time for the request: 5.52 seconds
2025-01-30 17:55:38,574 - __main__ - INFO - ----------------------------------------------------------------------------------------------------
2025-01-30 17:55:44,689 - __main__ - INFO - Received request: {'latitude': 13.092958, 'longitude': 80.198554}
2025-01-30 17:55:52,371 - __main__ - INFO - response: <Response 213 bytes [200 OK]>
2025-01-30 17:55:52,371 - __main__ - INFO - Response time for the request: 7.68 seconds
2025-01-30 17:55:52,372 - __main__ - INFO - ----------------------------------------------------------------------------------------------------
2025-01-30 17:55:54,525 - __main__ - INFO - Received request: {'latitude': 13.092958, 'longitude': 80.198554}
2025-01-30 17:55:58,006 - __main__ - INFO - Received request: {'latitude': 13.092958, 'longitude': 80.198554}
2025-01-30 17:55:58,553 - __main__ - INFO - response: <Response 213 bytes [200 OK]>
2025-01-30 17:55:58,553 - __main__ - INFO - Response time for the request: 4.03 seconds
2025-01-30 17:55:58,554 - __main__ - INFO - ----------------------------------------------------------------------------------------------------
2025-01-30 17:55:59,850 - __main__ - INFO - response: <Response 213 bytes [200 OK]>
2025-01-30 17:55:59,852 - __main__ - INFO - Response time for the request: 1.85 seconds
2025-01-30 17:55:59,853 - __main__ - INFO - ----------------------------------------------------------------------------------------------------
2025-01-30 17:56:18,342 - __main__ - INFO - Received request: {'latitude': 13.092958, 'longitude': 80.198554}
2025-01-30 17:56:22,290 - __main__ - INFO - response: <Response 213 bytes [200 OK]>
2025-01-30 17:56:22,290 - __main__ - INFO - Response time for the request: 3.95 seconds
2025-01-30 17:56:22,291 - __main__ - INFO - ----------------------------------------------------------------------------------------------------
2025-01-30 17:56:22,895 - __main__ - INFO - Received request: {'latitude': 13.092958, 'longitude': 80.198554}
2025-01-30 17:56:24,689 - __main__ - INFO - response: <Response 213 bytes [200 OK]>
2025-01-30 17:56:24,689 - __main__ - INFO - Response time for the request: 1.79 seconds
2025-01-30 17:56:24,690 - __main__ - INFO - ----------------------------------------------------------------------------------------------------
2025-01-30 17:56:34,682 - __main__ - INFO - Received request: {'latitude': 13.092958, 'longitude': 80.198554}
2025-01-30 17:56:36,102 - __main__ - INFO - Received request: {'latitude': 13.092958, 'longitude': 80.198554}
2025-01-30 17:56:37,399 - __main__ - INFO - response: <Response 213 bytes [200 OK]>
2025-01-30 17:56:37,400 - __main__ - INFO - Response time for the request: 2.72 seconds
2025-01-30 17:56:37,400 - __main__ - INFO - ----------------------------------------------------------------------------------------------------
2025-01-30 17:56:37,933 - __main__ - INFO - response: <Response 213 bytes [200 OK]>
2025-01-30 17:56:37,934 - __main__ - INFO - Response time for the request: 1.83 seconds
2025-01-30 17:56:37,934 - __main__ - INFO - ----------------------------------------------------------------------------------------------------
2025-01-30 17:56:49,724 - __main__ - INFO - Received request: {'latitude': 13.092958, 'longitude': 80.198554}
2025-01-30 17:56:51,979 - __main__ - INFO - response: <Response 213 bytes [200 OK]>
2025-01-30 17:56:51,981 - __main__ - INFO - Response time for the request: 2.26 seconds
2025-01-30 17:56:51,982 - __main__ - INFO - ----------------------------------------------------------------------------------------------------
2025-01-30 17:57:46,981 - __main__ - INFO - Received request: {'latitude': 13.092958, 'longitude': 80.198554}
2025-01-30 17:57:49,994 - __main__ - INFO - response: <Response 213 bytes [200 OK]>
2025-01-30 17:57:49,996 - __main__ - INFO - Response time for the request: 3.01 seconds
2025-01-30 17:57:49,996 - __main__ - INFO - ----------------------------------------------------------------------------------------------------
2025-01-30 18:01:19,561 - __main__ - INFO - Received request: {'latitude': 13.092958, 'longitude': 80.198554}
2025-01-30 18:01:19,875 - __main__ - INFO - Received request: {'latitude': 13.092958, 'longitude': 80.198554}
2025-01-30 18:01:22,845 - __main__ - INFO - response: <Response 213 bytes [200 OK]>
2025-01-30 18:01:22,847 - __main__ - INFO - Response time for the request: 2.97 seconds
2025-01-30 18:01:22,856 - __main__ - INFO - ----------------------------------------------------------------------------------------------------
2025-01-30 18:01:22,957 - __main__ - INFO - response: <Response 213 bytes [200 OK]>
2025-01-30 18:01:22,959 - __main__ - INFO - Response time for the request: 3.40 seconds
2025-01-30 18:01:22,960 - __main__ - INFO - ----------------------------------------------------------------------------------------------------
2025-01-30 18:02:36,523 - __main__ - INFO - Received request: {'latitude': 13.092958, 'longitude': 80.198554}
2025-01-30 18:02:36,621 - __main__ - INFO - Received request: {'latitude': 13.092958, 'longitude': 80.198554}
2025-01-30 18:02:38,454 - __main__ - INFO - response: <Response 213 bytes [200 OK]>
2025-01-30 18:02:38,455 - __main__ - INFO - Response time for the request: 1.93 seconds
2025-01-30 18:02:38,455 - __main__ - INFO - ----------------------------------------------------------------------------------------------------
2025-01-30 18:02:38,531 - __main__ - INFO - response: <Response 213 bytes [200 OK]>
2025-01-30 18:02:38,531 - __main__ - INFO - Response time for the request: 1.91 seconds
2025-01-30 18:02:38,531 - __main__ - INFO - ----------------------------------------------------------------------------------------------------
2025-01-30 18:02:47,972 - __main__ - INFO - Request came to fetch all countries.
2025-01-30 18:02:48,055 - __main__ - INFO - response: ['Andorra', 'United Arab Emirates', 'Afghanistan', 'Antigua and Barbuda', 'Anguilla', 'Albania', 'Armenia', 'Angola', 'Antarctica', 'Argentina', 'American Samoa', 'Austria', 'Australia', 'Aruba', 'Åland', 'Azerbaijan', 'Bosnia and Herzegovina', 'Barbados', 'Bangladesh', 'Belgium', 'Burkina Faso', 'Bulgaria', 'Bahrain', 'Burundi', 'Benin', 'Saint Barthélemy', 'Bermuda', 'Brunei', 'Bolivia', 'Bonaire, Sint Eustatius, and Saba', 'Brazil', 'Bahamas', 'Bhutan', 'Bouvet Island', 'Botswana', 'Belarus', 'Belize', 'Canada', 'Cocos (Keeling) Islands', 'DR Congo', 'Central African Republic', 'Congo Republic', 'Switzerland', 'Ivory Coast', 'Cook Islands', 'Chile', 'Cameroon', 'China', 'Colombia', 'Costa Rica', 'Cuba', 'Cabo Verde', 'Curaçao', 'Christmas Island', 'Cyprus', 'Czechia', 'Germany', 'Djibouti', 'Denmark', 'Dominica', 'Dominican Republic', 'Algeria', 'Ecuador', 'Estonia', 'Egypt', 'Western Sahara', 'Eritrea', 'Spain', 'Ethiopia', 'Finland', 'Fiji', 'Falkland Islands', 'Micronesia', 'Faroe Islands', 'France', 'Gabon', 'United Kingdom', 'Grenada', 'Georgia', 'French Guiana', 'Guernsey', 'Ghana', 'Gibraltar', 'Greenland', 'The Gambia', 'Guinea', 'Guadeloupe', 'Equatorial Guinea', 'Greece', 'South Georgia and South Sandwich Islands', 'Guatemala', 'Guam', 'Guinea-Bissau', 'Guyana', 'Hong Kong', 'Heard and McDonald Islands', 'Honduras', 'Croatia', 'Haiti', 'Hungary', 'Indonesia', 'Ireland', 'Israel', 'Isle of Man', 'India', 'British Indian Ocean Territory', 'Iraq', 'Iran', 'Iceland', 'Italy', 'Jersey', 'Jamaica', 'Jordan', 'Japan', 'Kenya', 'Kyrgyzstan', 'Cambodia', 'Kiribati', 'Comoros', 'St Kitts and Nevis', 'North Korea', 'South Korea', 'Kuwait', 'Cayman Islands', 'Kazakhstan', 'Laos', 'Lebanon', 'Saint Lucia', 'Liechtenstein', 'Sri Lanka', 'Liberia', 'Lesotho', 'Lithuania', 'Luxembourg', 'Latvia', 'Libya', 'Morocco', 'Monaco', 'Moldova', 'Montenegro', 'Saint Martin', 'Madagascar', 'Marshall Islands', 'North Macedonia', 'Mali', 'Myanmar', 'Mongolia', 'Macao', 'Northern Mariana Islands', 'Martinique', 'Mauritania', 'Montserrat', 'Malta', 'Mauritius', 'Maldives', 'Malawi', 'Mexico', 'Malaysia', 'Mozambique', 'Namibia', 'New Caledonia', 'Niger', 'Norfolk Island', 'Nigeria', 'Nicaragua', 'The Netherlands', 'Norway', 'Nepal', 'Nauru', 'Niue', 'New Zealand', 'Oman', 'Panama', 'Peru', 'French Polynesia', 'Papua New Guinea', 'Philippines', 'Pakistan', 'Poland', 'Saint Pierre and Miquelon', 'Pitcairn Islands', 'Puerto Rico', 'Palestine', 'Portugal', 'Palau', 'Paraguay', 'Qatar', 'Réunion', 'Romania', 'Serbia', 'Russia', 'Rwanda', 'Saudi Arabia', 'Solomon Islands', 'Seychelles', 'Sudan', 'Sweden', 'Singapore', 'Saint Helena', 'Slovenia', 'Svalbard and Jan Mayen', 'Slovakia', 'Sierra Leone', 'San Marino', 'Senegal', 'Somalia', 'Suriname', 'South Sudan', 'São Tomé and Príncipe', 'El Salvador', 'Sint Maarten', 'Syria', 'Eswatini', 'Turks and Caicos Islands', 'Chad', 'French Southern Territories', 'Togo', 'Thailand', 'Tajikistan', 'Tokelau', 'Timor-Leste', 'Turkmenistan', 'Tunisia', 'Tonga', 'Türkiye', 'Trinidad and Tobago', 'Tuvalu', 'Taiwan', 'Tanzania', 'Ukraine', 'Uganda', 'U.S. Outlying Islands', 'United States', 'Uruguay', 'Uzbekistan', 'Vatican City', 'St Vincent and Grenadines', 'Venezuela', 'British Virgin Islands', 'U.S. Virgin Islands', 'Vietnam', 'Vanuatu', 'Wallis and Futuna', 'Samoa', 'Kosovo', 'Yemen', 'Mayotte', 'South Africa', 'Zambia', 'Zimbabwe']
2025-01-30 18:02:48,059 - __main__ - INFO - Response time for the request: 0.09 seconds
2025-01-30 18:02:48,059 - __main__ - INFO - ----------------------------------------------------------------------------------------------------
2025-01-30 18:02:48,225 - __main__ - INFO - Request came to fetch all countries.
2025-01-30 18:02:48,308 - __main__ - INFO - response: ['Andorra', 'United Arab Emirates', 'Afghanistan', 'Antigua and Barbuda', 'Anguilla', 'Albania', 'Armenia', 'Angola', 'Antarctica', 'Argentina', 'American Samoa', 'Austria', 'Australia', 'Aruba', 'Åland', 'Azerbaijan', 'Bosnia and Herzegovina', 'Barbados', 'Bangladesh', 'Belgium', 'Burkina Faso', 'Bulgaria', 'Bahrain', 'Burundi', 'Benin', 'Saint Barthélemy', 'Bermuda', 'Brunei', 'Bolivia', 'Bonaire, Sint Eustatius, and Saba', 'Brazil', 'Bahamas', 'Bhutan', 'Bouvet Island', 'Botswana', 'Belarus', 'Belize', 'Canada', 'Cocos (Keeling) Islands', 'DR Congo', 'Central African Republic', 'Congo Republic', 'Switzerland', 'Ivory Coast', 'Cook Islands', 'Chile', 'Cameroon', 'China', 'Colombia', 'Costa Rica', 'Cuba', 'Cabo Verde', 'Curaçao', 'Christmas Island', 'Cyprus', 'Czechia', 'Germany', 'Djibouti', 'Denmark', 'Dominica', 'Dominican Republic', 'Algeria', 'Ecuador', 'Estonia', 'Egypt', 'Western Sahara', 'Eritrea', 'Spain', 'Ethiopia', 'Finland', 'Fiji', 'Falkland Islands', 'Micronesia', 'Faroe Islands', 'France', 'Gabon', 'United Kingdom', 'Grenada', 'Georgia', 'French Guiana', 'Guernsey', 'Ghana', 'Gibraltar', 'Greenland', 'The Gambia', 'Guinea', 'Guadeloupe', 'Equatorial Guinea', 'Greece', 'South Georgia and South Sandwich Islands', 'Guatemala', 'Guam', 'Guinea-Bissau', 'Guyana', 'Hong Kong', 'Heard and McDonald Islands', 'Honduras', 'Croatia', 'Haiti', 'Hungary', 'Indonesia', 'Ireland', 'Israel', 'Isle of Man', 'India', 'British Indian Ocean Territory', 'Iraq', 'Iran', 'Iceland', 'Italy', 'Jersey', 'Jamaica', 'Jordan', 'Japan', 'Kenya', 'Kyrgyzstan', 'Cambodia', 'Kiribati', 'Comoros', 'St Kitts and Nevis', 'North Korea', 'South Korea', 'Kuwait', 'Cayman Islands', 'Kazakhstan', 'Laos', 'Lebanon', 'Saint Lucia', 'Liechtenstein', 'Sri Lanka', 'Liberia', 'Lesotho', 'Lithuania', 'Luxembourg', 'Latvia', 'Libya', 'Morocco', 'Monaco', 'Moldova', 'Montenegro', 'Saint Martin', 'Madagascar', 'Marshall Islands', 'North Macedonia', 'Mali', 'Myanmar', 'Mongolia', 'Macao', 'Northern Mariana Islands', 'Martinique', 'Mauritania', 'Montserrat', 'Malta', 'Mauritius', 'Maldives', 'Malawi', 'Mexico', 'Malaysia', 'Mozambique', 'Namibia', 'New Caledonia', 'Niger', 'Norfolk Island', 'Nigeria', 'Nicaragua', 'The Netherlands', 'Norway', 'Nepal', 'Nauru', 'Niue', 'New Zealand', 'Oman', 'Panama', 'Peru', 'French Polynesia', 'Papua New Guinea', 'Philippines', 'Pakistan', 'Poland', 'Saint Pierre and Miquelon', 'Pitcairn Islands', 'Puerto Rico', 'Palestine', 'Portugal', 'Palau', 'Paraguay', 'Qatar', 'Réunion', 'Romania', 'Serbia', 'Russia', 'Rwanda', 'Saudi Arabia', 'Solomon Islands', 'Seychelles', 'Sudan', 'Sweden', 'Singapore', 'Saint Helena', 'Slovenia', 'Svalbard and Jan Mayen', 'Slovakia', 'Sierra Leone', 'San Marino', 'Senegal', 'Somalia', 'Suriname', 'South Sudan', 'São Tomé and Príncipe', 'El Salvador', 'Sint Maarten', 'Syria', 'Eswatini', 'Turks and Caicos Islands', 'Chad', 'French Southern Territories', 'Togo', 'Thailand', 'Tajikistan', 'Tokelau', 'Timor-Leste', 'Turkmenistan', 'Tunisia', 'Tonga', 'Türkiye', 'Trinidad and Tobago', 'Tuvalu', 'Taiwan', 'Tanzania', 'Ukraine', 'Uganda', 'U.S. Outlying Islands', 'United States', 'Uruguay', 'Uzbekistan', 'Vatican City', 'St Vincent and Grenadines', 'Venezuela', 'British Virgin Islands', 'U.S. Virgin Islands', 'Vietnam', 'Vanuatu', 'Wallis and Futuna', 'Samoa', 'Kosovo', 'Yemen', 'Mayotte', 'South Africa', 'Zambia', 'Zimbabwe']
2025-01-30 18:02:48,316 - __main__ - INFO - Response time for the request: 0.09 seconds
2025-01-30 18:02:48,316 - __main__ - INFO - ----------------------------------------------------------------------------------------------------
2025-01-30 18:08:53,006 - __main__ - INFO - Request came to fetch all states from i.
2025-01-30 18:08:53,199 - __main__ - INFO - Request came to fetch all states from in.
2025-01-30 18:08:53,301 - __main__ - INFO - Request came to fetch all states from ind.
2025-01-30 18:08:53,360 - __main__ - INFO - response: []
2025-01-30 18:08:53,362 - __main__ - INFO - Response time for the request: 0.36 seconds
2025-01-30 18:08:53,362 - __main__ - INFO - ----------------------------------------------------------------------------------------------------
2025-01-30 18:08:53,457 - __main__ - INFO - Request came to fetch all states from indi.
2025-01-30 18:08:53,523 - __main__ - INFO - Request came to fetch all states from india.
2025-01-30 18:08:53,578 - __main__ - INFO - response: []
2025-01-30 18:08:53,578 - __main__ - INFO - Response time for the request: 0.39 seconds
2025-01-30 18:08:53,579 - __main__ - INFO - ----------------------------------------------------------------------------------------------------
2025-01-30 18:08:53,601 - __main__ - INFO - Request came to fetch all states from i.
2025-01-30 18:08:53,626 - __main__ - INFO - response: []
2025-01-30 18:08:53,626 - __main__ - INFO - Response time for the request: 0.33 seconds
2025-01-30 18:08:53,628 - __main__ - INFO - ----------------------------------------------------------------------------------------------------
2025-01-30 18:08:53,709 - __main__ - INFO - response: []
2025-01-30 18:08:53,709 - __main__ - INFO - Response time for the request: 0.25 seconds
2025-01-30 18:08:53,710 - __main__ - INFO - ----------------------------------------------------------------------------------------------------
2025-01-30 18:08:53,742 - __main__ - INFO - response: ['Andaman and Nicobar', 'Andhra Pradesh', 'Arunachal Pradesh', 'Assam', 'Bihar', 'Chandigarh', 'Chhattisgarh', 'Dadra and Nagar Haveli and Daman and Diu', 'Delhi', 'Goa', 'Gujarat', 'Haryana', 'Himachal Pradesh', 'Jammu and Kashmir', 'Jharkhand', 'Karnataka', 'Kerala', 'Ladakh', 'Lakshadweep', 'Madhya Pradesh', 'Maharashtra', 'Manipur', 'Meghalaya', 'Mizoram', 'Nagaland', 'Odisha', 'Puducherry', 'Punjab', 'Rajasthan', 'Sikkim', 'Tamil Nadu', 'Telangana', 'Tripura', 'Uttar Pradesh', 'Uttarakhand', 'West Bengal']
2025-01-30 18:08:53,745 - __main__ - INFO - Response time for the request: 0.22 seconds
2025-01-30 18:08:53,745 - __main__ - INFO - ----------------------------------------------------------------------------------------------------
2025-01-30 18:08:53,822 - __main__ - INFO - response: []
2025-01-30 18:08:53,823 - __main__ - INFO - Response time for the request: 0.22 seconds
2025-01-30 18:08:53,823 - __main__ - INFO - ----------------------------------------------------------------------------------------------------
2025-01-30 18:08:56,056 - __main__ - INFO - Request came to fetch all states from India.
2025-01-30 18:08:56,192 - __main__ - INFO - response: ['Andaman and Nicobar', 'Andhra Pradesh', 'Arunachal Pradesh', 'Assam', 'Bihar', 'Chandigarh', 'Chhattisgarh', 'Dadra and Nagar Haveli and Daman and Diu', 'Delhi', 'Goa', 'Gujarat', 'Haryana', 'Himachal Pradesh', 'Jammu and Kashmir', 'Jharkhand', 'Karnataka', 'Kerala', 'Ladakh', 'Lakshadweep', 'Madhya Pradesh', 'Maharashtra', 'Manipur', 'Meghalaya', 'Mizoram', 'Nagaland', 'Odisha', 'Puducherry', 'Punjab', 'Rajasthan', 'Sikkim', 'Tamil Nadu', 'Telangana', 'Tripura', 'Uttar Pradesh', 'Uttarakhand', 'West Bengal']
2025-01-30 18:08:56,194 - __main__ - INFO - Response time for the request: 0.14 seconds
2025-01-30 18:08:56,194 - __main__ - INFO - ----------------------------------------------------------------------------------------------------
2025-01-30 18:20:15,096 - __main__ - INFO - Request came to fetch all countries.
2025-01-30 18:20:15,334 - __main__ - INFO - response: ['Andorra', 'United Arab Emirates', 'Afghanistan', 'Antigua and Barbuda', 'Anguilla', 'Albania', 'Armenia', 'Angola', 'Antarctica', 'Argentina', 'American Samoa', 'Austria', 'Australia', 'Aruba', 'Åland', 'Azerbaijan', 'Bosnia and Herzegovina', 'Barbados', 'Bangladesh', 'Belgium', 'Burkina Faso', 'Bulgaria', 'Bahrain', 'Burundi', 'Benin', 'Saint Barthélemy', 'Bermuda', 'Brunei', 'Bolivia', 'Bonaire, Sint Eustatius, and Saba', 'Brazil', 'Bahamas', 'Bhutan', 'Bouvet Island', 'Botswana', 'Belarus', 'Belize', 'Canada', 'Cocos (Keeling) Islands', 'DR Congo', 'Central African Republic', 'Congo Republic', 'Switzerland', 'Ivory Coast', 'Cook Islands', 'Chile', 'Cameroon', 'China', 'Colombia', 'Costa Rica', 'Cuba', 'Cabo Verde', 'Curaçao', 'Christmas Island', 'Cyprus', 'Czechia', 'Germany', 'Djibouti', 'Denmark', 'Dominica', 'Dominican Republic', 'Algeria', 'Ecuador', 'Estonia', 'Egypt', 'Western Sahara', 'Eritrea', 'Spain', 'Ethiopia', 'Finland', 'Fiji', 'Falkland Islands', 'Micronesia', 'Faroe Islands', 'France', 'Gabon', 'United Kingdom', 'Grenada', 'Georgia', 'French Guiana', 'Guernsey', 'Ghana', 'Gibraltar', 'Greenland', 'The Gambia', 'Guinea', 'Guadeloupe', 'Equatorial Guinea', 'Greece', 'South Georgia and South Sandwich Islands', 'Guatemala', 'Guam', 'Guinea-Bissau', 'Guyana', 'Hong Kong', 'Heard and McDonald Islands', 'Honduras', 'Croatia', 'Haiti', 'Hungary', 'Indonesia', 'Ireland', 'Israel', 'Isle of Man', 'India', 'British Indian Ocean Territory', 'Iraq', 'Iran', 'Iceland', 'Italy', 'Jersey', 'Jamaica', 'Jordan', 'Japan', 'Kenya', 'Kyrgyzstan', 'Cambodia', 'Kiribati', 'Comoros', 'St Kitts and Nevis', 'North Korea', 'South Korea', 'Kuwait', 'Cayman Islands', 'Kazakhstan', 'Laos', 'Lebanon', 'Saint Lucia', 'Liechtenstein', 'Sri Lanka', 'Liberia', 'Lesotho', 'Lithuania', 'Luxembourg', 'Latvia', 'Libya', 'Morocco', 'Monaco', 'Moldova', 'Montenegro', 'Saint Martin', 'Madagascar', 'Marshall Islands', 'North Macedonia', 'Mali', 'Myanmar', 'Mongolia', 'Macao', 'Northern Mariana Islands', 'Martinique', 'Mauritania', 'Montserrat', 'Malta', 'Mauritius', 'Maldives', 'Malawi', 'Mexico', 'Malaysia', 'Mozambique', 'Namibia', 'New Caledonia', 'Niger', 'Norfolk Island', 'Nigeria', 'Nicaragua', 'The Netherlands', 'Norway', 'Nepal', 'Nauru', 'Niue', 'New Zealand', 'Oman', 'Panama', 'Peru', 'French Polynesia', 'Papua New Guinea', 'Philippines', 'Pakistan', 'Poland', 'Saint Pierre and Miquelon', 'Pitcairn Islands', 'Puerto Rico', 'Palestine', 'Portugal', 'Palau', 'Paraguay', 'Qatar', 'Réunion', 'Romania', 'Serbia', 'Russia', 'Rwanda', 'Saudi Arabia', 'Solomon Islands', 'Seychelles', 'Sudan', 'Sweden', 'Singapore', 'Saint Helena', 'Slovenia', 'Svalbard and Jan Mayen', 'Slovakia', 'Sierra Leone', 'San Marino', 'Senegal', 'Somalia', 'Suriname', 'South Sudan', 'São Tomé and Príncipe', 'El Salvador', 'Sint Maarten', 'Syria', 'Eswatini', 'Turks and Caicos Islands', 'Chad', 'French Southern Territories', 'Togo', 'Thailand', 'Tajikistan', 'Tokelau', 'Timor-Leste', 'Turkmenistan', 'Tunisia', 'Tonga', 'Türkiye', 'Trinidad and Tobago', 'Tuvalu', 'Taiwan', 'Tanzania', 'Ukraine', 'Uganda', 'U.S. Outlying Islands', 'United States', 'Uruguay', 'Uzbekistan', 'Vatican City', 'St Vincent and Grenadines', 'Venezuela', 'British Virgin Islands', 'U.S. Virgin Islands', 'Vietnam', 'Vanuatu', 'Wallis and Futuna', 'Samoa', 'Kosovo', 'Yemen', 'Mayotte', 'South Africa', 'Zambia', 'Zimbabwe']
2025-01-30 18:20:15,340 - __main__ - INFO - Response time for the request: 0.25 seconds
2025-01-30 18:20:15,340 - __main__ - INFO - ----------------------------------------------------------------------------------------------------
2025-01-30 18:20:56,742 - __main__ - INFO - Request came to fetch all countries.
2025-01-30 18:20:57,072 - __main__ - INFO - response: ['Andorra', 'United Arab Emirates', 'Afghanistan', 'Antigua and Barbuda', 'Anguilla', 'Albania', 'Armenia', 'Angola', 'Antarctica', 'Argentina', 'American Samoa', 'Austria', 'Australia', 'Aruba', 'Åland', 'Azerbaijan', 'Bosnia and Herzegovina', 'Barbados', 'Bangladesh', 'Belgium', 'Burkina Faso', 'Bulgaria', 'Bahrain', 'Burundi', 'Benin', 'Saint Barthélemy', 'Bermuda', 'Brunei', 'Bolivia', 'Bonaire, Sint Eustatius, and Saba', 'Brazil', 'Bahamas', 'Bhutan', 'Bouvet Island', 'Botswana', 'Belarus', 'Belize', 'Canada', 'Cocos (Keeling) Islands', 'DR Congo', 'Central African Republic', 'Congo Republic', 'Switzerland', 'Ivory Coast', 'Cook Islands', 'Chile', 'Cameroon', 'China', 'Colombia', 'Costa Rica', 'Cuba', 'Cabo Verde', 'Curaçao', 'Christmas Island', 'Cyprus', 'Czechia', 'Germany', 'Djibouti', 'Denmark', 'Dominica', 'Dominican Republic', 'Algeria', 'Ecuador', 'Estonia', 'Egypt', 'Western Sahara', 'Eritrea', 'Spain', 'Ethiopia', 'Finland', 'Fiji', 'Falkland Islands', 'Micronesia', 'Faroe Islands', 'France', 'Gabon', 'United Kingdom', 'Grenada', 'Georgia', 'French Guiana', 'Guernsey', 'Ghana', 'Gibraltar', 'Greenland', 'The Gambia', 'Guinea', 'Guadeloupe', 'Equatorial Guinea', 'Greece', 'South Georgia and South Sandwich Islands', 'Guatemala', 'Guam', 'Guinea-Bissau', 'Guyana', 'Hong Kong', 'Heard and McDonald Islands', 'Honduras', 'Croatia', 'Haiti', 'Hungary', 'Indonesia', 'Ireland', 'Israel', 'Isle of Man', 'India', 'British Indian Ocean Territory', 'Iraq', 'Iran', 'Iceland', 'Italy', 'Jersey', 'Jamaica', 'Jordan', 'Japan', 'Kenya', 'Kyrgyzstan', 'Cambodia', 'Kiribati', 'Comoros', 'St Kitts and Nevis', 'North Korea', 'South Korea', 'Kuwait', 'Cayman Islands', 'Kazakhstan', 'Laos', 'Lebanon', 'Saint Lucia', 'Liechtenstein', 'Sri Lanka', 'Liberia', 'Lesotho', 'Lithuania', 'Luxembourg', 'Latvia', 'Libya', 'Morocco', 'Monaco', 'Moldova', 'Montenegro', 'Saint Martin', 'Madagascar', 'Marshall Islands', 'North Macedonia', 'Mali', 'Myanmar', 'Mongolia', 'Macao', 'Northern Mariana Islands', 'Martinique', 'Mauritania', 'Montserrat', 'Malta', 'Mauritius', 'Maldives', 'Malawi', 'Mexico', 'Malaysia', 'Mozambique', 'Namibia', 'New Caledonia', 'Niger', 'Norfolk Island', 'Nigeria', 'Nicaragua', 'The Netherlands', 'Norway', 'Nepal', 'Nauru', 'Niue', 'New Zealand', 'Oman', 'Panama', 'Peru', 'French Polynesia', 'Papua New Guinea', 'Philippines', 'Pakistan', 'Poland', 'Saint Pierre and Miquelon', 'Pitcairn Islands', 'Puerto Rico', 'Palestine', 'Portugal', 'Palau', 'Paraguay', 'Qatar', 'Réunion', 'Romania', 'Serbia', 'Russia', 'Rwanda', 'Saudi Arabia', 'Solomon Islands', 'Seychelles', 'Sudan', 'Sweden', 'Singapore', 'Saint Helena', 'Slovenia', 'Svalbard and Jan Mayen', 'Slovakia', 'Sierra Leone', 'San Marino', 'Senegal', 'Somalia', 'Suriname', 'South Sudan', 'São Tomé and Príncipe', 'El Salvador', 'Sint Maarten', 'Syria', 'Eswatini', 'Turks and Caicos Islands', 'Chad', 'French Southern Territories', 'Togo', 'Thailand', 'Tajikistan', 'Tokelau', 'Timor-Leste', 'Turkmenistan', 'Tunisia', 'Tonga', 'Türkiye', 'Trinidad and Tobago', 'Tuvalu', 'Taiwan', 'Tanzania', 'Ukraine', 'Uganda', 'U.S. Outlying Islands', 'United States', 'Uruguay', 'Uzbekistan', 'Vatican City', 'St Vincent and Grenadines', 'Venezuela', 'British Virgin Islands', 'U.S. Virgin Islands', 'Vietnam', 'Vanuatu', 'Wallis and Futuna', 'Samoa', 'Kosovo', 'Yemen', 'Mayotte', 'South Africa', 'Zambia', 'Zimbabwe']
2025-01-30 18:20:57,081 - __main__ - INFO - Response time for the request: 0.34 seconds
2025-01-30 18:20:57,081 - __main__ - INFO - ----------------------------------------------------------------------------------------------------
2025-01-30 18:22:45,340 - __main__ - INFO - Request came to fetch all countries.
2025-01-30 18:22:45,682 - __main__ - INFO - response: ['Andorra', 'United Arab Emirates', 'Afghanistan', 'Antigua and Barbuda', 'Anguilla', 'Albania', 'Armenia', 'Angola', 'Antarctica', 'Argentina', 'American Samoa', 'Austria', 'Australia', 'Aruba', 'Åland', 'Azerbaijan', 'Bosnia and Herzegovina', 'Barbados', 'Bangladesh', 'Belgium', 'Burkina Faso', 'Bulgaria', 'Bahrain', 'Burundi', 'Benin', 'Saint Barthélemy', 'Bermuda', 'Brunei', 'Bolivia', 'Bonaire, Sint Eustatius, and Saba', 'Brazil', 'Bahamas', 'Bhutan', 'Bouvet Island', 'Botswana', 'Belarus', 'Belize', 'Canada', 'Cocos (Keeling) Islands', 'DR Congo', 'Central African Republic', 'Congo Republic', 'Switzerland', 'Ivory Coast', 'Cook Islands', 'Chile', 'Cameroon', 'China', 'Colombia', 'Costa Rica', 'Cuba', 'Cabo Verde', 'Curaçao', 'Christmas Island', 'Cyprus', 'Czechia', 'Germany', 'Djibouti', 'Denmark', 'Dominica', 'Dominican Republic', 'Algeria', 'Ecuador', 'Estonia', 'Egypt', 'Western Sahara', 'Eritrea', 'Spain', 'Ethiopia', 'Finland', 'Fiji', 'Falkland Islands', 'Micronesia', 'Faroe Islands', 'France', 'Gabon', 'United Kingdom', 'Grenada', 'Georgia', 'French Guiana', 'Guernsey', 'Ghana', 'Gibraltar', 'Greenland', 'The Gambia', 'Guinea', 'Guadeloupe', 'Equatorial Guinea', 'Greece', 'South Georgia and South Sandwich Islands', 'Guatemala', 'Guam', 'Guinea-Bissau', 'Guyana', 'Hong Kong', 'Heard and McDonald Islands', 'Honduras', 'Croatia', 'Haiti', 'Hungary', 'Indonesia', 'Ireland', 'Israel', 'Isle of Man', 'India', 'British Indian Ocean Territory', 'Iraq', 'Iran', 'Iceland', 'Italy', 'Jersey', 'Jamaica', 'Jordan', 'Japan', 'Kenya', 'Kyrgyzstan', 'Cambodia', 'Kiribati', 'Comoros', 'St Kitts and Nevis', 'North Korea', 'South Korea', 'Kuwait', 'Cayman Islands', 'Kazakhstan', 'Laos', 'Lebanon', 'Saint Lucia', 'Liechtenstein', 'Sri Lanka', 'Liberia', 'Lesotho', 'Lithuania', 'Luxembourg', 'Latvia', 'Libya', 'Morocco', 'Monaco', 'Moldova', 'Montenegro', 'Saint Martin', 'Madagascar', 'Marshall Islands', 'North Macedonia', 'Mali', 'Myanmar', 'Mongolia', 'Macao', 'Northern Mariana Islands', 'Martinique', 'Mauritania', 'Montserrat', 'Malta', 'Mauritius', 'Maldives', 'Malawi', 'Mexico', 'Malaysia', 'Mozambique', 'Namibia', 'New Caledonia', 'Niger', 'Norfolk Island', 'Nigeria', 'Nicaragua', 'The Netherlands', 'Norway', 'Nepal', 'Nauru', 'Niue', 'New Zealand', 'Oman', 'Panama', 'Peru', 'French Polynesia', 'Papua New Guinea', 'Philippines', 'Pakistan', 'Poland', 'Saint Pierre and Miquelon', 'Pitcairn Islands', 'Puerto Rico', 'Palestine', 'Portugal', 'Palau', 'Paraguay', 'Qatar', 'Réunion', 'Romania', 'Serbia', 'Russia', 'Rwanda', 'Saudi Arabia', 'Solomon Islands', 'Seychelles', 'Sudan', 'Sweden', 'Singapore', 'Saint Helena', 'Slovenia', 'Svalbard and Jan Mayen', 'Slovakia', 'Sierra Leone', 'San Marino', 'Senegal', 'Somalia', 'Suriname', 'South Sudan', 'São Tomé and Príncipe', 'El Salvador', 'Sint Maarten', 'Syria', 'Eswatini', 'Turks and Caicos Islands', 'Chad', 'French Southern Territories', 'Togo', 'Thailand', 'Tajikistan', 'Tokelau', 'Timor-Leste', 'Turkmenistan', 'Tunisia', 'Tonga', 'Türkiye', 'Trinidad and Tobago', 'Tuvalu', 'Taiwan', 'Tanzania', 'Ukraine', 'Uganda', 'U.S. Outlying Islands', 'United States', 'Uruguay', 'Uzbekistan', 'Vatican City', 'St Vincent and Grenadines', 'Venezuela', 'British Virgin Islands', 'U.S. Virgin Islands', 'Vietnam', 'Vanuatu', 'Wallis and Futuna', 'Samoa', 'Kosovo', 'Yemen', 'Mayotte', 'South Africa', 'Zambia', 'Zimbabwe']
2025-01-30 18:22:45,690 - __main__ - INFO - Response time for the request: 0.35 seconds
2025-01-30 18:22:45,691 - __main__ - INFO - ----------------------------------------------------------------------------------------------------
2025-01-30 18:24:53,158 - __main__ - INFO - Request came to fetch all countries.
2025-01-30 18:24:53,281 - __main__ - INFO - response: ['Andorra', 'United Arab Emirates', 'Afghanistan', 'Antigua and Barbuda', 'Anguilla', 'Albania', 'Armenia', 'Angola', 'Antarctica', 'Argentina', 'American Samoa', 'Austria', 'Australia', 'Aruba', 'Åland', 'Azerbaijan', 'Bosnia and Herzegovina', 'Barbados', 'Bangladesh', 'Belgium', 'Burkina Faso', 'Bulgaria', 'Bahrain', 'Burundi', 'Benin', 'Saint Barthélemy', 'Bermuda', 'Brunei', 'Bolivia', 'Bonaire, Sint Eustatius, and Saba', 'Brazil', 'Bahamas', 'Bhutan', 'Bouvet Island', 'Botswana', 'Belarus', 'Belize', 'Canada', 'Cocos (Keeling) Islands', 'DR Congo', 'Central African Republic', 'Congo Republic', 'Switzerland', 'Ivory Coast', 'Cook Islands', 'Chile', 'Cameroon', 'China', 'Colombia', 'Costa Rica', 'Cuba', 'Cabo Verde', 'Curaçao', 'Christmas Island', 'Cyprus', 'Czechia', 'Germany', 'Djibouti', 'Denmark', 'Dominica', 'Dominican Republic', 'Algeria', 'Ecuador', 'Estonia', 'Egypt', 'Western Sahara', 'Eritrea', 'Spain', 'Ethiopia', 'Finland', 'Fiji', 'Falkland Islands', 'Micronesia', 'Faroe Islands', 'France', 'Gabon', 'United Kingdom', 'Grenada', 'Georgia', 'French Guiana', 'Guernsey', 'Ghana', 'Gibraltar', 'Greenland', 'The Gambia', 'Guinea', 'Guadeloupe', 'Equatorial Guinea', 'Greece', 'South Georgia and South Sandwich Islands', 'Guatemala', 'Guam', 'Guinea-Bissau', 'Guyana', 'Hong Kong', 'Heard and McDonald Islands', 'Honduras', 'Croatia', 'Haiti', 'Hungary', 'Indonesia', 'Ireland', 'Israel', 'Isle of Man', 'India', 'British Indian Ocean Territory', 'Iraq', 'Iran', 'Iceland', 'Italy', 'Jersey', 'Jamaica', 'Jordan', 'Japan', 'Kenya', 'Kyrgyzstan', 'Cambodia', 'Kiribati', 'Comoros', 'St Kitts and Nevis', 'North Korea', 'South Korea', 'Kuwait', 'Cayman Islands', 'Kazakhstan', 'Laos', 'Lebanon', 'Saint Lucia', 'Liechtenstein', 'Sri Lanka', 'Liberia', 'Lesotho', 'Lithuania', 'Luxembourg', 'Latvia', 'Libya', 'Morocco', 'Monaco', 'Moldova', 'Montenegro', 'Saint Martin', 'Madagascar', 'Marshall Islands', 'North Macedonia', 'Mali', 'Myanmar', 'Mongolia', 'Macao', 'Northern Mariana Islands', 'Martinique', 'Mauritania', 'Montserrat', 'Malta', 'Mauritius', 'Maldives', 'Malawi', 'Mexico', 'Malaysia', 'Mozambique', 'Namibia', 'New Caledonia', 'Niger', 'Norfolk Island', 'Nigeria', 'Nicaragua', 'The Netherlands', 'Norway', 'Nepal', 'Nauru', 'Niue', 'New Zealand', 'Oman', 'Panama', 'Peru', 'French Polynesia', 'Papua New Guinea', 'Philippines', 'Pakistan', 'Poland', 'Saint Pierre and Miquelon', 'Pitcairn Islands', 'Puerto Rico', 'Palestine', 'Portugal', 'Palau', 'Paraguay', 'Qatar', 'Réunion', 'Romania', 'Serbia', 'Russia', 'Rwanda', 'Saudi Arabia', 'Solomon Islands', 'Seychelles', 'Sudan', 'Sweden', 'Singapore', 'Saint Helena', 'Slovenia', 'Svalbard and Jan Mayen', 'Slovakia', 'Sierra Leone', 'San Marino', 'Senegal', 'Somalia', 'Suriname', 'South Sudan', 'São Tomé and Príncipe', 'El Salvador', 'Sint Maarten', 'Syria', 'Eswatini', 'Turks and Caicos Islands', 'Chad', 'French Southern Territories', 'Togo', 'Thailand', 'Tajikistan', 'Tokelau', 'Timor-Leste', 'Turkmenistan', 'Tunisia', 'Tonga', 'Türkiye', 'Trinidad and Tobago', 'Tuvalu', 'Taiwan', 'Tanzania', 'Ukraine', 'Uganda', 'U.S. Outlying Islands', 'United States', 'Uruguay', 'Uzbekistan', 'Vatican City', 'St Vincent and Grenadines', 'Venezuela', 'British Virgin Islands', 'U.S. Virgin Islands', 'Vietnam', 'Vanuatu', 'Wallis and Futuna', 'Samoa', 'Kosovo', 'Yemen', 'Mayotte', 'South Africa', 'Zambia', 'Zimbabwe']
2025-01-30 18:24:53,286 - __main__ - INFO - Response time for the request: 0.13 seconds
2025-01-30 18:24:53,286 - __main__ - INFO - ----------------------------------------------------------------------------------------------------
2025-01-30 18:24:53,407 - __main__ - INFO - Request came to fetch all countries.
2025-01-30 18:24:53,528 - __main__ - INFO - response: ['Andorra', 'United Arab Emirates', 'Afghanistan', 'Antigua and Barbuda', 'Anguilla', 'Albania', 'Armenia', 'Angola', 'Antarctica', 'Argentina', 'American Samoa', 'Austria', 'Australia', 'Aruba', 'Åland', 'Azerbaijan', 'Bosnia and Herzegovina', 'Barbados', 'Bangladesh', 'Belgium', 'Burkina Faso', 'Bulgaria', 'Bahrain', 'Burundi', 'Benin', 'Saint Barthélemy', 'Bermuda', 'Brunei', 'Bolivia', 'Bonaire, Sint Eustatius, and Saba', 'Brazil', 'Bahamas', 'Bhutan', 'Bouvet Island', 'Botswana', 'Belarus', 'Belize', 'Canada', 'Cocos (Keeling) Islands', 'DR Congo', 'Central African Republic', 'Congo Republic', 'Switzerland', 'Ivory Coast', 'Cook Islands', 'Chile', 'Cameroon', 'China', 'Colombia', 'Costa Rica', 'Cuba', 'Cabo Verde', 'Curaçao', 'Christmas Island', 'Cyprus', 'Czechia', 'Germany', 'Djibouti', 'Denmark', 'Dominica', 'Dominican Republic', 'Algeria', 'Ecuador', 'Estonia', 'Egypt', 'Western Sahara', 'Eritrea', 'Spain', 'Ethiopia', 'Finland', 'Fiji', 'Falkland Islands', 'Micronesia', 'Faroe Islands', 'France', 'Gabon', 'United Kingdom', 'Grenada', 'Georgia', 'French Guiana', 'Guernsey', 'Ghana', 'Gibraltar', 'Greenland', 'The Gambia', 'Guinea', 'Guadeloupe', 'Equatorial Guinea', 'Greece', 'South Georgia and South Sandwich Islands', 'Guatemala', 'Guam', 'Guinea-Bissau', 'Guyana', 'Hong Kong', 'Heard and McDonald Islands', 'Honduras', 'Croatia', 'Haiti', 'Hungary', 'Indonesia', 'Ireland', 'Israel', 'Isle of Man', 'India', 'British Indian Ocean Territory', 'Iraq', 'Iran', 'Iceland', 'Italy', 'Jersey', 'Jamaica', 'Jordan', 'Japan', 'Kenya', 'Kyrgyzstan', 'Cambodia', 'Kiribati', 'Comoros', 'St Kitts and Nevis', 'North Korea', 'South Korea', 'Kuwait', 'Cayman Islands', 'Kazakhstan', 'Laos', 'Lebanon', 'Saint Lucia', 'Liechtenstein', 'Sri Lanka', 'Liberia', 'Lesotho', 'Lithuania', 'Luxembourg', 'Latvia', 'Libya', 'Morocco', 'Monaco', 'Moldova', 'Montenegro', 'Saint Martin', 'Madagascar', 'Marshall Islands', 'North Macedonia', 'Mali', 'Myanmar', 'Mongolia', 'Macao', 'Northern Mariana Islands', 'Martinique', 'Mauritania', 'Montserrat', 'Malta', 'Mauritius', 'Maldives', 'Malawi', 'Mexico', 'Malaysia', 'Mozambique', 'Namibia', 'New Caledonia', 'Niger', 'Norfolk Island', 'Nigeria', 'Nicaragua', 'The Netherlands', 'Norway', 'Nepal', 'Nauru', 'Niue', 'New Zealand', 'Oman', 'Panama', 'Peru', 'French Polynesia', 'Papua New Guinea', 'Philippines', 'Pakistan', 'Poland', 'Saint Pierre and Miquelon', 'Pitcairn Islands', 'Puerto Rico', 'Palestine', 'Portugal', 'Palau', 'Paraguay', 'Qatar', 'Réunion', 'Romania', 'Serbia', 'Russia', 'Rwanda', 'Saudi Arabia', 'Solomon Islands', 'Seychelles', 'Sudan', 'Sweden', 'Singapore', 'Saint Helena', 'Slovenia', 'Svalbard and Jan Mayen', 'Slovakia', 'Sierra Leone', 'San Marino', 'Senegal', 'Somalia', 'Suriname', 'South Sudan', 'São Tomé and Príncipe', 'El Salvador', 'Sint Maarten', 'Syria', 'Eswatini', 'Turks and Caicos Islands', 'Chad', 'French Southern Territories', 'Togo', 'Thailand', 'Tajikistan', 'Tokelau', 'Timor-Leste', 'Turkmenistan', 'Tunisia', 'Tonga', 'Türkiye', 'Trinidad and Tobago', 'Tuvalu', 'Taiwan', 'Tanzania', 'Ukraine', 'Uganda', 'U.S. Outlying Islands', 'United States', 'Uruguay', 'Uzbekistan', 'Vatican City', 'St Vincent and Grenadines', 'Venezuela', 'British Virgin Islands', 'U.S. Virgin Islands', 'Vietnam', 'Vanuatu', 'Wallis and Futuna', 'Samoa', 'Kosovo', 'Yemen', 'Mayotte', 'South Africa', 'Zambia', 'Zimbabwe']
2025-01-30 18:24:53,537 - __main__ - INFO - Response time for the request: 0.13 seconds
2025-01-30 18:24:53,537 - __main__ - INFO - ----------------------------------------------------------------------------------------------------
2025-01-30 18:25:59,895 - __main__ - INFO - Request came to fetch all countries.
2025-01-30 18:26:00,006 - __main__ - INFO - response: ['Andorra', 'United Arab Emirates', 'Afghanistan', 'Antigua and Barbuda', 'Anguilla', 'Albania', 'Armenia', 'Angola', 'Antarctica', 'Argentina', 'American Samoa', 'Austria', 'Australia', 'Aruba', 'Åland', 'Azerbaijan', 'Bosnia and Herzegovina', 'Barbados', 'Bangladesh', 'Belgium', 'Burkina Faso', 'Bulgaria', 'Bahrain', 'Burundi', 'Benin', 'Saint Barthélemy', 'Bermuda', 'Brunei', 'Bolivia', 'Bonaire, Sint Eustatius, and Saba', 'Brazil', 'Bahamas', 'Bhutan', 'Bouvet Island', 'Botswana', 'Belarus', 'Belize', 'Canada', 'Cocos (Keeling) Islands', 'DR Congo', 'Central African Republic', 'Congo Republic', 'Switzerland', 'Ivory Coast', 'Cook Islands', 'Chile', 'Cameroon', 'China', 'Colombia', 'Costa Rica', 'Cuba', 'Cabo Verde', 'Curaçao', 'Christmas Island', 'Cyprus', 'Czechia', 'Germany', 'Djibouti', 'Denmark', 'Dominica', 'Dominican Republic', 'Algeria', 'Ecuador', 'Estonia', 'Egypt', 'Western Sahara', 'Eritrea', 'Spain', 'Ethiopia', 'Finland', 'Fiji', 'Falkland Islands', 'Micronesia', 'Faroe Islands', 'France', 'Gabon', 'United Kingdom', 'Grenada', 'Georgia', 'French Guiana', 'Guernsey', 'Ghana', 'Gibraltar', 'Greenland', 'The Gambia', 'Guinea', 'Guadeloupe', 'Equatorial Guinea', 'Greece', 'South Georgia and South Sandwich Islands', 'Guatemala', 'Guam', 'Guinea-Bissau', 'Guyana', 'Hong Kong', 'Heard and McDonald Islands', 'Honduras', 'Croatia', 'Haiti', 'Hungary', 'Indonesia', 'Ireland', 'Israel', 'Isle of Man', 'India', 'British Indian Ocean Territory', 'Iraq', 'Iran', 'Iceland', 'Italy', 'Jersey', 'Jamaica', 'Jordan', 'Japan', 'Kenya', 'Kyrgyzstan', 'Cambodia', 'Kiribati', 'Comoros', 'St Kitts and Nevis', 'North Korea', 'South Korea', 'Kuwait', 'Cayman Islands', 'Kazakhstan', 'Laos', 'Lebanon', 'Saint Lucia', 'Liechtenstein', 'Sri Lanka', 'Liberia', 'Lesotho', 'Lithuania', 'Luxembourg', 'Latvia', 'Libya', 'Morocco', 'Monaco', 'Moldova', 'Montenegro', 'Saint Martin', 'Madagascar', 'Marshall Islands', 'North Macedonia', 'Mali', 'Myanmar', 'Mongolia', 'Macao', 'Northern Mariana Islands', 'Martinique', 'Mauritania', 'Montserrat', 'Malta', 'Mauritius', 'Maldives', 'Malawi', 'Mexico', 'Malaysia', 'Mozambique', 'Namibia', 'New Caledonia', 'Niger', 'Norfolk Island', 'Nigeria', 'Nicaragua', 'The Netherlands', 'Norway', 'Nepal', 'Nauru', 'Niue', 'New Zealand', 'Oman', 'Panama', 'Peru', 'French Polynesia', 'Papua New Guinea', 'Philippines', 'Pakistan', 'Poland', 'Saint Pierre and Miquelon', 'Pitcairn Islands', 'Puerto Rico', 'Palestine', 'Portugal', 'Palau', 'Paraguay', 'Qatar', 'Réunion', 'Romania', 'Serbia', 'Russia', 'Rwanda', 'Saudi Arabia', 'Solomon Islands', 'Seychelles', 'Sudan', 'Sweden', 'Singapore', 'Saint Helena', 'Slovenia', 'Svalbard and Jan Mayen', 'Slovakia', 'Sierra Leone', 'San Marino', 'Senegal', 'Somalia', 'Suriname', 'South Sudan', 'São Tomé and Príncipe', 'El Salvador', 'Sint Maarten', 'Syria', 'Eswatini', 'Turks and Caicos Islands', 'Chad', 'French Southern Territories', 'Togo', 'Thailand', 'Tajikistan', 'Tokelau', 'Timor-Leste', 'Turkmenistan', 'Tunisia', 'Tonga', 'Türkiye', 'Trinidad and Tobago', 'Tuvalu', 'Taiwan', 'Tanzania', 'Ukraine', 'Uganda', 'U.S. Outlying Islands', 'United States', 'Uruguay', 'Uzbekistan', 'Vatican City', 'St Vincent and Grenadines', 'Venezuela', 'British Virgin Islands', 'U.S. Virgin Islands', 'Vietnam', 'Vanuatu', 'Wallis and Futuna', 'Samoa', 'Kosovo', 'Yemen', 'Mayotte', 'South Africa', 'Zambia', 'Zimbabwe']
2025-01-30 18:26:00,010 - __main__ - INFO - Response time for the request: 0.11 seconds
2025-01-30 18:26:00,010 - __main__ - INFO - ----------------------------------------------------------------------------------------------------
2025-01-30 18:26:00,084 - __main__ - INFO - Request came to fetch all countries.
2025-01-30 18:26:00,176 - __main__ - INFO - response: ['Andorra', 'United Arab Emirates', 'Afghanistan', 'Antigua and Barbuda', 'Anguilla', 'Albania', 'Armenia', 'Angola', 'Antarctica', 'Argentina', 'American Samoa', 'Austria', 'Australia', 'Aruba', 'Åland', 'Azerbaijan', 'Bosnia and Herzegovina', 'Barbados', 'Bangladesh', 'Belgium', 'Burkina Faso', 'Bulgaria', 'Bahrain', 'Burundi', 'Benin', 'Saint Barthélemy', 'Bermuda', 'Brunei', 'Bolivia', 'Bonaire, Sint Eustatius, and Saba', 'Brazil', 'Bahamas', 'Bhutan', 'Bouvet Island', 'Botswana', 'Belarus', 'Belize', 'Canada', 'Cocos (Keeling) Islands', 'DR Congo', 'Central African Republic', 'Congo Republic', 'Switzerland', 'Ivory Coast', 'Cook Islands', 'Chile', 'Cameroon', 'China', 'Colombia', 'Costa Rica', 'Cuba', 'Cabo Verde', 'Curaçao', 'Christmas Island', 'Cyprus', 'Czechia', 'Germany', 'Djibouti', 'Denmark', 'Dominica', 'Dominican Republic', 'Algeria', 'Ecuador', 'Estonia', 'Egypt', 'Western Sahara', 'Eritrea', 'Spain', 'Ethiopia', 'Finland', 'Fiji', 'Falkland Islands', 'Micronesia', 'Faroe Islands', 'France', 'Gabon', 'United Kingdom', 'Grenada', 'Georgia', 'French Guiana', 'Guernsey', 'Ghana', 'Gibraltar', 'Greenland', 'The Gambia', 'Guinea', 'Guadeloupe', 'Equatorial Guinea', 'Greece', 'South Georgia and South Sandwich Islands', 'Guatemala', 'Guam', 'Guinea-Bissau', 'Guyana', 'Hong Kong', 'Heard and McDonald Islands', 'Honduras', 'Croatia', 'Haiti', 'Hungary', 'Indonesia', 'Ireland', 'Israel', 'Isle of Man', 'India', 'British Indian Ocean Territory', 'Iraq', 'Iran', 'Iceland', 'Italy', 'Jersey', 'Jamaica', 'Jordan', 'Japan', 'Kenya', 'Kyrgyzstan', 'Cambodia', 'Kiribati', 'Comoros', 'St Kitts and Nevis', 'North Korea', 'South Korea', 'Kuwait', 'Cayman Islands', 'Kazakhstan', 'Laos', 'Lebanon', 'Saint Lucia', 'Liechtenstein', 'Sri Lanka', 'Liberia', 'Lesotho', 'Lithuania', 'Luxembourg', 'Latvia', 'Libya', 'Morocco', 'Monaco', 'Moldova', 'Montenegro', 'Saint Martin', 'Madagascar', 'Marshall Islands', 'North Macedonia', 'Mali', 'Myanmar', 'Mongolia', 'Macao', 'Northern Mariana Islands', 'Martinique', 'Mauritania', 'Montserrat', 'Malta', 'Mauritius', 'Maldives', 'Malawi', 'Mexico', 'Malaysia', 'Mozambique', 'Namibia', 'New Caledonia', 'Niger', 'Norfolk Island', 'Nigeria', 'Nicaragua', 'The Netherlands', 'Norway', 'Nepal', 'Nauru', 'Niue', 'New Zealand', 'Oman', 'Panama', 'Peru', 'French Polynesia', 'Papua New Guinea', 'Philippines', 'Pakistan', 'Poland', 'Saint Pierre and Miquelon', 'Pitcairn Islands', 'Puerto Rico', 'Palestine', 'Portugal', 'Palau', 'Paraguay', 'Qatar', 'Réunion', 'Romania', 'Serbia', 'Russia', 'Rwanda', 'Saudi Arabia', 'Solomon Islands', 'Seychelles', 'Sudan', 'Sweden', 'Singapore', 'Saint Helena', 'Slovenia', 'Svalbard and Jan Mayen', 'Slovakia', 'Sierra Leone', 'San Marino', 'Senegal', 'Somalia', 'Suriname', 'South Sudan', 'São Tomé and Príncipe', 'El Salvador', 'Sint Maarten', 'Syria', 'Eswatini', 'Turks and Caicos Islands', 'Chad', 'French Southern Territories', 'Togo', 'Thailand', 'Tajikistan', 'Tokelau', 'Timor-Leste', 'Turkmenistan', 'Tunisia', 'Tonga', 'Türkiye', 'Trinidad and Tobago', 'Tuvalu', 'Taiwan', 'Tanzania', 'Ukraine', 'Uganda', 'U.S. Outlying Islands', 'United States', 'Uruguay', 'Uzbekistan', 'Vatican City', 'St Vincent and Grenadines', 'Venezuela', 'British Virgin Islands', 'U.S. Virgin Islands', 'Vietnam', 'Vanuatu', 'Wallis and Futuna', 'Samoa', 'Kosovo', 'Yemen', 'Mayotte', 'South Africa', 'Zambia', 'Zimbabwe']
2025-01-30 18:26:00,183 - __main__ - INFO - Response time for the request: 0.10 seconds
2025-01-30 18:26:00,183 - __main__ - INFO - ----------------------------------------------------------------------------------------------------
2025-01-30 18:26:01,777 - __main__ - INFO - Request came to fetch all countries.
2025-01-30 18:26:01,903 - __main__ - INFO - response: ['Andorra', 'United Arab Emirates', 'Afghanistan', 'Antigua and Barbuda', 'Anguilla', 'Albania', 'Armenia', 'Angola', 'Antarctica', 'Argentina', 'American Samoa', 'Austria', 'Australia', 'Aruba', 'Åland', 'Azerbaijan', 'Bosnia and Herzegovina', 'Barbados', 'Bangladesh', 'Belgium', 'Burkina Faso', 'Bulgaria', 'Bahrain', 'Burundi', 'Benin', 'Saint Barthélemy', 'Bermuda', 'Brunei', 'Bolivia', 'Bonaire, Sint Eustatius, and Saba', 'Brazil', 'Bahamas', 'Bhutan', 'Bouvet Island', 'Botswana', 'Belarus', 'Belize', 'Canada', 'Cocos (Keeling) Islands', 'DR Congo', 'Central African Republic', 'Congo Republic', 'Switzerland', 'Ivory Coast', 'Cook Islands', 'Chile', 'Cameroon', 'China', 'Colombia', 'Costa Rica', 'Cuba', 'Cabo Verde', 'Curaçao', 'Christmas Island', 'Cyprus', 'Czechia', 'Germany', 'Djibouti', 'Denmark', 'Dominica', 'Dominican Republic', 'Algeria', 'Ecuador', 'Estonia', 'Egypt', 'Western Sahara', 'Eritrea', 'Spain', 'Ethiopia', 'Finland', 'Fiji', 'Falkland Islands', 'Micronesia', 'Faroe Islands', 'France', 'Gabon', 'United Kingdom', 'Grenada', 'Georgia', 'French Guiana', 'Guernsey', 'Ghana', 'Gibraltar', 'Greenland', 'The Gambia', 'Guinea', 'Guadeloupe', 'Equatorial Guinea', 'Greece', 'South Georgia and South Sandwich Islands', 'Guatemala', 'Guam', 'Guinea-Bissau', 'Guyana', 'Hong Kong', 'Heard and McDonald Islands', 'Honduras', 'Croatia', 'Haiti', 'Hungary', 'Indonesia', 'Ireland', 'Israel', 'Isle of Man', 'India', 'British Indian Ocean Territory', 'Iraq', 'Iran', 'Iceland', 'Italy', 'Jersey', 'Jamaica', 'Jordan', 'Japan', 'Kenya', 'Kyrgyzstan', 'Cambodia', 'Kiribati', 'Comoros', 'St Kitts and Nevis', 'North Korea', 'South Korea', 'Kuwait', 'Cayman Islands', 'Kazakhstan', 'Laos', 'Lebanon', 'Saint Lucia', 'Liechtenstein', 'Sri Lanka', 'Liberia', 'Lesotho', 'Lithuania', 'Luxembourg', 'Latvia', 'Libya', 'Morocco', 'Monaco', 'Moldova', 'Montenegro', 'Saint Martin', 'Madagascar', 'Marshall Islands', 'North Macedonia', 'Mali', 'Myanmar', 'Mongolia', 'Macao', 'Northern Mariana Islands', 'Martinique', 'Mauritania', 'Montserrat', 'Malta', 'Mauritius', 'Maldives', 'Malawi', 'Mexico', 'Malaysia', 'Mozambique', 'Namibia', 'New Caledonia', 'Niger', 'Norfolk Island', 'Nigeria', 'Nicaragua', 'The Netherlands', 'Norway', 'Nepal', 'Nauru', 'Niue', 'New Zealand', 'Oman', 'Panama', 'Peru', 'French Polynesia', 'Papua New Guinea', 'Philippines', 'Pakistan', 'Poland', 'Saint Pierre and Miquelon', 'Pitcairn Islands', 'Puerto Rico', 'Palestine', 'Portugal', 'Palau', 'Paraguay', 'Qatar', 'Réunion', 'Romania', 'Serbia', 'Russia', 'Rwanda', 'Saudi Arabia', 'Solomon Islands', 'Seychelles', 'Sudan', 'Sweden', 'Singapore', 'Saint Helena', 'Slovenia', 'Svalbard and Jan Mayen', 'Slovakia', 'Sierra Leone', 'San Marino', 'Senegal', 'Somalia', 'Suriname', 'South Sudan', 'São Tomé and Príncipe', 'El Salvador', 'Sint Maarten', 'Syria', 'Eswatini', 'Turks and Caicos Islands', 'Chad', 'French Southern Territories', 'Togo', 'Thailand', 'Tajikistan', 'Tokelau', 'Timor-Leste', 'Turkmenistan', 'Tunisia', 'Tonga', 'Türkiye', 'Trinidad and Tobago', 'Tuvalu', 'Taiwan', 'Tanzania', 'Ukraine', 'Uganda', 'U.S. Outlying Islands', 'United States', 'Uruguay', 'Uzbekistan', 'Vatican City', 'St Vincent and Grenadines', 'Venezuela', 'British Virgin Islands', 'U.S. Virgin Islands', 'Vietnam', 'Vanuatu', 'Wallis and Futuna', 'Samoa', 'Kosovo', 'Yemen', 'Mayotte', 'South Africa', 'Zambia', 'Zimbabwe']
2025-01-30 18:26:01,907 - __main__ - INFO - Response time for the request: 0.13 seconds
2025-01-30 18:26:01,907 - __main__ - INFO - ----------------------------------------------------------------------------------------------------
2025-01-30 18:26:02,262 - __main__ - INFO - Request came to fetch all countries.
2025-01-30 18:26:02,419 - __main__ - INFO - response: ['Andorra', 'United Arab Emirates', 'Afghanistan', 'Antigua and Barbuda', 'Anguilla', 'Albania', 'Armenia', 'Angola', 'Antarctica', 'Argentina', 'American Samoa', 'Austria', 'Australia', 'Aruba', 'Åland', 'Azerbaijan', 'Bosnia and Herzegovina', 'Barbados', 'Bangladesh', 'Belgium', 'Burkina Faso', 'Bulgaria', 'Bahrain', 'Burundi', 'Benin', 'Saint Barthélemy', 'Bermuda', 'Brunei', 'Bolivia', 'Bonaire, Sint Eustatius, and Saba', 'Brazil', 'Bahamas', 'Bhutan', 'Bouvet Island', 'Botswana', 'Belarus', 'Belize', 'Canada', 'Cocos (Keeling) Islands', 'DR Congo', 'Central African Republic', 'Congo Republic', 'Switzerland', 'Ivory Coast', 'Cook Islands', 'Chile', 'Cameroon', 'China', 'Colombia', 'Costa Rica', 'Cuba', 'Cabo Verde', 'Curaçao', 'Christmas Island', 'Cyprus', 'Czechia', 'Germany', 'Djibouti', 'Denmark', 'Dominica', 'Dominican Republic', 'Algeria', 'Ecuador', 'Estonia', 'Egypt', 'Western Sahara', 'Eritrea', 'Spain', 'Ethiopia', 'Finland', 'Fiji', 'Falkland Islands', 'Micronesia', 'Faroe Islands', 'France', 'Gabon', 'United Kingdom', 'Grenada', 'Georgia', 'French Guiana', 'Guernsey', 'Ghana', 'Gibraltar', 'Greenland', 'The Gambia', 'Guinea', 'Guadeloupe', 'Equatorial Guinea', 'Greece', 'South Georgia and South Sandwich Islands', 'Guatemala', 'Guam', 'Guinea-Bissau', 'Guyana', 'Hong Kong', 'Heard and McDonald Islands', 'Honduras', 'Croatia', 'Haiti', 'Hungary', 'Indonesia', 'Ireland', 'Israel', 'Isle of Man', 'India', 'British Indian Ocean Territory', 'Iraq', 'Iran', 'Iceland', 'Italy', 'Jersey', 'Jamaica', 'Jordan', 'Japan', 'Kenya', 'Kyrgyzstan', 'Cambodia', 'Kiribati', 'Comoros', 'St Kitts and Nevis', 'North Korea', 'South Korea', 'Kuwait', 'Cayman Islands', 'Kazakhstan', 'Laos', 'Lebanon', 'Saint Lucia', 'Liechtenstein', 'Sri Lanka', 'Liberia', 'Lesotho', 'Lithuania', 'Luxembourg', 'Latvia', 'Libya', 'Morocco', 'Monaco', 'Moldova', 'Montenegro', 'Saint Martin', 'Madagascar', 'Marshall Islands', 'North Macedonia', 'Mali', 'Myanmar', 'Mongolia', 'Macao', 'Northern Mariana Islands', 'Martinique', 'Mauritania', 'Montserrat', 'Malta', 'Mauritius', 'Maldives', 'Malawi', 'Mexico', 'Malaysia', 'Mozambique', 'Namibia', 'New Caledonia', 'Niger', 'Norfolk Island', 'Nigeria', 'Nicaragua', 'The Netherlands', 'Norway', 'Nepal', 'Nauru', 'Niue', 'New Zealand', 'Oman', 'Panama', 'Peru', 'French Polynesia', 'Papua New Guinea', 'Philippines', 'Pakistan', 'Poland', 'Saint Pierre and Miquelon', 'Pitcairn Islands', 'Puerto Rico', 'Palestine', 'Portugal', 'Palau', 'Paraguay', 'Qatar', 'Réunion', 'Romania', 'Serbia', 'Russia', 'Rwanda', 'Saudi Arabia', 'Solomon Islands', 'Seychelles', 'Sudan', 'Sweden', 'Singapore', 'Saint Helena', 'Slovenia', 'Svalbard and Jan Mayen', 'Slovakia', 'Sierra Leone', 'San Marino', 'Senegal', 'Somalia', 'Suriname', 'South Sudan', 'São Tomé and Príncipe', 'El Salvador', 'Sint Maarten', 'Syria', 'Eswatini', 'Turks and Caicos Islands', 'Chad', 'French Southern Territories', 'Togo', 'Thailand', 'Tajikistan', 'Tokelau', 'Timor-Leste', 'Turkmenistan', 'Tunisia', 'Tonga', 'Türkiye', 'Trinidad and Tobago', 'Tuvalu', 'Taiwan', 'Tanzania', 'Ukraine', 'Uganda', 'U.S. Outlying Islands', 'United States', 'Uruguay', 'Uzbekistan', 'Vatican City', 'St Vincent and Grenadines', 'Venezuela', 'British Virgin Islands', 'U.S. Virgin Islands', 'Vietnam', 'Vanuatu', 'Wallis and Futuna', 'Samoa', 'Kosovo', 'Yemen', 'Mayotte', 'South Africa', 'Zambia', 'Zimbabwe']
2025-01-30 18:26:02,423 - __main__ - INFO - Response time for the request: 0.16 seconds
2025-01-30 18:26:02,423 - __main__ - INFO - ----------------------------------------------------------------------------------------------------
2025-01-30 18:27:09,276 - __main__ - INFO - Request came to fetch all countries.
2025-01-30 18:27:09,395 - __main__ - INFO - response: ['Andorra', 'United Arab Emirates', 'Afghanistan', 'Antigua and Barbuda', 'Anguilla', 'Albania', 'Armenia', 'Angola', 'Antarctica', 'Argentina', 'American Samoa', 'Austria', 'Australia', 'Aruba', 'Åland', 'Azerbaijan', 'Bosnia and Herzegovina', 'Barbados', 'Bangladesh', 'Belgium', 'Burkina Faso', 'Bulgaria', 'Bahrain', 'Burundi', 'Benin', 'Saint Barthélemy', 'Bermuda', 'Brunei', 'Bolivia', 'Bonaire, Sint Eustatius, and Saba', 'Brazil', 'Bahamas', 'Bhutan', 'Bouvet Island', 'Botswana', 'Belarus', 'Belize', 'Canada', 'Cocos (Keeling) Islands', 'DR Congo', 'Central African Republic', 'Congo Republic', 'Switzerland', 'Ivory Coast', 'Cook Islands', 'Chile', 'Cameroon', 'China', 'Colombia', 'Costa Rica', 'Cuba', 'Cabo Verde', 'Curaçao', 'Christmas Island', 'Cyprus', 'Czechia', 'Germany', 'Djibouti', 'Denmark', 'Dominica', 'Dominican Republic', 'Algeria', 'Ecuador', 'Estonia', 'Egypt', 'Western Sahara', 'Eritrea', 'Spain', 'Ethiopia', 'Finland', 'Fiji', 'Falkland Islands', 'Micronesia', 'Faroe Islands', 'France', 'Gabon', 'United Kingdom', 'Grenada', 'Georgia', 'French Guiana', 'Guernsey', 'Ghana', 'Gibraltar', 'Greenland', 'The Gambia', 'Guinea', 'Guadeloupe', 'Equatorial Guinea', 'Greece', 'South Georgia and South Sandwich Islands', 'Guatemala', 'Guam', 'Guinea-Bissau', 'Guyana', 'Hong Kong', 'Heard and McDonald Islands', 'Honduras', 'Croatia', 'Haiti', 'Hungary', 'Indonesia', 'Ireland', 'Israel', 'Isle of Man', 'India', 'British Indian Ocean Territory', 'Iraq', 'Iran', 'Iceland', 'Italy', 'Jersey', 'Jamaica', 'Jordan', 'Japan', 'Kenya', 'Kyrgyzstan', 'Cambodia', 'Kiribati', 'Comoros', 'St Kitts and Nevis', 'North Korea', 'South Korea', 'Kuwait', 'Cayman Islands', 'Kazakhstan', 'Laos', 'Lebanon', 'Saint Lucia', 'Liechtenstein', 'Sri Lanka', 'Liberia', 'Lesotho', 'Lithuania', 'Luxembourg', 'Latvia', 'Libya', 'Morocco', 'Monaco', 'Moldova', 'Montenegro', 'Saint Martin', 'Madagascar', 'Marshall Islands', 'North Macedonia', 'Mali', 'Myanmar', 'Mongolia', 'Macao', 'Northern Mariana Islands', 'Martinique', 'Mauritania', 'Montserrat', 'Malta', 'Mauritius', 'Maldives', 'Malawi', 'Mexico', 'Malaysia', 'Mozambique', 'Namibia', 'New Caledonia', 'Niger', 'Norfolk Island', 'Nigeria', 'Nicaragua', 'The Netherlands', 'Norway', 'Nepal', 'Nauru', 'Niue', 'New Zealand', 'Oman', 'Panama', 'Peru', 'French Polynesia', 'Papua New Guinea', 'Philippines', 'Pakistan', 'Poland', 'Saint Pierre and Miquelon', 'Pitcairn Islands', 'Puerto Rico', 'Palestine', 'Portugal', 'Palau', 'Paraguay', 'Qatar', 'Réunion', 'Romania', 'Serbia', 'Russia', 'Rwanda', 'Saudi Arabia', 'Solomon Islands', 'Seychelles', 'Sudan', 'Sweden', 'Singapore', 'Saint Helena', 'Slovenia', 'Svalbard and Jan Mayen', 'Slovakia', 'Sierra Leone', 'San Marino', 'Senegal', 'Somalia', 'Suriname', 'South Sudan', 'São Tomé and Príncipe', 'El Salvador', 'Sint Maarten', 'Syria', 'Eswatini', 'Turks and Caicos Islands', 'Chad', 'French Southern Territories', 'Togo', 'Thailand', 'Tajikistan', 'Tokelau', 'Timor-Leste', 'Turkmenistan', 'Tunisia', 'Tonga', 'Türkiye', 'Trinidad and Tobago', 'Tuvalu', 'Taiwan', 'Tanzania', 'Ukraine', 'Uganda', 'U.S. Outlying Islands', 'United States', 'Uruguay', 'Uzbekistan', 'Vatican City', 'St Vincent and Grenadines', 'Venezuela', 'British Virgin Islands', 'U.S. Virgin Islands', 'Vietnam', 'Vanuatu', 'Wallis and Futuna', 'Samoa', 'Kosovo', 'Yemen', 'Mayotte', 'South Africa', 'Zambia', 'Zimbabwe']
2025-01-30 18:27:09,400 - __main__ - INFO - Response time for the request: 0.12 seconds
2025-01-30 18:27:09,400 - __main__ - INFO - ----------------------------------------------------------------------------------------------------
2025-01-30 18:27:09,577 - __main__ - INFO - Request came to fetch all countries.
2025-01-30 18:27:09,655 - __main__ - INFO - response: ['Andorra', 'United Arab Emirates', 'Afghanistan', 'Antigua and Barbuda', 'Anguilla', 'Albania', 'Armenia', 'Angola', 'Antarctica', 'Argentina', 'American Samoa', 'Austria', 'Australia', 'Aruba', 'Åland', 'Azerbaijan', 'Bosnia and Herzegovina', 'Barbados', 'Bangladesh', 'Belgium', 'Burkina Faso', 'Bulgaria', 'Bahrain', 'Burundi', 'Benin', 'Saint Barthélemy', 'Bermuda', 'Brunei', 'Bolivia', 'Bonaire, Sint Eustatius, and Saba', 'Brazil', 'Bahamas', 'Bhutan', 'Bouvet Island', 'Botswana', 'Belarus', 'Belize', 'Canada', 'Cocos (Keeling) Islands', 'DR Congo', 'Central African Republic', 'Congo Republic', 'Switzerland', 'Ivory Coast', 'Cook Islands', 'Chile', 'Cameroon', 'China', 'Colombia', 'Costa Rica', 'Cuba', 'Cabo Verde', 'Curaçao', 'Christmas Island', 'Cyprus', 'Czechia', 'Germany', 'Djibouti', 'Denmark', 'Dominica', 'Dominican Republic', 'Algeria', 'Ecuador', 'Estonia', 'Egypt', 'Western Sahara', 'Eritrea', 'Spain', 'Ethiopia', 'Finland', 'Fiji', 'Falkland Islands', 'Micronesia', 'Faroe Islands', 'France', 'Gabon', 'United Kingdom', 'Grenada', 'Georgia', 'French Guiana', 'Guernsey', 'Ghana', 'Gibraltar', 'Greenland', 'The Gambia', 'Guinea', 'Guadeloupe', 'Equatorial Guinea', 'Greece', 'South Georgia and South Sandwich Islands', 'Guatemala', 'Guam', 'Guinea-Bissau', 'Guyana', 'Hong Kong', 'Heard and McDonald Islands', 'Honduras', 'Croatia', 'Haiti', 'Hungary', 'Indonesia', 'Ireland', 'Israel', 'Isle of Man', 'India', 'British Indian Ocean Territory', 'Iraq', 'Iran', 'Iceland', 'Italy', 'Jersey', 'Jamaica', 'Jordan', 'Japan', 'Kenya', 'Kyrgyzstan', 'Cambodia', 'Kiribati', 'Comoros', 'St Kitts and Nevis', 'North Korea', 'South Korea', 'Kuwait', 'Cayman Islands', 'Kazakhstan', 'Laos', 'Lebanon', 'Saint Lucia', 'Liechtenstein', 'Sri Lanka', 'Liberia', 'Lesotho', 'Lithuania', 'Luxembourg', 'Latvia', 'Libya', 'Morocco', 'Monaco', 'Moldova', 'Montenegro', 'Saint Martin', 'Madagascar', 'Marshall Islands', 'North Macedonia', 'Mali', 'Myanmar', 'Mongolia', 'Macao', 'Northern Mariana Islands', 'Martinique', 'Mauritania', 'Montserrat', 'Malta', 'Mauritius', 'Maldives', 'Malawi', 'Mexico', 'Malaysia', 'Mozambique', 'Namibia', 'New Caledonia', 'Niger', 'Norfolk Island', 'Nigeria', 'Nicaragua', 'The Netherlands', 'Norway', 'Nepal', 'Nauru', 'Niue', 'New Zealand', 'Oman', 'Panama', 'Peru', 'French Polynesia', 'Papua New Guinea', 'Philippines', 'Pakistan', 'Poland', 'Saint Pierre and Miquelon', 'Pitcairn Islands', 'Puerto Rico', 'Palestine', 'Portugal', 'Palau', 'Paraguay', 'Qatar', 'Réunion', 'Romania', 'Serbia', 'Russia', 'Rwanda', 'Saudi Arabia', 'Solomon Islands', 'Seychelles', 'Sudan', 'Sweden', 'Singapore', 'Saint Helena', 'Slovenia', 'Svalbard and Jan Mayen', 'Slovakia', 'Sierra Leone', 'San Marino', 'Senegal', 'Somalia', 'Suriname', 'South Sudan', 'São Tomé and Príncipe', 'El Salvador', 'Sint Maarten', 'Syria', 'Eswatini', 'Turks and Caicos Islands', 'Chad', 'French Southern Territories', 'Togo', 'Thailand', 'Tajikistan', 'Tokelau', 'Timor-Leste', 'Turkmenistan', 'Tunisia', 'Tonga', 'Türkiye', 'Trinidad and Tobago', 'Tuvalu', 'Taiwan', 'Tanzania', 'Ukraine', 'Uganda', 'U.S. Outlying Islands', 'United States', 'Uruguay', 'Uzbekistan', 'Vatican City', 'St Vincent and Grenadines', 'Venezuela', 'British Virgin Islands', 'U.S. Virgin Islands', 'Vietnam', 'Vanuatu', 'Wallis and Futuna', 'Samoa', 'Kosovo', 'Yemen', 'Mayotte', 'South Africa', 'Zambia', 'Zimbabwe']
2025-01-30 18:27:09,660 - __main__ - INFO - Response time for the request: 0.08 seconds
2025-01-30 18:27:09,660 - __main__ - INFO - ----------------------------------------------------------------------------------------------------
2025-01-30 18:27:10,477 - __main__ - INFO - Request came to fetch all countries.
2025-01-30 18:27:10,628 - __main__ - INFO - response: ['Andorra', 'United Arab Emirates', 'Afghanistan', 'Antigua and Barbuda', 'Anguilla', 'Albania', 'Armenia', 'Angola', 'Antarctica', 'Argentina', 'American Samoa', 'Austria', 'Australia', 'Aruba', 'Åland', 'Azerbaijan', 'Bosnia and Herzegovina', 'Barbados', 'Bangladesh', 'Belgium', 'Burkina Faso', 'Bulgaria', 'Bahrain', 'Burundi', 'Benin', 'Saint Barthélemy', 'Bermuda', 'Brunei', 'Bolivia', 'Bonaire, Sint Eustatius, and Saba', 'Brazil', 'Bahamas', 'Bhutan', 'Bouvet Island', 'Botswana', 'Belarus', 'Belize', 'Canada', 'Cocos (Keeling) Islands', 'DR Congo', 'Central African Republic', 'Congo Republic', 'Switzerland', 'Ivory Coast', 'Cook Islands', 'Chile', 'Cameroon', 'China', 'Colombia', 'Costa Rica', 'Cuba', 'Cabo Verde', 'Curaçao', 'Christmas Island', 'Cyprus', 'Czechia', 'Germany', 'Djibouti', 'Denmark', 'Dominica', 'Dominican Republic', 'Algeria', 'Ecuador', 'Estonia', 'Egypt', 'Western Sahara', 'Eritrea', 'Spain', 'Ethiopia', 'Finland', 'Fiji', 'Falkland Islands', 'Micronesia', 'Faroe Islands', 'France', 'Gabon', 'United Kingdom', 'Grenada', 'Georgia', 'French Guiana', 'Guernsey', 'Ghana', 'Gibraltar', 'Greenland', 'The Gambia', 'Guinea', 'Guadeloupe', 'Equatorial Guinea', 'Greece', 'South Georgia and South Sandwich Islands', 'Guatemala', 'Guam', 'Guinea-Bissau', 'Guyana', 'Hong Kong', 'Heard and McDonald Islands', 'Honduras', 'Croatia', 'Haiti', 'Hungary', 'Indonesia', 'Ireland', 'Israel', 'Isle of Man', 'India', 'British Indian Ocean Territory', 'Iraq', 'Iran', 'Iceland', 'Italy', 'Jersey', 'Jamaica', 'Jordan', 'Japan', 'Kenya', 'Kyrgyzstan', 'Cambodia', 'Kiribati', 'Comoros', 'St Kitts and Nevis', 'North Korea', 'South Korea', 'Kuwait', 'Cayman Islands', 'Kazakhstan', 'Laos', 'Lebanon', 'Saint Lucia', 'Liechtenstein', 'Sri Lanka', 'Liberia', 'Lesotho', 'Lithuania', 'Luxembourg', 'Latvia', 'Libya', 'Morocco', 'Monaco', 'Moldova', 'Montenegro', 'Saint Martin', 'Madagascar', 'Marshall Islands', 'North Macedonia', 'Mali', 'Myanmar', 'Mongolia', 'Macao', 'Northern Mariana Islands', 'Martinique', 'Mauritania', 'Montserrat', 'Malta', 'Mauritius', 'Maldives', 'Malawi', 'Mexico', 'Malaysia', 'Mozambique', 'Namibia', 'New Caledonia', 'Niger', 'Norfolk Island', 'Nigeria', 'Nicaragua', 'The Netherlands', 'Norway', 'Nepal', 'Nauru', 'Niue', 'New Zealand', 'Oman', 'Panama', 'Peru', 'French Polynesia', 'Papua New Guinea', 'Philippines', 'Pakistan', 'Poland', 'Saint Pierre and Miquelon', 'Pitcairn Islands', 'Puerto Rico', 'Palestine', 'Portugal', 'Palau', 'Paraguay', 'Qatar', 'Réunion', 'Romania', 'Serbia', 'Russia', 'Rwanda', 'Saudi Arabia', 'Solomon Islands', 'Seychelles', 'Sudan', 'Sweden', 'Singapore', 'Saint Helena', 'Slovenia', 'Svalbard and Jan Mayen', 'Slovakia', 'Sierra Leone', 'San Marino', 'Senegal', 'Somalia', 'Suriname', 'South Sudan', 'São Tomé and Príncipe', 'El Salvador', 'Sint Maarten', 'Syria', 'Eswatini', 'Turks and Caicos Islands', 'Chad', 'French Southern Territories', 'Togo', 'Thailand', 'Tajikistan', 'Tokelau', 'Timor-Leste', 'Turkmenistan', 'Tunisia', 'Tonga', 'Türkiye', 'Trinidad and Tobago', 'Tuvalu', 'Taiwan', 'Tanzania', 'Ukraine', 'Uganda', 'U.S. Outlying Islands', 'United States', 'Uruguay', 'Uzbekistan', 'Vatican City', 'St Vincent and Grenadines', 'Venezuela', 'British Virgin Islands', 'U.S. Virgin Islands', 'Vietnam', 'Vanuatu', 'Wallis and Futuna', 'Samoa', 'Kosovo', 'Yemen', 'Mayotte', 'South Africa', 'Zambia', 'Zimbabwe']
2025-01-30 18:27:10,632 - __main__ - INFO - Response time for the request: 0.15 seconds
2025-01-30 18:27:10,632 - __main__ - INFO - ----------------------------------------------------------------------------------------------------
2025-01-30 18:27:10,940 - __main__ - INFO - Request came to fetch all countries.
2025-01-30 18:27:11,038 - __main__ - INFO - response: ['Andorra', 'United Arab Emirates', 'Afghanistan', 'Antigua and Barbuda', 'Anguilla', 'Albania', 'Armenia', 'Angola', 'Antarctica', 'Argentina', 'American Samoa', 'Austria', 'Australia', 'Aruba', 'Åland', 'Azerbaijan', 'Bosnia and Herzegovina', 'Barbados', 'Bangladesh', 'Belgium', 'Burkina Faso', 'Bulgaria', 'Bahrain', 'Burundi', 'Benin', 'Saint Barthélemy', 'Bermuda', 'Brunei', 'Bolivia', 'Bonaire, Sint Eustatius, and Saba', 'Brazil', 'Bahamas', 'Bhutan', 'Bouvet Island', 'Botswana', 'Belarus', 'Belize', 'Canada', 'Cocos (Keeling) Islands', 'DR Congo', 'Central African Republic', 'Congo Republic', 'Switzerland', 'Ivory Coast', 'Cook Islands', 'Chile', 'Cameroon', 'China', 'Colombia', 'Costa Rica', 'Cuba', 'Cabo Verde', 'Curaçao', 'Christmas Island', 'Cyprus', 'Czechia', 'Germany', 'Djibouti', 'Denmark', 'Dominica', 'Dominican Republic', 'Algeria', 'Ecuador', 'Estonia', 'Egypt', 'Western Sahara', 'Eritrea', 'Spain', 'Ethiopia', 'Finland', 'Fiji', 'Falkland Islands', 'Micronesia', 'Faroe Islands', 'France', 'Gabon', 'United Kingdom', 'Grenada', 'Georgia', 'French Guiana', 'Guernsey', 'Ghana', 'Gibraltar', 'Greenland', 'The Gambia', 'Guinea', 'Guadeloupe', 'Equatorial Guinea', 'Greece', 'South Georgia and South Sandwich Islands', 'Guatemala', 'Guam', 'Guinea-Bissau', 'Guyana', 'Hong Kong', 'Heard and McDonald Islands', 'Honduras', 'Croatia', 'Haiti', 'Hungary', 'Indonesia', 'Ireland', 'Israel', 'Isle of Man', 'India', 'British Indian Ocean Territory', 'Iraq', 'Iran', 'Iceland', 'Italy', 'Jersey', 'Jamaica', 'Jordan', 'Japan', 'Kenya', 'Kyrgyzstan', 'Cambodia', 'Kiribati', 'Comoros', 'St Kitts and Nevis', 'North Korea', 'South Korea', 'Kuwait', 'Cayman Islands', 'Kazakhstan', 'Laos', 'Lebanon', 'Saint Lucia', 'Liechtenstein', 'Sri Lanka', 'Liberia', 'Lesotho', 'Lithuania', 'Luxembourg', 'Latvia', 'Libya', 'Morocco', 'Monaco', 'Moldova', 'Montenegro', 'Saint Martin', 'Madagascar', 'Marshall Islands', 'North Macedonia', 'Mali', 'Myanmar', 'Mongolia', 'Macao', 'Northern Mariana Islands', 'Martinique', 'Mauritania', 'Montserrat', 'Malta', 'Mauritius', 'Maldives', 'Malawi', 'Mexico', 'Malaysia', 'Mozambique', 'Namibia', 'New Caledonia', 'Niger', 'Norfolk Island', 'Nigeria', 'Nicaragua', 'The Netherlands', 'Norway', 'Nepal', 'Nauru', 'Niue', 'New Zealand', 'Oman', 'Panama', 'Peru', 'French Polynesia', 'Papua New Guinea', 'Philippines', 'Pakistan', 'Poland', 'Saint Pierre and Miquelon', 'Pitcairn Islands', 'Puerto Rico', 'Palestine', 'Portugal', 'Palau', 'Paraguay', 'Qatar', 'Réunion', 'Romania', 'Serbia', 'Russia', 'Rwanda', 'Saudi Arabia', 'Solomon Islands', 'Seychelles', 'Sudan', 'Sweden', 'Singapore', 'Saint Helena', 'Slovenia', 'Svalbard and Jan Mayen', 'Slovakia', 'Sierra Leone', 'San Marino', 'Senegal', 'Somalia', 'Suriname', 'South Sudan', 'São Tomé and Príncipe', 'El Salvador', 'Sint Maarten', 'Syria', 'Eswatini', 'Turks and Caicos Islands', 'Chad', 'French Southern Territories', 'Togo', 'Thailand', 'Tajikistan', 'Tokelau', 'Timor-Leste', 'Turkmenistan', 'Tunisia', 'Tonga', 'Türkiye', 'Trinidad and Tobago', 'Tuvalu', 'Taiwan', 'Tanzania', 'Ukraine', 'Uganda', 'U.S. Outlying Islands', 'United States', 'Uruguay', 'Uzbekistan', 'Vatican City', 'St Vincent and Grenadines', 'Venezuela', 'British Virgin Islands', 'U.S. Virgin Islands', 'Vietnam', 'Vanuatu', 'Wallis and Futuna', 'Samoa', 'Kosovo', 'Yemen', 'Mayotte', 'South Africa', 'Zambia', 'Zimbabwe']
2025-01-30 18:27:11,041 - __main__ - INFO - Response time for the request: 0.10 seconds
2025-01-30 18:27:11,042 - __main__ - INFO - ----------------------------------------------------------------------------------------------------
2025-01-30 18:27:11,386 - __main__ - INFO - Request came to fetch all countries.
2025-01-30 18:27:11,480 - __main__ - INFO - response: ['Andorra', 'United Arab Emirates', 'Afghanistan', 'Antigua and Barbuda', 'Anguilla', 'Albania', 'Armenia', 'Angola', 'Antarctica', 'Argentina', 'American Samoa', 'Austria', 'Australia', 'Aruba', 'Åland', 'Azerbaijan', 'Bosnia and Herzegovina', 'Barbados', 'Bangladesh', 'Belgium', 'Burkina Faso', 'Bulgaria', 'Bahrain', 'Burundi', 'Benin', 'Saint Barthélemy', 'Bermuda', 'Brunei', 'Bolivia', 'Bonaire, Sint Eustatius, and Saba', 'Brazil', 'Bahamas', 'Bhutan', 'Bouvet Island', 'Botswana', 'Belarus', 'Belize', 'Canada', 'Cocos (Keeling) Islands', 'DR Congo', 'Central African Republic', 'Congo Republic', 'Switzerland', 'Ivory Coast', 'Cook Islands', 'Chile', 'Cameroon', 'China', 'Colombia', 'Costa Rica', 'Cuba', 'Cabo Verde', 'Curaçao', 'Christmas Island', 'Cyprus', 'Czechia', 'Germany', 'Djibouti', 'Denmark', 'Dominica', 'Dominican Republic', 'Algeria', 'Ecuador', 'Estonia', 'Egypt', 'Western Sahara', 'Eritrea', 'Spain', 'Ethiopia', 'Finland', 'Fiji', 'Falkland Islands', 'Micronesia', 'Faroe Islands', 'France', 'Gabon', 'United Kingdom', 'Grenada', 'Georgia', 'French Guiana', 'Guernsey', 'Ghana', 'Gibraltar', 'Greenland', 'The Gambia', 'Guinea', 'Guadeloupe', 'Equatorial Guinea', 'Greece', 'South Georgia and South Sandwich Islands', 'Guatemala', 'Guam', 'Guinea-Bissau', 'Guyana', 'Hong Kong', 'Heard and McDonald Islands', 'Honduras', 'Croatia', 'Haiti', 'Hungary', 'Indonesia', 'Ireland', 'Israel', 'Isle of Man', 'India', 'British Indian Ocean Territory', 'Iraq', 'Iran', 'Iceland', 'Italy', 'Jersey', 'Jamaica', 'Jordan', 'Japan', 'Kenya', 'Kyrgyzstan', 'Cambodia', 'Kiribati', 'Comoros', 'St Kitts and Nevis', 'North Korea', 'South Korea', 'Kuwait', 'Cayman Islands', 'Kazakhstan', 'Laos', 'Lebanon', 'Saint Lucia', 'Liechtenstein', 'Sri Lanka', 'Liberia', 'Lesotho', 'Lithuania', 'Luxembourg', 'Latvia', 'Libya', 'Morocco', 'Monaco', 'Moldova', 'Montenegro', 'Saint Martin', 'Madagascar', 'Marshall Islands', 'North Macedonia', 'Mali', 'Myanmar', 'Mongolia', 'Macao', 'Northern Mariana Islands', 'Martinique', 'Mauritania', 'Montserrat', 'Malta', 'Mauritius', 'Maldives', 'Malawi', 'Mexico', 'Malaysia', 'Mozambique', 'Namibia', 'New Caledonia', 'Niger', 'Norfolk Island', 'Nigeria', 'Nicaragua', 'The Netherlands', 'Norway', 'Nepal', 'Nauru', 'Niue', 'New Zealand', 'Oman', 'Panama', 'Peru', 'French Polynesia', 'Papua New Guinea', 'Philippines', 'Pakistan', 'Poland', 'Saint Pierre and Miquelon', 'Pitcairn Islands', 'Puerto Rico', 'Palestine', 'Portugal', 'Palau', 'Paraguay', 'Qatar', 'Réunion', 'Romania', 'Serbia', 'Russia', 'Rwanda', 'Saudi Arabia', 'Solomon Islands', 'Seychelles', 'Sudan', 'Sweden', 'Singapore', 'Saint Helena', 'Slovenia', 'Svalbard and Jan Mayen', 'Slovakia', 'Sierra Leone', 'San Marino', 'Senegal', 'Somalia', 'Suriname', 'South Sudan', 'São Tomé and Príncipe', 'El Salvador', 'Sint Maarten', 'Syria', 'Eswatini', 'Turks and Caicos Islands', 'Chad', 'French Southern Territories', 'Togo', 'Thailand', 'Tajikistan', 'Tokelau', 'Timor-Leste', 'Turkmenistan', 'Tunisia', 'Tonga', 'Türkiye', 'Trinidad and Tobago', 'Tuvalu', 'Taiwan', 'Tanzania', 'Ukraine', 'Uganda', 'U.S. Outlying Islands', 'United States', 'Uruguay', 'Uzbekistan', 'Vatican City', 'St Vincent and Grenadines', 'Venezuela', 'British Virgin Islands', 'U.S. Virgin Islands', 'Vietnam', 'Vanuatu', 'Wallis and Futuna', 'Samoa', 'Kosovo', 'Yemen', 'Mayotte', 'South Africa', 'Zambia', 'Zimbabwe']
2025-01-30 18:27:11,484 - __main__ - INFO - Response time for the request: 0.10 seconds
2025-01-30 18:27:11,484 - __main__ - INFO - ----------------------------------------------------------------------------------------------------
2025-01-30 18:27:11,818 - __main__ - INFO - Request came to fetch all countries.
2025-01-30 18:27:11,949 - __main__ - INFO - response: ['Andorra', 'United Arab Emirates', 'Afghanistan', 'Antigua and Barbuda', 'Anguilla', 'Albania', 'Armenia', 'Angola', 'Antarctica', 'Argentina', 'American Samoa', 'Austria', 'Australia', 'Aruba', 'Åland', 'Azerbaijan', 'Bosnia and Herzegovina', 'Barbados', 'Bangladesh', 'Belgium', 'Burkina Faso', 'Bulgaria', 'Bahrain', 'Burundi', 'Benin', 'Saint Barthélemy', 'Bermuda', 'Brunei', 'Bolivia', 'Bonaire, Sint Eustatius, and Saba', 'Brazil', 'Bahamas', 'Bhutan', 'Bouvet Island', 'Botswana', 'Belarus', 'Belize', 'Canada', 'Cocos (Keeling) Islands', 'DR Congo', 'Central African Republic', 'Congo Republic', 'Switzerland', 'Ivory Coast', 'Cook Islands', 'Chile', 'Cameroon', 'China', 'Colombia', 'Costa Rica', 'Cuba', 'Cabo Verde', 'Curaçao', 'Christmas Island', 'Cyprus', 'Czechia', 'Germany', 'Djibouti', 'Denmark', 'Dominica', 'Dominican Republic', 'Algeria', 'Ecuador', 'Estonia', 'Egypt', 'Western Sahara', 'Eritrea', 'Spain', 'Ethiopia', 'Finland', 'Fiji', 'Falkland Islands', 'Micronesia', 'Faroe Islands', 'France', 'Gabon', 'United Kingdom', 'Grenada', 'Georgia', 'French Guiana', 'Guernsey', 'Ghana', 'Gibraltar', 'Greenland', 'The Gambia', 'Guinea', 'Guadeloupe', 'Equatorial Guinea', 'Greece', 'South Georgia and South Sandwich Islands', 'Guatemala', 'Guam', 'Guinea-Bissau', 'Guyana', 'Hong Kong', 'Heard and McDonald Islands', 'Honduras', 'Croatia', 'Haiti', 'Hungary', 'Indonesia', 'Ireland', 'Israel', 'Isle of Man', 'India', 'British Indian Ocean Territory', 'Iraq', 'Iran', 'Iceland', 'Italy', 'Jersey', 'Jamaica', 'Jordan', 'Japan', 'Kenya', 'Kyrgyzstan', 'Cambodia', 'Kiribati', 'Comoros', 'St Kitts and Nevis', 'North Korea', 'South Korea', 'Kuwait', 'Cayman Islands', 'Kazakhstan', 'Laos', 'Lebanon', 'Saint Lucia', 'Liechtenstein', 'Sri Lanka', 'Liberia', 'Lesotho', 'Lithuania', 'Luxembourg', 'Latvia', 'Libya', 'Morocco', 'Monaco', 'Moldova', 'Montenegro', 'Saint Martin', 'Madagascar', 'Marshall Islands', 'North Macedonia', 'Mali', 'Myanmar', 'Mongolia', 'Macao', 'Northern Mariana Islands', 'Martinique', 'Mauritania', 'Montserrat', 'Malta', 'Mauritius', 'Maldives', 'Malawi', 'Mexico', 'Malaysia', 'Mozambique', 'Namibia', 'New Caledonia', 'Niger', 'Norfolk Island', 'Nigeria', 'Nicaragua', 'The Netherlands', 'Norway', 'Nepal', 'Nauru', 'Niue', 'New Zealand', 'Oman', 'Panama', 'Peru', 'French Polynesia', 'Papua New Guinea', 'Philippines', 'Pakistan', 'Poland', 'Saint Pierre and Miquelon', 'Pitcairn Islands', 'Puerto Rico', 'Palestine', 'Portugal', 'Palau', 'Paraguay', 'Qatar', 'Réunion', 'Romania', 'Serbia', 'Russia', 'Rwanda', 'Saudi Arabia', 'Solomon Islands', 'Seychelles', 'Sudan', 'Sweden', 'Singapore', 'Saint Helena', 'Slovenia', 'Svalbard and Jan Mayen', 'Slovakia', 'Sierra Leone', 'San Marino', 'Senegal', 'Somalia', 'Suriname', 'South Sudan', 'São Tomé and Príncipe', 'El Salvador', 'Sint Maarten', 'Syria', 'Eswatini', 'Turks and Caicos Islands', 'Chad', 'French Southern Territories', 'Togo', 'Thailand', 'Tajikistan', 'Tokelau', 'Timor-Leste', 'Turkmenistan', 'Tunisia', 'Tonga', 'Türkiye', 'Trinidad and Tobago', 'Tuvalu', 'Taiwan', 'Tanzania', 'Ukraine', 'Uganda', 'U.S. Outlying Islands', 'United States', 'Uruguay', 'Uzbekistan', 'Vatican City', 'St Vincent and Grenadines', 'Venezuela', 'British Virgin Islands', 'U.S. Virgin Islands', 'Vietnam', 'Vanuatu', 'Wallis and Futuna', 'Samoa', 'Kosovo', 'Yemen', 'Mayotte', 'South Africa', 'Zambia', 'Zimbabwe']
2025-01-30 18:27:11,955 - __main__ - INFO - Response time for the request: 0.14 seconds
2025-01-30 18:27:11,955 - __main__ - INFO - ----------------------------------------------------------------------------------------------------
2025-01-30 18:27:12,273 - __main__ - INFO - Request came to fetch all countries.
2025-01-30 18:27:12,357 - __main__ - INFO - response: ['Andorra', 'United Arab Emirates', 'Afghanistan', 'Antigua and Barbuda', 'Anguilla', 'Albania', 'Armenia', 'Angola', 'Antarctica', 'Argentina', 'American Samoa', 'Austria', 'Australia', 'Aruba', 'Åland', 'Azerbaijan', 'Bosnia and Herzegovina', 'Barbados', 'Bangladesh', 'Belgium', 'Burkina Faso', 'Bulgaria', 'Bahrain', 'Burundi', 'Benin', 'Saint Barthélemy', 'Bermuda', 'Brunei', 'Bolivia', 'Bonaire, Sint Eustatius, and Saba', 'Brazil', 'Bahamas', 'Bhutan', 'Bouvet Island', 'Botswana', 'Belarus', 'Belize', 'Canada', 'Cocos (Keeling) Islands', 'DR Congo', 'Central African Republic', 'Congo Republic', 'Switzerland', 'Ivory Coast', 'Cook Islands', 'Chile', 'Cameroon', 'China', 'Colombia', 'Costa Rica', 'Cuba', 'Cabo Verde', 'Curaçao', 'Christmas Island', 'Cyprus', 'Czechia', 'Germany', 'Djibouti', 'Denmark', 'Dominica', 'Dominican Republic', 'Algeria', 'Ecuador', 'Estonia', 'Egypt', 'Western Sahara', 'Eritrea', 'Spain', 'Ethiopia', 'Finland', 'Fiji', 'Falkland Islands', 'Micronesia', 'Faroe Islands', 'France', 'Gabon', 'United Kingdom', 'Grenada', 'Georgia', 'French Guiana', 'Guernsey', 'Ghana', 'Gibraltar', 'Greenland', 'The Gambia', 'Guinea', 'Guadeloupe', 'Equatorial Guinea', 'Greece', 'South Georgia and South Sandwich Islands', 'Guatemala', 'Guam', 'Guinea-Bissau', 'Guyana', 'Hong Kong', 'Heard and McDonald Islands', 'Honduras', 'Croatia', 'Haiti', 'Hungary', 'Indonesia', 'Ireland', 'Israel', 'Isle of Man', 'India', 'British Indian Ocean Territory', 'Iraq', 'Iran', 'Iceland', 'Italy', 'Jersey', 'Jamaica', 'Jordan', 'Japan', 'Kenya', 'Kyrgyzstan', 'Cambodia', 'Kiribati', 'Comoros', 'St Kitts and Nevis', 'North Korea', 'South Korea', 'Kuwait', 'Cayman Islands', 'Kazakhstan', 'Laos', 'Lebanon', 'Saint Lucia', 'Liechtenstein', 'Sri Lanka', 'Liberia', 'Lesotho', 'Lithuania', 'Luxembourg', 'Latvia', 'Libya', 'Morocco', 'Monaco', 'Moldova', 'Montenegro', 'Saint Martin', 'Madagascar', 'Marshall Islands', 'North Macedonia', 'Mali', 'Myanmar', 'Mongolia', 'Macao', 'Northern Mariana Islands', 'Martinique', 'Mauritania', 'Montserrat', 'Malta', 'Mauritius', 'Maldives', 'Malawi', 'Mexico', 'Malaysia', 'Mozambique', 'Namibia', 'New Caledonia', 'Niger', 'Norfolk Island', 'Nigeria', 'Nicaragua', 'The Netherlands', 'Norway', 'Nepal', 'Nauru', 'Niue', 'New Zealand', 'Oman', 'Panama', 'Peru', 'French Polynesia', 'Papua New Guinea', 'Philippines', 'Pakistan', 'Poland', 'Saint Pierre and Miquelon', 'Pitcairn Islands', 'Puerto Rico', 'Palestine', 'Portugal', 'Palau', 'Paraguay', 'Qatar', 'Réunion', 'Romania', 'Serbia', 'Russia', 'Rwanda', 'Saudi Arabia', 'Solomon Islands', 'Seychelles', 'Sudan', 'Sweden', 'Singapore', 'Saint Helena', 'Slovenia', 'Svalbard and Jan Mayen', 'Slovakia', 'Sierra Leone', 'San Marino', 'Senegal', 'Somalia', 'Suriname', 'South Sudan', 'São Tomé and Príncipe', 'El Salvador', 'Sint Maarten', 'Syria', 'Eswatini', 'Turks and Caicos Islands', 'Chad', 'French Southern Territories', 'Togo', 'Thailand', 'Tajikistan', 'Tokelau', 'Timor-Leste', 'Turkmenistan', 'Tunisia', 'Tonga', 'Türkiye', 'Trinidad and Tobago', 'Tuvalu', 'Taiwan', 'Tanzania', 'Ukraine', 'Uganda', 'U.S. Outlying Islands', 'United States', 'Uruguay', 'Uzbekistan', 'Vatican City', 'St Vincent and Grenadines', 'Venezuela', 'British Virgin Islands', 'U.S. Virgin Islands', 'Vietnam', 'Vanuatu', 'Wallis and Futuna', 'Samoa', 'Kosovo', 'Yemen', 'Mayotte', 'South Africa', 'Zambia', 'Zimbabwe']
2025-01-30 18:27:12,364 - __main__ - INFO - Response time for the request: 0.09 seconds
2025-01-30 18:27:12,365 - __main__ - INFO - ----------------------------------------------------------------------------------------------------
2025-01-30 18:27:12,684 - __main__ - INFO - Request came to fetch all countries.
2025-01-30 18:27:12,765 - __main__ - INFO - response: ['Andorra', 'United Arab Emirates', 'Afghanistan', 'Antigua and Barbuda', 'Anguilla', 'Albania', 'Armenia', 'Angola', 'Antarctica', 'Argentina', 'American Samoa', 'Austria', 'Australia', 'Aruba', 'Åland', 'Azerbaijan', 'Bosnia and Herzegovina', 'Barbados', 'Bangladesh', 'Belgium', 'Burkina Faso', 'Bulgaria', 'Bahrain', 'Burundi', 'Benin', 'Saint Barthélemy', 'Bermuda', 'Brunei', 'Bolivia', 'Bonaire, Sint Eustatius, and Saba', 'Brazil', 'Bahamas', 'Bhutan', 'Bouvet Island', 'Botswana', 'Belarus', 'Belize', 'Canada', 'Cocos (Keeling) Islands', 'DR Congo', 'Central African Republic', 'Congo Republic', 'Switzerland', 'Ivory Coast', 'Cook Islands', 'Chile', 'Cameroon', 'China', 'Colombia', 'Costa Rica', 'Cuba', 'Cabo Verde', 'Curaçao', 'Christmas Island', 'Cyprus', 'Czechia', 'Germany', 'Djibouti', 'Denmark', 'Dominica', 'Dominican Republic', 'Algeria', 'Ecuador', 'Estonia', 'Egypt', 'Western Sahara', 'Eritrea', 'Spain', 'Ethiopia', 'Finland', 'Fiji', 'Falkland Islands', 'Micronesia', 'Faroe Islands', 'France', 'Gabon', 'United Kingdom', 'Grenada', 'Georgia', 'French Guiana', 'Guernsey', 'Ghana', 'Gibraltar', 'Greenland', 'The Gambia', 'Guinea', 'Guadeloupe', 'Equatorial Guinea', 'Greece', 'South Georgia and South Sandwich Islands', 'Guatemala', 'Guam', 'Guinea-Bissau', 'Guyana', 'Hong Kong', 'Heard and McDonald Islands', 'Honduras', 'Croatia', 'Haiti', 'Hungary', 'Indonesia', 'Ireland', 'Israel', 'Isle of Man', 'India', 'British Indian Ocean Territory', 'Iraq', 'Iran', 'Iceland', 'Italy', 'Jersey', 'Jamaica', 'Jordan', 'Japan', 'Kenya', 'Kyrgyzstan', 'Cambodia', 'Kiribati', 'Comoros', 'St Kitts and Nevis', 'North Korea', 'South Korea', 'Kuwait', 'Cayman Islands', 'Kazakhstan', 'Laos', 'Lebanon', 'Saint Lucia', 'Liechtenstein', 'Sri Lanka', 'Liberia', 'Lesotho', 'Lithuania', 'Luxembourg', 'Latvia', 'Libya', 'Morocco', 'Monaco', 'Moldova', 'Montenegro', 'Saint Martin', 'Madagascar', 'Marshall Islands', 'North Macedonia', 'Mali', 'Myanmar', 'Mongolia', 'Macao', 'Northern Mariana Islands', 'Martinique', 'Mauritania', 'Montserrat', 'Malta', 'Mauritius', 'Maldives', 'Malawi', 'Mexico', 'Malaysia', 'Mozambique', 'Namibia', 'New Caledonia', 'Niger', 'Norfolk Island', 'Nigeria', 'Nicaragua', 'The Netherlands', 'Norway', 'Nepal', 'Nauru', 'Niue', 'New Zealand', 'Oman', 'Panama', 'Peru', 'French Polynesia', 'Papua New Guinea', 'Philippines', 'Pakistan', 'Poland', 'Saint Pierre and Miquelon', 'Pitcairn Islands', 'Puerto Rico', 'Palestine', 'Portugal', 'Palau', 'Paraguay', 'Qatar', 'Réunion', 'Romania', 'Serbia', 'Russia', 'Rwanda', 'Saudi Arabia', 'Solomon Islands', 'Seychelles', 'Sudan', 'Sweden', 'Singapore', 'Saint Helena', 'Slovenia', 'Svalbard and Jan Mayen', 'Slovakia', 'Sierra Leone', 'San Marino', 'Senegal', 'Somalia', 'Suriname', 'South Sudan', 'São Tomé and Príncipe', 'El Salvador', 'Sint Maarten', 'Syria', 'Eswatini', 'Turks and Caicos Islands', 'Chad', 'French Southern Territories', 'Togo', 'Thailand', 'Tajikistan', 'Tokelau', 'Timor-Leste', 'Turkmenistan', 'Tunisia', 'Tonga', 'Türkiye', 'Trinidad and Tobago', 'Tuvalu', 'Taiwan', 'Tanzania', 'Ukraine', 'Uganda', 'U.S. Outlying Islands', 'United States', 'Uruguay', 'Uzbekistan', 'Vatican City', 'St Vincent and Grenadines', 'Venezuela', 'British Virgin Islands', 'U.S. Virgin Islands', 'Vietnam', 'Vanuatu', 'Wallis and Futuna', 'Samoa', 'Kosovo', 'Yemen', 'Mayotte', 'South Africa', 'Zambia', 'Zimbabwe']
2025-01-30 18:27:12,770 - __main__ - INFO - Response time for the request: 0.09 seconds
2025-01-30 18:27:12,770 - __main__ - INFO - ----------------------------------------------------------------------------------------------------
2025-01-30 18:27:28,093 - __main__ - INFO - Request came to fetch all states from i.
2025-01-30 18:27:28,243 - __main__ - INFO - response: []
2025-01-30 18:27:28,243 - __main__ - INFO - Response time for the request: 0.15 seconds
2025-01-30 18:27:28,243 - __main__ - INFO - ----------------------------------------------------------------------------------------------------
2025-01-30 18:27:28,293 - __main__ - INFO - Request came to fetch all states from in.
2025-01-30 18:27:28,352 - __main__ - INFO - Request came to fetch all states from ind.
2025-01-30 18:27:28,457 - __main__ - INFO - Request came to fetch all states from i.
2025-01-30 18:27:28,463 - __main__ - INFO - response: []
2025-01-30 18:27:28,463 - __main__ - INFO - Response time for the request: 0.17 seconds
2025-01-30 18:27:28,464 - __main__ - INFO - ----------------------------------------------------------------------------------------------------
2025-01-30 18:27:28,535 - __main__ - INFO - response: []
2025-01-30 18:27:28,536 - __main__ - INFO - Response time for the request: 0.18 seconds
2025-01-30 18:27:28,536 - __main__ - INFO - ----------------------------------------------------------------------------------------------------
2025-01-30 18:27:28,579 - __main__ - INFO - Request came to fetch all states from indi.
2025-01-30 18:27:28,583 - __main__ - INFO - Request came to fetch all states from india.
2025-01-30 18:27:28,621 - __main__ - INFO - response: []
2025-01-30 18:27:28,622 - __main__ - INFO - Response time for the request: 0.16 seconds
2025-01-30 18:27:28,622 - __main__ - INFO - ----------------------------------------------------------------------------------------------------
2025-01-30 18:27:28,736 - __main__ - INFO - response: []
2025-01-30 18:27:28,736 - __main__ - INFO - Response time for the request: 0.16 seconds
2025-01-30 18:27:28,736 - __main__ - INFO - ----------------------------------------------------------------------------------------------------
2025-01-30 18:27:28,757 - __main__ - INFO - response: ['Andaman and Nicobar', 'Andhra Pradesh', 'Arunachal Pradesh', 'Assam', 'Bihar', 'Chandigarh', 'Chhattisgarh', 'Dadra and Nagar Haveli and Daman and Diu', 'Delhi', 'Goa', 'Gujarat', 'Haryana', 'Himachal Pradesh', 'Jammu and Kashmir', 'Jharkhand', 'Karnataka', 'Kerala', 'Ladakh', 'Lakshadweep', 'Madhya Pradesh', 'Maharashtra', 'Manipur', 'Meghalaya', 'Mizoram', 'Nagaland', 'Odisha', 'Puducherry', 'Punjab', 'Rajasthan', 'Sikkim', 'Tamil Nadu', 'Telangana', 'Tripura', 'Uttar Pradesh', 'Uttarakhand', 'West Bengal']
2025-01-30 18:27:28,758 - __main__ - INFO - Response time for the request: 0.17 seconds
2025-01-30 18:27:28,758 - __main__ - INFO - ----------------------------------------------------------------------------------------------------
2025-01-30 18:27:29,943 - __main__ - INFO - Request came to fetch all states from India.
2025-01-30 18:27:30,094 - __main__ - INFO - response: ['Andaman and Nicobar', 'Andhra Pradesh', 'Arunachal Pradesh', 'Assam', 'Bihar', 'Chandigarh', 'Chhattisgarh', 'Dadra and Nagar Haveli and Daman and Diu', 'Delhi', 'Goa', 'Gujarat', 'Haryana', 'Himachal Pradesh', 'Jammu and Kashmir', 'Jharkhand', 'Karnataka', 'Kerala', 'Ladakh', 'Lakshadweep', 'Madhya Pradesh', 'Maharashtra', 'Manipur', 'Meghalaya', 'Mizoram', 'Nagaland', 'Odisha', 'Puducherry', 'Punjab', 'Rajasthan', 'Sikkim', 'Tamil Nadu', 'Telangana', 'Tripura', 'Uttar Pradesh', 'Uttarakhand', 'West Bengal']
2025-01-30 18:27:30,095 - __main__ - INFO - Response time for the request: 0.15 seconds
2025-01-30 18:27:30,096 - __main__ - INFO - ----------------------------------------------------------------------------------------------------
2025-01-30 18:27:32,708 - __main__ - INFO - Request came to fetch all states from i.
2025-01-30 18:27:32,884 - __main__ - INFO - response: []
2025-01-30 18:27:32,884 - __main__ - INFO - Response time for the request: 0.18 seconds
2025-01-30 18:27:32,884 - __main__ - INFO - ----------------------------------------------------------------------------------------------------
2025-01-30 18:27:32,947 - __main__ - INFO - Request came to fetch all states from in.
2025-01-30 18:27:33,003 - __main__ - INFO - Request came to fetch all states from ind.
2025-01-30 18:27:33,116 - __main__ - INFO - Request came to fetch all states from i.
2025-01-30 18:27:33,228 - __main__ - INFO - response: []
2025-01-30 18:27:33,228 - __main__ - INFO - Response time for the request: 0.28 seconds
2025-01-30 18:27:33,229 - __main__ - INFO - ----------------------------------------------------------------------------------------------------
2025-01-30 18:27:33,231 - __main__ - INFO - response: []
2025-01-30 18:27:33,232 - __main__ - INFO - Response time for the request: 0.23 seconds
2025-01-30 18:27:33,232 - __main__ - INFO - ----------------------------------------------------------------------------------------------------
2025-01-30 18:27:33,253 - __main__ - INFO - Request came to fetch all states from inda.
2025-01-30 18:27:33,303 - __main__ - INFO - response: []
2025-01-30 18:27:33,304 - __main__ - INFO - Response time for the request: 0.19 seconds
2025-01-30 18:27:33,304 - __main__ - INFO - ----------------------------------------------------------------------------------------------------
2025-01-30 18:27:33,335 - __main__ - INFO - Request came to fetch all states from indai.
2025-01-30 18:27:33,380 - __main__ - INFO - response: []
2025-01-30 18:27:33,381 - __main__ - INFO - Response time for the request: 0.13 seconds
2025-01-30 18:27:33,381 - __main__ - INFO - ----------------------------------------------------------------------------------------------------
2025-01-30 18:27:33,560 - __main__ - INFO - response: []
2025-01-30 18:27:33,560 - __main__ - INFO - Response time for the request: 0.23 seconds
2025-01-30 18:27:33,561 - __main__ - INFO - ----------------------------------------------------------------------------------------------------
2025-01-30 18:27:34,215 - __main__ - INFO - Request came to fetch all states from inda.
2025-01-30 18:27:34,350 - __main__ - INFO - response: []
2025-01-30 18:27:34,350 - __main__ - INFO - Response time for the request: 0.13 seconds
2025-01-30 18:27:34,351 - __main__ - INFO - ----------------------------------------------------------------------------------------------------
2025-01-30 18:27:34,685 - __main__ - INFO - Request came to fetch all states from ind.
2025-01-30 18:27:34,812 - __main__ - INFO - response: []
2025-01-30 18:27:34,812 - __main__ - INFO - Response time for the request: 0.13 seconds
2025-01-30 18:27:34,813 - __main__ - INFO - ----------------------------------------------------------------------------------------------------
2025-01-30 18:27:40,854 - __main__ - INFO - Request came to fetch all countries.
2025-01-30 18:27:41,032 - __main__ - INFO - response: ['Andorra', 'United Arab Emirates', 'Afghanistan', 'Antigua and Barbuda', 'Anguilla', 'Albania', 'Armenia', 'Angola', 'Antarctica', 'Argentina', 'American Samoa', 'Austria', 'Australia', 'Aruba', 'Åland', 'Azerbaijan', 'Bosnia and Herzegovina', 'Barbados', 'Bangladesh', 'Belgium', 'Burkina Faso', 'Bulgaria', 'Bahrain', 'Burundi', 'Benin', 'Saint Barthélemy', 'Bermuda', 'Brunei', 'Bolivia', 'Bonaire, Sint Eustatius, and Saba', 'Brazil', 'Bahamas', 'Bhutan', 'Bouvet Island', 'Botswana', 'Belarus', 'Belize', 'Canada', 'Cocos (Keeling) Islands', 'DR Congo', 'Central African Republic', 'Congo Republic', 'Switzerland', 'Ivory Coast', 'Cook Islands', 'Chile', 'Cameroon', 'China', 'Colombia', 'Costa Rica', 'Cuba', 'Cabo Verde', 'Curaçao', 'Christmas Island', 'Cyprus', 'Czechia', 'Germany', 'Djibouti', 'Denmark', 'Dominica', 'Dominican Republic', 'Algeria', 'Ecuador', 'Estonia', 'Egypt', 'Western Sahara', 'Eritrea', 'Spain', 'Ethiopia', 'Finland', 'Fiji', 'Falkland Islands', 'Micronesia', 'Faroe Islands', 'France', 'Gabon', 'United Kingdom', 'Grenada', 'Georgia', 'French Guiana', 'Guernsey', 'Ghana', 'Gibraltar', 'Greenland', 'The Gambia', 'Guinea', 'Guadeloupe', 'Equatorial Guinea', 'Greece', 'South Georgia and South Sandwich Islands', 'Guatemala', 'Guam', 'Guinea-Bissau', 'Guyana', 'Hong Kong', 'Heard and McDonald Islands', 'Honduras', 'Croatia', 'Haiti', 'Hungary', 'Indonesia', 'Ireland', 'Israel', 'Isle of Man', 'India', 'British Indian Ocean Territory', 'Iraq', 'Iran', 'Iceland', 'Italy', 'Jersey', 'Jamaica', 'Jordan', 'Japan', 'Kenya', 'Kyrgyzstan', 'Cambodia', 'Kiribati', 'Comoros', 'St Kitts and Nevis', 'North Korea', 'South Korea', 'Kuwait', 'Cayman Islands', 'Kazakhstan', 'Laos', 'Lebanon', 'Saint Lucia', 'Liechtenstein', 'Sri Lanka', 'Liberia', 'Lesotho', 'Lithuania', 'Luxembourg', 'Latvia', 'Libya', 'Morocco', 'Monaco', 'Moldova', 'Montenegro', 'Saint Martin', 'Madagascar', 'Marshall Islands', 'North Macedonia', 'Mali', 'Myanmar', 'Mongolia', 'Macao', 'Northern Mariana Islands', 'Martinique', 'Mauritania', 'Montserrat', 'Malta', 'Mauritius', 'Maldives', 'Malawi', 'Mexico', 'Malaysia', 'Mozambique', 'Namibia', 'New Caledonia', 'Niger', 'Norfolk Island', 'Nigeria', 'Nicaragua', 'The Netherlands', 'Norway', 'Nepal', 'Nauru', 'Niue', 'New Zealand', 'Oman', 'Panama', 'Peru', 'French Polynesia', 'Papua New Guinea', 'Philippines', 'Pakistan', 'Poland', 'Saint Pierre and Miquelon', 'Pitcairn Islands', 'Puerto Rico', 'Palestine', 'Portugal', 'Palau', 'Paraguay', 'Qatar', 'Réunion', 'Romania', 'Serbia', 'Russia', 'Rwanda', 'Saudi Arabia', 'Solomon Islands', 'Seychelles', 'Sudan', 'Sweden', 'Singapore', 'Saint Helena', 'Slovenia', 'Svalbard and Jan Mayen', 'Slovakia', 'Sierra Leone', 'San Marino', 'Senegal', 'Somalia', 'Suriname', 'South Sudan', 'São Tomé and Príncipe', 'El Salvador', 'Sint Maarten', 'Syria', 'Eswatini', 'Turks and Caicos Islands', 'Chad', 'French Southern Territories', 'Togo', 'Thailand', 'Tajikistan', 'Tokelau', 'Timor-Leste', 'Turkmenistan', 'Tunisia', 'Tonga', 'Türkiye', 'Trinidad and Tobago', 'Tuvalu', 'Taiwan', 'Tanzania', 'Ukraine', 'Uganda', 'U.S. Outlying Islands', 'United States', 'Uruguay', 'Uzbekistan', 'Vatican City', 'St Vincent and Grenadines', 'Venezuela', 'British Virgin Islands', 'U.S. Virgin Islands', 'Vietnam', 'Vanuatu', 'Wallis and Futuna', 'Samoa', 'Kosovo', 'Yemen', 'Mayotte', 'South Africa', 'Zambia', 'Zimbabwe']
2025-01-30 18:27:41,036 - __main__ - INFO - Response time for the request: 0.18 seconds
2025-01-30 18:27:41,037 - __main__ - INFO - ----------------------------------------------------------------------------------------------------
2025-01-30 18:27:41,102 - __main__ - INFO - Request came to fetch all countries.
2025-01-30 18:27:41,204 - __main__ - INFO - response: ['Andorra', 'United Arab Emirates', 'Afghanistan', 'Antigua and Barbuda', 'Anguilla', 'Albania', 'Armenia', 'Angola', 'Antarctica', 'Argentina', 'American Samoa', 'Austria', 'Australia', 'Aruba', 'Åland', 'Azerbaijan', 'Bosnia and Herzegovina', 'Barbados', 'Bangladesh', 'Belgium', 'Burkina Faso', 'Bulgaria', 'Bahrain', 'Burundi', 'Benin', 'Saint Barthélemy', 'Bermuda', 'Brunei', 'Bolivia', 'Bonaire, Sint Eustatius, and Saba', 'Brazil', 'Bahamas', 'Bhutan', 'Bouvet Island', 'Botswana', 'Belarus', 'Belize', 'Canada', 'Cocos (Keeling) Islands', 'DR Congo', 'Central African Republic', 'Congo Republic', 'Switzerland', 'Ivory Coast', 'Cook Islands', 'Chile', 'Cameroon', 'China', 'Colombia', 'Costa Rica', 'Cuba', 'Cabo Verde', 'Curaçao', 'Christmas Island', 'Cyprus', 'Czechia', 'Germany', 'Djibouti', 'Denmark', 'Dominica', 'Dominican Republic', 'Algeria', 'Ecuador', 'Estonia', 'Egypt', 'Western Sahara', 'Eritrea', 'Spain', 'Ethiopia', 'Finland', 'Fiji', 'Falkland Islands', 'Micronesia', 'Faroe Islands', 'France', 'Gabon', 'United Kingdom', 'Grenada', 'Georgia', 'French Guiana', 'Guernsey', 'Ghana', 'Gibraltar', 'Greenland', 'The Gambia', 'Guinea', 'Guadeloupe', 'Equatorial Guinea', 'Greece', 'South Georgia and South Sandwich Islands', 'Guatemala', 'Guam', 'Guinea-Bissau', 'Guyana', 'Hong Kong', 'Heard and McDonald Islands', 'Honduras', 'Croatia', 'Haiti', 'Hungary', 'Indonesia', 'Ireland', 'Israel', 'Isle of Man', 'India', 'British Indian Ocean Territory', 'Iraq', 'Iran', 'Iceland', 'Italy', 'Jersey', 'Jamaica', 'Jordan', 'Japan', 'Kenya', 'Kyrgyzstan', 'Cambodia', 'Kiribati', 'Comoros', 'St Kitts and Nevis', 'North Korea', 'South Korea', 'Kuwait', 'Cayman Islands', 'Kazakhstan', 'Laos', 'Lebanon', 'Saint Lucia', 'Liechtenstein', 'Sri Lanka', 'Liberia', 'Lesotho', 'Lithuania', 'Luxembourg', 'Latvia', 'Libya', 'Morocco', 'Monaco', 'Moldova', 'Montenegro', 'Saint Martin', 'Madagascar', 'Marshall Islands', 'North Macedonia', 'Mali', 'Myanmar', 'Mongolia', 'Macao', 'Northern Mariana Islands', 'Martinique', 'Mauritania', 'Montserrat', 'Malta', 'Mauritius', 'Maldives', 'Malawi', 'Mexico', 'Malaysia', 'Mozambique', 'Namibia', 'New Caledonia', 'Niger', 'Norfolk Island', 'Nigeria', 'Nicaragua', 'The Netherlands', 'Norway', 'Nepal', 'Nauru', 'Niue', 'New Zealand', 'Oman', 'Panama', 'Peru', 'French Polynesia', 'Papua New Guinea', 'Philippines', 'Pakistan', 'Poland', 'Saint Pierre and Miquelon', 'Pitcairn Islands', 'Puerto Rico', 'Palestine', 'Portugal', 'Palau', 'Paraguay', 'Qatar', 'Réunion', 'Romania', 'Serbia', 'Russia', 'Rwanda', 'Saudi Arabia', 'Solomon Islands', 'Seychelles', 'Sudan', 'Sweden', 'Singapore', 'Saint Helena', 'Slovenia', 'Svalbard and Jan Mayen', 'Slovakia', 'Sierra Leone', 'San Marino', 'Senegal', 'Somalia', 'Suriname', 'South Sudan', 'São Tomé and Príncipe', 'El Salvador', 'Sint Maarten', 'Syria', 'Eswatini', 'Turks and Caicos Islands', 'Chad', 'French Southern Territories', 'Togo', 'Thailand', 'Tajikistan', 'Tokelau', 'Timor-Leste', 'Turkmenistan', 'Tunisia', 'Tonga', 'Türkiye', 'Trinidad and Tobago', 'Tuvalu', 'Taiwan', 'Tanzania', 'Ukraine', 'Uganda', 'U.S. Outlying Islands', 'United States', 'Uruguay', 'Uzbekistan', 'Vatican City', 'St Vincent and Grenadines', 'Venezuela', 'British Virgin Islands', 'U.S. Virgin Islands', 'Vietnam', 'Vanuatu', 'Wallis and Futuna', 'Samoa', 'Kosovo', 'Yemen', 'Mayotte', 'South Africa', 'Zambia', 'Zimbabwe']
2025-01-30 18:27:41,208 - __main__ - INFO - Response time for the request: 0.11 seconds
2025-01-30 18:27:41,209 - __main__ - INFO - ----------------------------------------------------------------------------------------------------
2025-01-30 18:27:43,388 - __main__ - INFO - Request came to fetch all states from India.
2025-01-30 18:27:43,568 - __main__ - INFO - response: ['Andaman and Nicobar', 'Andhra Pradesh', 'Arunachal Pradesh', 'Assam', 'Bihar', 'Chandigarh', 'Chhattisgarh', 'Dadra and Nagar Haveli and Daman and Diu', 'Delhi', 'Goa', 'Gujarat', 'Haryana', 'Himachal Pradesh', 'Jammu and Kashmir', 'Jharkhand', 'Karnataka', 'Kerala', 'Ladakh', 'Lakshadweep', 'Madhya Pradesh', 'Maharashtra', 'Manipur', 'Meghalaya', 'Mizoram', 'Nagaland', 'Odisha', 'Puducherry', 'Punjab', 'Rajasthan', 'Sikkim', 'Tamil Nadu', 'Telangana', 'Tripura', 'Uttar Pradesh', 'Uttarakhand', 'West Bengal']
2025-01-30 18:27:43,569 - __main__ - INFO - Response time for the request: 0.18 seconds
2025-01-30 18:27:43,569 - __main__ - INFO - ----------------------------------------------------------------------------------------------------
2025-01-30 18:27:43,885 - __main__ - INFO - Request came to fetch all states from India.
2025-01-30 18:27:44,030 - __main__ - INFO - response: ['Andaman and Nicobar', 'Andhra Pradesh', 'Arunachal Pradesh', 'Assam', 'Bihar', 'Chandigarh', 'Chhattisgarh', 'Dadra and Nagar Haveli and Daman and Diu', 'Delhi', 'Goa', 'Gujarat', 'Haryana', 'Himachal Pradesh', 'Jammu and Kashmir', 'Jharkhand', 'Karnataka', 'Kerala', 'Ladakh', 'Lakshadweep', 'Madhya Pradesh', 'Maharashtra', 'Manipur', 'Meghalaya', 'Mizoram', 'Nagaland', 'Odisha', 'Puducherry', 'Punjab', 'Rajasthan', 'Sikkim', 'Tamil Nadu', 'Telangana', 'Tripura', 'Uttar Pradesh', 'Uttarakhand', 'West Bengal']
2025-01-30 18:27:44,031 - __main__ - INFO - Response time for the request: 0.15 seconds
2025-01-30 18:27:44,031 - __main__ - INFO - ----------------------------------------------------------------------------------------------------
2025-01-30 18:27:58,961 - __main__ - INFO - Request came to fetch all districts from Tamil Nadu, India.
2025-01-30 18:28:00,812 - __main__ - INFO - Response time for the request: 1.85 seconds
2025-01-30 18:28:00,813 - __main__ - INFO - ----------------------------------------------------------------------------------------------------
2025-01-30 18:28:00,819 - __main__ - INFO - Request came to fetch all districts from Tamil Nadu, India.
2025-01-30 18:28:02,586 - __main__ - INFO - Response time for the request: 1.77 seconds
2025-01-30 18:28:02,679 - __main__ - INFO - ----------------------------------------------------------------------------------------------------
2025-01-30 18:28:28,246 - __main__ - INFO - Request came to fetch all countries.
2025-01-30 18:28:28,247 - __main__ - INFO - Request came to fetch all states from India.
2025-01-30 18:28:28,248 - __main__ - INFO - Request came to fetch all districts from Tamil Nadu, India.
2025-01-30 18:28:28,394 - __main__ - INFO - response: ['Andorra', 'United Arab Emirates', 'Afghanistan', 'Antigua and Barbuda', 'Anguilla', 'Albania', 'Armenia', 'Angola', 'Antarctica', 'Argentina', 'American Samoa', 'Austria', 'Australia', 'Aruba', 'Åland', 'Azerbaijan', 'Bosnia and Herzegovina', 'Barbados', 'Bangladesh', 'Belgium', 'Burkina Faso', 'Bulgaria', 'Bahrain', 'Burundi', 'Benin', 'Saint Barthélemy', 'Bermuda', 'Brunei', 'Bolivia', 'Bonaire, Sint Eustatius, and Saba', 'Brazil', 'Bahamas', 'Bhutan', 'Bouvet Island', 'Botswana', 'Belarus', 'Belize', 'Canada', 'Cocos (Keeling) Islands', 'DR Congo', 'Central African Republic', 'Congo Republic', 'Switzerland', 'Ivory Coast', 'Cook Islands', 'Chile', 'Cameroon', 'China', 'Colombia', 'Costa Rica', 'Cuba', 'Cabo Verde', 'Curaçao', 'Christmas Island', 'Cyprus', 'Czechia', 'Germany', 'Djibouti', 'Denmark', 'Dominica', 'Dominican Republic', 'Algeria', 'Ecuador', 'Estonia', 'Egypt', 'Western Sahara', 'Eritrea', 'Spain', 'Ethiopia', 'Finland', 'Fiji', 'Falkland Islands', 'Micronesia', 'Faroe Islands', 'France', 'Gabon', 'United Kingdom', 'Grenada', 'Georgia', 'French Guiana', 'Guernsey', 'Ghana', 'Gibraltar', 'Greenland', 'The Gambia', 'Guinea', 'Guadeloupe', 'Equatorial Guinea', 'Greece', 'South Georgia and South Sandwich Islands', 'Guatemala', 'Guam', 'Guinea-Bissau', 'Guyana', 'Hong Kong', 'Heard and McDonald Islands', 'Honduras', 'Croatia', 'Haiti', 'Hungary', 'Indonesia', 'Ireland', 'Israel', 'Isle of Man', 'India', 'British Indian Ocean Territory', 'Iraq', 'Iran', 'Iceland', 'Italy', 'Jersey', 'Jamaica', 'Jordan', 'Japan', 'Kenya', 'Kyrgyzstan', 'Cambodia', 'Kiribati', 'Comoros', 'St Kitts and Nevis', 'North Korea', 'South Korea', 'Kuwait', 'Cayman Islands', 'Kazakhstan', 'Laos', 'Lebanon', 'Saint Lucia', 'Liechtenstein', 'Sri Lanka', 'Liberia', 'Lesotho', 'Lithuania', 'Luxembourg', 'Latvia', 'Libya', 'Morocco', 'Monaco', 'Moldova', 'Montenegro', 'Saint Martin', 'Madagascar', 'Marshall Islands', 'North Macedonia', 'Mali', 'Myanmar', 'Mongolia', 'Macao', 'Northern Mariana Islands', 'Martinique', 'Mauritania', 'Montserrat', 'Malta', 'Mauritius', 'Maldives', 'Malawi', 'Mexico', 'Malaysia', 'Mozambique', 'Namibia', 'New Caledonia', 'Niger', 'Norfolk Island', 'Nigeria', 'Nicaragua', 'The Netherlands', 'Norway', 'Nepal', 'Nauru', 'Niue', 'New Zealand', 'Oman', 'Panama', 'Peru', 'French Polynesia', 'Papua New Guinea', 'Philippines', 'Pakistan', 'Poland', 'Saint Pierre and Miquelon', 'Pitcairn Islands', 'Puerto Rico', 'Palestine', 'Portugal', 'Palau', 'Paraguay', 'Qatar', 'Réunion', 'Romania', 'Serbia', 'Russia', 'Rwanda', 'Saudi Arabia', 'Solomon Islands', 'Seychelles', 'Sudan', 'Sweden', 'Singapore', 'Saint Helena', 'Slovenia', 'Svalbard and Jan Mayen', 'Slovakia', 'Sierra Leone', 'San Marino', 'Senegal', 'Somalia', 'Suriname', 'South Sudan', 'São Tomé and Príncipe', 'El Salvador', 'Sint Maarten', 'Syria', 'Eswatini', 'Turks and Caicos Islands', 'Chad', 'French Southern Territories', 'Togo', 'Thailand', 'Tajikistan', 'Tokelau', 'Timor-Leste', 'Turkmenistan', 'Tunisia', 'Tonga', 'Türkiye', 'Trinidad and Tobago', 'Tuvalu', 'Taiwan', 'Tanzania', 'Ukraine', 'Uganda', 'U.S. Outlying Islands', 'United States', 'Uruguay', 'Uzbekistan', 'Vatican City', 'St Vincent and Grenadines', 'Venezuela', 'British Virgin Islands', 'U.S. Virgin Islands', 'Vietnam', 'Vanuatu', 'Wallis and Futuna', 'Samoa', 'Kosovo', 'Yemen', 'Mayotte', 'South Africa', 'Zambia', 'Zimbabwe']
2025-01-30 18:28:28,398 - __main__ - INFO - Response time for the request: 0.15 seconds
2025-01-30 18:28:28,398 - __main__ - INFO - ----------------------------------------------------------------------------------------------------
2025-01-30 18:28:28,508 - __main__ - INFO - Request came to fetch all countries.
2025-01-30 18:28:28,545 - __main__ - INFO - response: ['Andaman and Nicobar', 'Andhra Pradesh', 'Arunachal Pradesh', 'Assam', 'Bihar', 'Chandigarh', 'Chhattisgarh', 'Dadra and Nagar Haveli and Daman and Diu', 'Delhi', 'Goa', 'Gujarat', 'Haryana', 'Himachal Pradesh', 'Jammu and Kashmir', 'Jharkhand', 'Karnataka', 'Kerala', 'Ladakh', 'Lakshadweep', 'Madhya Pradesh', 'Maharashtra', 'Manipur', 'Meghalaya', 'Mizoram', 'Nagaland', 'Odisha', 'Puducherry', 'Punjab', 'Rajasthan', 'Sikkim', 'Tamil Nadu', 'Telangana', 'Tripura', 'Uttar Pradesh', 'Uttarakhand', 'West Bengal']
2025-01-30 18:28:28,546 - __main__ - INFO - Response time for the request: 0.30 seconds
2025-01-30 18:28:28,546 - __main__ - INFO - ----------------------------------------------------------------------------------------------------
2025-01-30 18:28:28,620 - __main__ - INFO - response: ['Andorra', 'United Arab Emirates', 'Afghanistan', 'Antigua and Barbuda', 'Anguilla', 'Albania', 'Armenia', 'Angola', 'Antarctica', 'Argentina', 'American Samoa', 'Austria', 'Australia', 'Aruba', 'Åland', 'Azerbaijan', 'Bosnia and Herzegovina', 'Barbados', 'Bangladesh', 'Belgium', 'Burkina Faso', 'Bulgaria', 'Bahrain', 'Burundi', 'Benin', 'Saint Barthélemy', 'Bermuda', 'Brunei', 'Bolivia', 'Bonaire, Sint Eustatius, and Saba', 'Brazil', 'Bahamas', 'Bhutan', 'Bouvet Island', 'Botswana', 'Belarus', 'Belize', 'Canada', 'Cocos (Keeling) Islands', 'DR Congo', 'Central African Republic', 'Congo Republic', 'Switzerland', 'Ivory Coast', 'Cook Islands', 'Chile', 'Cameroon', 'China', 'Colombia', 'Costa Rica', 'Cuba', 'Cabo Verde', 'Curaçao', 'Christmas Island', 'Cyprus', 'Czechia', 'Germany', 'Djibouti', 'Denmark', 'Dominica', 'Dominican Republic', 'Algeria', 'Ecuador', 'Estonia', 'Egypt', 'Western Sahara', 'Eritrea', 'Spain', 'Ethiopia', 'Finland', 'Fiji', 'Falkland Islands', 'Micronesia', 'Faroe Islands', 'France', 'Gabon', 'United Kingdom', 'Grenada', 'Georgia', 'French Guiana', 'Guernsey', 'Ghana', 'Gibraltar', 'Greenland', 'The Gambia', 'Guinea', 'Guadeloupe', 'Equatorial Guinea', 'Greece', 'South Georgia and South Sandwich Islands', 'Guatemala', 'Guam', 'Guinea-Bissau', 'Guyana', 'Hong Kong', 'Heard and McDonald Islands', 'Honduras', 'Croatia', 'Haiti', 'Hungary', 'Indonesia', 'Ireland', 'Israel', 'Isle of Man', 'India', 'British Indian Ocean Territory', 'Iraq', 'Iran', 'Iceland', 'Italy', 'Jersey', 'Jamaica', 'Jordan', 'Japan', 'Kenya', 'Kyrgyzstan', 'Cambodia', 'Kiribati', 'Comoros', 'St Kitts and Nevis', 'North Korea', 'South Korea', 'Kuwait', 'Cayman Islands', 'Kazakhstan', 'Laos', 'Lebanon', 'Saint Lucia', 'Liechtenstein', 'Sri Lanka', 'Liberia', 'Lesotho', 'Lithuania', 'Luxembourg', 'Latvia', 'Libya', 'Morocco', 'Monaco', 'Moldova', 'Montenegro', 'Saint Martin', 'Madagascar', 'Marshall Islands', 'North Macedonia', 'Mali', 'Myanmar', 'Mongolia', 'Macao', 'Northern Mariana Islands', 'Martinique', 'Mauritania', 'Montserrat', 'Malta', 'Mauritius', 'Maldives', 'Malawi', 'Mexico', 'Malaysia', 'Mozambique', 'Namibia', 'New Caledonia', 'Niger', 'Norfolk Island', 'Nigeria', 'Nicaragua', 'The Netherlands', 'Norway', 'Nepal', 'Nauru', 'Niue', 'New Zealand', 'Oman', 'Panama', 'Peru', 'French Polynesia', 'Papua New Guinea', 'Philippines', 'Pakistan', 'Poland', 'Saint Pierre and Miquelon', 'Pitcairn Islands', 'Puerto Rico', 'Palestine', 'Portugal', 'Palau', 'Paraguay', 'Qatar', 'Réunion', 'Romania', 'Serbia', 'Russia', 'Rwanda', 'Saudi Arabia', 'Solomon Islands', 'Seychelles', 'Sudan', 'Sweden', 'Singapore', 'Saint Helena', 'Slovenia', 'Svalbard and Jan Mayen', 'Slovakia', 'Sierra Leone', 'San Marino', 'Senegal', 'Somalia', 'Suriname', 'South Sudan', 'São Tomé and Príncipe', 'El Salvador', 'Sint Maarten', 'Syria', 'Eswatini', 'Turks and Caicos Islands', 'Chad', 'French Southern Territories', 'Togo', 'Thailand', 'Tajikistan', 'Tokelau', 'Timor-Leste', 'Turkmenistan', 'Tunisia', 'Tonga', 'Türkiye', 'Trinidad and Tobago', 'Tuvalu', 'Taiwan', 'Tanzania', 'Ukraine', 'Uganda', 'U.S. Outlying Islands', 'United States', 'Uruguay', 'Uzbekistan', 'Vatican City', 'St Vincent and Grenadines', 'Venezuela', 'British Virgin Islands', 'U.S. Virgin Islands', 'Vietnam', 'Vanuatu', 'Wallis and Futuna', 'Samoa', 'Kosovo', 'Yemen', 'Mayotte', 'South Africa', 'Zambia', 'Zimbabwe']
2025-01-30 18:28:28,626 - __main__ - INFO - Response time for the request: 0.12 seconds
2025-01-30 18:28:28,627 - __main__ - INFO - ----------------------------------------------------------------------------------------------------
2025-01-30 18:28:28,734 - __main__ - INFO - Request came to fetch all states from India.
2025-01-30 18:28:29,026 - __main__ - INFO - response: ['Andaman and Nicobar', 'Andhra Pradesh', 'Arunachal Pradesh', 'Assam', 'Bihar', 'Chandigarh', 'Chhattisgarh', 'Dadra and Nagar Haveli and Daman and Diu', 'Delhi', 'Goa', 'Gujarat', 'Haryana', 'Himachal Pradesh', 'Jammu and Kashmir', 'Jharkhand', 'Karnataka', 'Kerala', 'Ladakh', 'Lakshadweep', 'Madhya Pradesh', 'Maharashtra', 'Manipur', 'Meghalaya', 'Mizoram', 'Nagaland', 'Odisha', 'Puducherry', 'Punjab', 'Rajasthan', 'Sikkim', 'Tamil Nadu', 'Telangana', 'Tripura', 'Uttar Pradesh', 'Uttarakhand', 'West Bengal']
2025-01-30 18:28:29,028 - __main__ - INFO - Response time for the request: 0.29 seconds
2025-01-30 18:28:29,028 - __main__ - INFO - ----------------------------------------------------------------------------------------------------
2025-01-30 18:28:31,555 - __main__ - INFO - Response time for the request: 3.31 seconds
2025-01-30 18:28:31,556 - __main__ - INFO - ----------------------------------------------------------------------------------------------------
2025-01-30 18:28:31,564 - __main__ - INFO - Request came to fetch all districts from Tamil Nadu, India.
2025-01-30 18:28:35,573 - __main__ - INFO - Response time for the request: 4.01 seconds
2025-01-30 18:28:35,574 - __main__ - INFO - ----------------------------------------------------------------------------------------------------
2025-01-30 18:28:49,160 - __main__ - INFO - Request came to fetch all countries.
2025-01-30 18:28:49,161 - __main__ - INFO - Request came to fetch all states from India.
2025-01-30 18:28:49,163 - __main__ - INFO - Request came to fetch all districts from Tamil Nadu, India.
2025-01-30 18:28:49,299 - __main__ - INFO - response: ['Andorra', 'United Arab Emirates', 'Afghanistan', 'Antigua and Barbuda', 'Anguilla', 'Albania', 'Armenia', 'Angola', 'Antarctica', 'Argentina', 'American Samoa', 'Austria', 'Australia', 'Aruba', 'Åland', 'Azerbaijan', 'Bosnia and Herzegovina', 'Barbados', 'Bangladesh', 'Belgium', 'Burkina Faso', 'Bulgaria', 'Bahrain', 'Burundi', 'Benin', 'Saint Barthélemy', 'Bermuda', 'Brunei', 'Bolivia', 'Bonaire, Sint Eustatius, and Saba', 'Brazil', 'Bahamas', 'Bhutan', 'Bouvet Island', 'Botswana', 'Belarus', 'Belize', 'Canada', 'Cocos (Keeling) Islands', 'DR Congo', 'Central African Republic', 'Congo Republic', 'Switzerland', 'Ivory Coast', 'Cook Islands', 'Chile', 'Cameroon', 'China', 'Colombia', 'Costa Rica', 'Cuba', 'Cabo Verde', 'Curaçao', 'Christmas Island', 'Cyprus', 'Czechia', 'Germany', 'Djibouti', 'Denmark', 'Dominica', 'Dominican Republic', 'Algeria', 'Ecuador', 'Estonia', 'Egypt', 'Western Sahara', 'Eritrea', 'Spain', 'Ethiopia', 'Finland', 'Fiji', 'Falkland Islands', 'Micronesia', 'Faroe Islands', 'France', 'Gabon', 'United Kingdom', 'Grenada', 'Georgia', 'French Guiana', 'Guernsey', 'Ghana', 'Gibraltar', 'Greenland', 'The Gambia', 'Guinea', 'Guadeloupe', 'Equatorial Guinea', 'Greece', 'South Georgia and South Sandwich Islands', 'Guatemala', 'Guam', 'Guinea-Bissau', 'Guyana', 'Hong Kong', 'Heard and McDonald Islands', 'Honduras', 'Croatia', 'Haiti', 'Hungary', 'Indonesia', 'Ireland', 'Israel', 'Isle of Man', 'India', 'British Indian Ocean Territory', 'Iraq', 'Iran', 'Iceland', 'Italy', 'Jersey', 'Jamaica', 'Jordan', 'Japan', 'Kenya', 'Kyrgyzstan', 'Cambodia', 'Kiribati', 'Comoros', 'St Kitts and Nevis', 'North Korea', 'South Korea', 'Kuwait', 'Cayman Islands', 'Kazakhstan', 'Laos', 'Lebanon', 'Saint Lucia', 'Liechtenstein', 'Sri Lanka', 'Liberia', 'Lesotho', 'Lithuania', 'Luxembourg', 'Latvia', 'Libya', 'Morocco', 'Monaco', 'Moldova', 'Montenegro', 'Saint Martin', 'Madagascar', 'Marshall Islands', 'North Macedonia', 'Mali', 'Myanmar', 'Mongolia', 'Macao', 'Northern Mariana Islands', 'Martinique', 'Mauritania', 'Montserrat', 'Malta', 'Mauritius', 'Maldives', 'Malawi', 'Mexico', 'Malaysia', 'Mozambique', 'Namibia', 'New Caledonia', 'Niger', 'Norfolk Island', 'Nigeria', 'Nicaragua', 'The Netherlands', 'Norway', 'Nepal', 'Nauru', 'Niue', 'New Zealand', 'Oman', 'Panama', 'Peru', 'French Polynesia', 'Papua New Guinea', 'Philippines', 'Pakistan', 'Poland', 'Saint Pierre and Miquelon', 'Pitcairn Islands', 'Puerto Rico', 'Palestine', 'Portugal', 'Palau', 'Paraguay', 'Qatar', 'Réunion', 'Romania', 'Serbia', 'Russia', 'Rwanda', 'Saudi Arabia', 'Solomon Islands', 'Seychelles', 'Sudan', 'Sweden', 'Singapore', 'Saint Helena', 'Slovenia', 'Svalbard and Jan Mayen', 'Slovakia', 'Sierra Leone', 'San Marino', 'Senegal', 'Somalia', 'Suriname', 'South Sudan', 'São Tomé and Príncipe', 'El Salvador', 'Sint Maarten', 'Syria', 'Eswatini', 'Turks and Caicos Islands', 'Chad', 'French Southern Territories', 'Togo', 'Thailand', 'Tajikistan', 'Tokelau', 'Timor-Leste', 'Turkmenistan', 'Tunisia', 'Tonga', 'Türkiye', 'Trinidad and Tobago', 'Tuvalu', 'Taiwan', 'Tanzania', 'Ukraine', 'Uganda', 'U.S. Outlying Islands', 'United States', 'Uruguay', 'Uzbekistan', 'Vatican City', 'St Vincent and Grenadines', 'Venezuela', 'British Virgin Islands', 'U.S. Virgin Islands', 'Vietnam', 'Vanuatu', 'Wallis and Futuna', 'Samoa', 'Kosovo', 'Yemen', 'Mayotte', 'South Africa', 'Zambia', 'Zimbabwe']
2025-01-30 18:28:49,302 - __main__ - INFO - Response time for the request: 0.14 seconds
2025-01-30 18:28:49,302 - __main__ - INFO - ----------------------------------------------------------------------------------------------------
2025-01-30 18:28:49,438 - __main__ - INFO - Request came to fetch all countries.
2025-01-30 18:28:49,595 - __main__ - INFO - response: ['Andaman and Nicobar', 'Andhra Pradesh', 'Arunachal Pradesh', 'Assam', 'Bihar', 'Chandigarh', 'Chhattisgarh', 'Dadra and Nagar Haveli and Daman and Diu', 'Delhi', 'Goa', 'Gujarat', 'Haryana', 'Himachal Pradesh', 'Jammu and Kashmir', 'Jharkhand', 'Karnataka', 'Kerala', 'Ladakh', 'Lakshadweep', 'Madhya Pradesh', 'Maharashtra', 'Manipur', 'Meghalaya', 'Mizoram', 'Nagaland', 'Odisha', 'Puducherry', 'Punjab', 'Rajasthan', 'Sikkim', 'Tamil Nadu', 'Telangana', 'Tripura', 'Uttar Pradesh', 'Uttarakhand', 'West Bengal']
2025-01-30 18:28:49,596 - __main__ - INFO - Response time for the request: 0.43 seconds
2025-01-30 18:28:49,596 - __main__ - INFO - ----------------------------------------------------------------------------------------------------
2025-01-30 18:28:49,707 - __main__ - INFO - response: ['Andorra', 'United Arab Emirates', 'Afghanistan', 'Antigua and Barbuda', 'Anguilla', 'Albania', 'Armenia', 'Angola', 'Antarctica', 'Argentina', 'American Samoa', 'Austria', 'Australia', 'Aruba', 'Åland', 'Azerbaijan', 'Bosnia and Herzegovina', 'Barbados', 'Bangladesh', 'Belgium', 'Burkina Faso', 'Bulgaria', 'Bahrain', 'Burundi', 'Benin', 'Saint Barthélemy', 'Bermuda', 'Brunei', 'Bolivia', 'Bonaire, Sint Eustatius, and Saba', 'Brazil', 'Bahamas', 'Bhutan', 'Bouvet Island', 'Botswana', 'Belarus', 'Belize', 'Canada', 'Cocos (Keeling) Islands', 'DR Congo', 'Central African Republic', 'Congo Republic', 'Switzerland', 'Ivory Coast', 'Cook Islands', 'Chile', 'Cameroon', 'China', 'Colombia', 'Costa Rica', 'Cuba', 'Cabo Verde', 'Curaçao', 'Christmas Island', 'Cyprus', 'Czechia', 'Germany', 'Djibouti', 'Denmark', 'Dominica', 'Dominican Republic', 'Algeria', 'Ecuador', 'Estonia', 'Egypt', 'Western Sahara', 'Eritrea', 'Spain', 'Ethiopia', 'Finland', 'Fiji', 'Falkland Islands', 'Micronesia', 'Faroe Islands', 'France', 'Gabon', 'United Kingdom', 'Grenada', 'Georgia', 'French Guiana', 'Guernsey', 'Ghana', 'Gibraltar', 'Greenland', 'The Gambia', 'Guinea', 'Guadeloupe', 'Equatorial Guinea', 'Greece', 'South Georgia and South Sandwich Islands', 'Guatemala', 'Guam', 'Guinea-Bissau', 'Guyana', 'Hong Kong', 'Heard and McDonald Islands', 'Honduras', 'Croatia', 'Haiti', 'Hungary', 'Indonesia', 'Ireland', 'Israel', 'Isle of Man', 'India', 'British Indian Ocean Territory', 'Iraq', 'Iran', 'Iceland', 'Italy', 'Jersey', 'Jamaica', 'Jordan', 'Japan', 'Kenya', 'Kyrgyzstan', 'Cambodia', 'Kiribati', 'Comoros', 'St Kitts and Nevis', 'North Korea', 'South Korea', 'Kuwait', 'Cayman Islands', 'Kazakhstan', 'Laos', 'Lebanon', 'Saint Lucia', 'Liechtenstein', 'Sri Lanka', 'Liberia', 'Lesotho', 'Lithuania', 'Luxembourg', 'Latvia', 'Libya', 'Morocco', 'Monaco', 'Moldova', 'Montenegro', 'Saint Martin', 'Madagascar', 'Marshall Islands', 'North Macedonia', 'Mali', 'Myanmar', 'Mongolia', 'Macao', 'Northern Mariana Islands', 'Martinique', 'Mauritania', 'Montserrat', 'Malta', 'Mauritius', 'Maldives', 'Malawi', 'Mexico', 'Malaysia', 'Mozambique', 'Namibia', 'New Caledonia', 'Niger', 'Norfolk Island', 'Nigeria', 'Nicaragua', 'The Netherlands', 'Norway', 'Nepal', 'Nauru', 'Niue', 'New Zealand', 'Oman', 'Panama', 'Peru', 'French Polynesia', 'Papua New Guinea', 'Philippines', 'Pakistan', 'Poland', 'Saint Pierre and Miquelon', 'Pitcairn Islands', 'Puerto Rico', 'Palestine', 'Portugal', 'Palau', 'Paraguay', 'Qatar', 'Réunion', 'Romania', 'Serbia', 'Russia', 'Rwanda', 'Saudi Arabia', 'Solomon Islands', 'Seychelles', 'Sudan', 'Sweden', 'Singapore', 'Saint Helena', 'Slovenia', 'Svalbard and Jan Mayen', 'Slovakia', 'Sierra Leone', 'San Marino', 'Senegal', 'Somalia', 'Suriname', 'South Sudan', 'São Tomé and Príncipe', 'El Salvador', 'Sint Maarten', 'Syria', 'Eswatini', 'Turks and Caicos Islands', 'Chad', 'French Southern Territories', 'Togo', 'Thailand', 'Tajikistan', 'Tokelau', 'Timor-Leste', 'Turkmenistan', 'Tunisia', 'Tonga', 'Türkiye', 'Trinidad and Tobago', 'Tuvalu', 'Taiwan', 'Tanzania', 'Ukraine', 'Uganda', 'U.S. Outlying Islands', 'United States', 'Uruguay', 'Uzbekistan', 'Vatican City', 'St Vincent and Grenadines', 'Venezuela', 'British Virgin Islands', 'U.S. Virgin Islands', 'Vietnam', 'Vanuatu', 'Wallis and Futuna', 'Samoa', 'Kosovo', 'Yemen', 'Mayotte', 'South Africa', 'Zambia', 'Zimbabwe']
2025-01-30 18:28:49,712 - __main__ - INFO - Request came to fetch all states from India.
2025-01-30 18:28:49,713 - __main__ - INFO - Response time for the request: 0.27 seconds
2025-01-30 18:28:49,714 - __main__ - INFO - ----------------------------------------------------------------------------------------------------
2025-01-30 18:28:50,077 - __main__ - INFO - response: ['Andaman and Nicobar', 'Andhra Pradesh', 'Arunachal Pradesh', 'Assam', 'Bihar', 'Chandigarh', 'Chhattisgarh', 'Dadra and Nagar Haveli and Daman and Diu', 'Delhi', 'Goa', 'Gujarat', 'Haryana', 'Himachal Pradesh', 'Jammu and Kashmir', 'Jharkhand', 'Karnataka', 'Kerala', 'Ladakh', 'Lakshadweep', 'Madhya Pradesh', 'Maharashtra', 'Manipur', 'Meghalaya', 'Mizoram', 'Nagaland', 'Odisha', 'Puducherry', 'Punjab', 'Rajasthan', 'Sikkim', 'Tamil Nadu', 'Telangana', 'Tripura', 'Uttar Pradesh', 'Uttarakhand', 'West Bengal']
2025-01-30 18:28:50,078 - __main__ - INFO - Response time for the request: 0.37 seconds
2025-01-30 18:28:50,078 - __main__ - INFO - ----------------------------------------------------------------------------------------------------
2025-01-30 18:28:51,633 - __main__ - INFO - Response time for the request: 2.47 seconds
2025-01-30 18:28:51,633 - __main__ - INFO - ----------------------------------------------------------------------------------------------------
2025-01-30 18:28:51,650 - __main__ - INFO - Request came to fetch all districts from Tamil Nadu, India.
2025-01-30 18:28:52,739 - __main__ - INFO - Response time for the request: 1.09 seconds
2025-01-30 18:28:52,740 - __main__ - INFO - ----------------------------------------------------------------------------------------------------
2025-01-30 18:31:06,283 - __main__ - INFO - Request came to fetch all countries.
2025-01-30 18:31:06,366 - __main__ - INFO - response: ['Andorra', 'United Arab Emirates', 'Afghanistan', 'Antigua and Barbuda', 'Anguilla', 'Albania', 'Armenia', 'Angola', 'Antarctica', 'Argentina', 'American Samoa', 'Austria', 'Australia', 'Aruba', 'Åland', 'Azerbaijan', 'Bosnia and Herzegovina', 'Barbados', 'Bangladesh', 'Belgium', 'Burkina Faso', 'Bulgaria', 'Bahrain', 'Burundi', 'Benin', 'Saint Barthélemy', 'Bermuda', 'Brunei', 'Bolivia', 'Bonaire, Sint Eustatius, and Saba', 'Brazil', 'Bahamas', 'Bhutan', 'Bouvet Island', 'Botswana', 'Belarus', 'Belize', 'Canada', 'Cocos (Keeling) Islands', 'DR Congo', 'Central African Republic', 'Congo Republic', 'Switzerland', 'Ivory Coast', 'Cook Islands', 'Chile', 'Cameroon', 'China', 'Colombia', 'Costa Rica', 'Cuba', 'Cabo Verde', 'Curaçao', 'Christmas Island', 'Cyprus', 'Czechia', 'Germany', 'Djibouti', 'Denmark', 'Dominica', 'Dominican Republic', 'Algeria', 'Ecuador', 'Estonia', 'Egypt', 'Western Sahara', 'Eritrea', 'Spain', 'Ethiopia', 'Finland', 'Fiji', 'Falkland Islands', 'Micronesia', 'Faroe Islands', 'France', 'Gabon', 'United Kingdom', 'Grenada', 'Georgia', 'French Guiana', 'Guernsey', 'Ghana', 'Gibraltar', 'Greenland', 'The Gambia', 'Guinea', 'Guadeloupe', 'Equatorial Guinea', 'Greece', 'South Georgia and South Sandwich Islands', 'Guatemala', 'Guam', 'Guinea-Bissau', 'Guyana', 'Hong Kong', 'Heard and McDonald Islands', 'Honduras', 'Croatia', 'Haiti', 'Hungary', 'Indonesia', 'Ireland', 'Israel', 'Isle of Man', 'India', 'British Indian Ocean Territory', 'Iraq', 'Iran', 'Iceland', 'Italy', 'Jersey', 'Jamaica', 'Jordan', 'Japan', 'Kenya', 'Kyrgyzstan', 'Cambodia', 'Kiribati', 'Comoros', 'St Kitts and Nevis', 'North Korea', 'South Korea', 'Kuwait', 'Cayman Islands', 'Kazakhstan', 'Laos', 'Lebanon', 'Saint Lucia', 'Liechtenstein', 'Sri Lanka', 'Liberia', 'Lesotho', 'Lithuania', 'Luxembourg', 'Latvia', 'Libya', 'Morocco', 'Monaco', 'Moldova', 'Montenegro', 'Saint Martin', 'Madagascar', 'Marshall Islands', 'North Macedonia', 'Mali', 'Myanmar', 'Mongolia', 'Macao', 'Northern Mariana Islands', 'Martinique', 'Mauritania', 'Montserrat', 'Malta', 'Mauritius', 'Maldives', 'Malawi', 'Mexico', 'Malaysia', 'Mozambique', 'Namibia', 'New Caledonia', 'Niger', 'Norfolk Island', 'Nigeria', 'Nicaragua', 'The Netherlands', 'Norway', 'Nepal', 'Nauru', 'Niue', 'New Zealand', 'Oman', 'Panama', 'Peru', 'French Polynesia', 'Papua New Guinea', 'Philippines', 'Pakistan', 'Poland', 'Saint Pierre and Miquelon', 'Pitcairn Islands', 'Puerto Rico', 'Palestine', 'Portugal', 'Palau', 'Paraguay', 'Qatar', 'Réunion', 'Romania', 'Serbia', 'Russia', 'Rwanda', 'Saudi Arabia', 'Solomon Islands', 'Seychelles', 'Sudan', 'Sweden', 'Singapore', 'Saint Helena', 'Slovenia', 'Svalbard and Jan Mayen', 'Slovakia', 'Sierra Leone', 'San Marino', 'Senegal', 'Somalia', 'Suriname', 'South Sudan', 'São Tomé and Príncipe', 'El Salvador', 'Sint Maarten', 'Syria', 'Eswatini', 'Turks and Caicos Islands', 'Chad', 'French Southern Territories', 'Togo', 'Thailand', 'Tajikistan', 'Tokelau', 'Timor-Leste', 'Turkmenistan', 'Tunisia', 'Tonga', 'Türkiye', 'Trinidad and Tobago', 'Tuvalu', 'Taiwan', 'Tanzania', 'Ukraine', 'Uganda', 'U.S. Outlying Islands', 'United States', 'Uruguay', 'Uzbekistan', 'Vatican City', 'St Vincent and Grenadines', 'Venezuela', 'British Virgin Islands', 'U.S. Virgin Islands', 'Vietnam', 'Vanuatu', 'Wallis and Futuna', 'Samoa', 'Kosovo', 'Yemen', 'Mayotte', 'South Africa', 'Zambia', 'Zimbabwe']
2025-01-30 18:31:06,370 - __main__ - INFO - Response time for the request: 0.09 seconds
2025-01-30 18:31:06,370 - __main__ - INFO - ----------------------------------------------------------------------------------------------------
2025-01-30 18:33:00,184 - __main__ - INFO - Received request: {'latitude': 13.092958, 'longitude': 80.198554}
2025-01-30 18:33:03,161 - __main__ - INFO - response: <Response 213 bytes [200 OK]>
2025-01-30 18:33:03,162 - __main__ - INFO - Response time for the request: 2.98 seconds
2025-01-30 18:33:03,162 - __main__ - INFO - ----------------------------------------------------------------------------------------------------
2025-01-30 18:53:54,967 - __main__ - INFO - Received request: {'latitude': 13.092958, 'longitude': 80.198554}
2025-01-30 18:53:55,137 - __main__ - INFO - Received request: {'latitude': 13.092958, 'longitude': 80.198554}
2025-01-30 18:54:01,038 - __main__ - INFO - response: <Response 213 bytes [200 OK]>
2025-01-30 18:54:01,039 - __main__ - INFO - Response time for the request: 5.90 seconds
2025-01-30 18:54:01,040 - __main__ - INFO - ----------------------------------------------------------------------------------------------------
2025-01-30 18:54:01,641 - __main__ - INFO - response: <Response 213 bytes [200 OK]>
2025-01-30 18:54:01,641 - __main__ - INFO - Response time for the request: 6.68 seconds
2025-01-30 18:54:01,641 - __main__ - INFO - ----------------------------------------------------------------------------------------------------
2025-01-30 18:54:10,484 - __main__ - INFO - Received request: {'latitude': 13.092958, 'longitude': 80.198554}
2025-01-30 18:54:10,689 - __main__ - INFO - Received request: {'latitude': 13.092958, 'longitude': 80.198554}
2025-01-30 18:54:22,192 - __main__ - INFO - response: <Response 213 bytes [200 OK]>
2025-01-30 18:54:22,193 - __main__ - INFO - Response time for the request: 11.71 seconds
2025-01-30 18:54:22,194 - __main__ - INFO - ----------------------------------------------------------------------------------------------------
2025-01-30 18:54:23,051 - __main__ - INFO - response: <Response 213 bytes [200 OK]>
2025-01-30 18:54:23,052 - __main__ - INFO - Response time for the request: 12.36 seconds
2025-01-30 18:54:23,052 - __main__ - INFO - ----------------------------------------------------------------------------------------------------
2025-01-30 18:54:25,023 - __main__ - INFO - Received request: {'latitude': 13.092958, 'longitude': 80.198554}
2025-01-30 18:54:36,710 - __main__ - INFO - response: <Response 213 bytes [200 OK]>
2025-01-30 18:54:36,710 - __main__ - INFO - Response time for the request: 11.69 seconds
2025-01-30 18:54:36,710 - __main__ - INFO - ----------------------------------------------------------------------------------------------------
2025-01-30 19:03:15,578 - __main__ - INFO - Request came to fetch all states from United Kingdom.
2025-01-30 19:03:15,829 - __main__ - INFO - response: ['England', 'Northern Ireland', 'Scotland', 'Wales']
2025-01-30 19:03:15,830 - __main__ - INFO - Response time for the request: 0.25 seconds
2025-01-30 19:03:15,830 - __main__ - INFO - ----------------------------------------------------------------------------------------------------
2025-01-30 19:13:23,598 - __main__ - INFO - Received request: {'latitude': 13.092958, 'longitude': 80.198554}
2025-01-30 19:13:26,339 - __main__ - INFO - response: <Response 213 bytes [200 OK]>
2025-01-30 19:13:26,340 - __main__ - INFO - Response time for the request: 2.75 seconds
2025-01-30 19:13:26,382 - __main__ - INFO - ----------------------------------------------------------------------------------------------------
2025-01-30 19:14:20,374 - __main__ - INFO - Received request: {'latitude': 13.092958, 'longitude': 80.198554}
2025-01-30 19:14:31,618 - __main__ - INFO - response: <Response 213 bytes [200 OK]>
2025-01-30 19:14:31,627 - __main__ - INFO - Response time for the request: 11.25 seconds
2025-01-30 19:14:31,628 - __main__ - INFO - ----------------------------------------------------------------------------------------------------
2025-01-30 19:16:16,538 - __main__ - INFO - Received request: {'latitude': 13.092958, 'longitude': 80.198554}
2025-01-30 19:16:16,827 - __main__ - INFO - Received request: {'latitude': 13.092958, 'longitude': 80.198554}
2025-01-30 19:16:30,064 - __main__ - INFO - response: <Response 213 bytes [200 OK]>
2025-01-30 19:16:30,064 - __main__ - INFO - Response time for the request: 13.24 seconds
2025-01-30 19:16:30,065 - __main__ - INFO - ----------------------------------------------------------------------------------------------------
2025-01-30 19:16:30,513 - __main__ - INFO - response: <Response 213 bytes [200 OK]>
2025-01-30 19:16:30,514 - __main__ - INFO - Response time for the request: 13.98 seconds
2025-01-30 19:16:30,514 - __main__ - INFO - ----------------------------------------------------------------------------------------------------
2025-01-30 19:16:47,789 - __main__ - INFO - Received request: {'latitude': 13.092958, 'longitude': 80.198554}
2025-01-30 19:16:59,877 - __main__ - INFO - response: <Response 213 bytes [200 OK]>
2025-01-30 19:17:00,007 - __main__ - INFO - Response time for the request: 12.22 seconds
2025-01-30 19:17:00,110 - __main__ - INFO - ----------------------------------------------------------------------------------------------------
2025-01-30 19:32:22,740 - __main__ - INFO - Received request: {'latitude': 13.092958, 'longitude': 80.198554}
2025-01-30 19:32:23,021 - __main__ - INFO - Received request: {'latitude': 13.092958, 'longitude': 80.198554}
2025-01-30 19:32:25,563 - __main__ - INFO - response: <Response 213 bytes [200 OK]>
2025-01-30 19:32:25,563 - __main__ - INFO - Response time for the request: 2.83 seconds
2025-01-30 19:32:25,564 - __main__ - INFO - ----------------------------------------------------------------------------------------------------
2025-01-30 19:32:25,637 - __main__ - INFO - response: <Response 213 bytes [200 OK]>
2025-01-30 19:32:25,640 - __main__ - INFO - Response time for the request: 2.62 seconds
2025-01-30 19:32:25,640 - __main__ - INFO - ----------------------------------------------------------------------------------------------------
